2026-04-12 02:23:01,721 [Worker-4: Loading available Gradle versions] INFO  o.e.b.c.i.u.g.PublishedGradleVersions - Gradle version information cache is not available. Remote download required.
2026-04-12 02:24:14,121 [Worker-19: Importing Maven projects] INFO  o.e.m.c.i.e.AbstractTransferListenerAdapter - Downloading https://repo.maven.apache.org/maven2/org/springframework/boot/spring-boot-starter-parent/4.0.5/spring-boot-starter-parent-4.0.5.pom
2026-04-12 02:24:14,144 [Worker-19: Importing Maven projects] INFO  o.e.m.c.i.e.AbstractTransferListenerAdapter - Downloaded https://repo.maven.apache.org/maven2/org/springframework/boot/spring-boot-starter-parent/4.0.5/spring-boot-starter-parent-4.0.5.pom
2026-04-12 02:24:14,217 [Worker-19: Importing Maven projects] INFO  o.e.m.c.i.e.AbstractTransferListenerAdapter - Downloading https://repo.maven.apache.org/maven2/org/springframework/boot/spring-boot-dependencies/4.0.5/spring-boot-dependencies-4.0.5.pom
2026-04-12 02:24:14,233 [Worker-19: Importing Maven projects] INFO  o.e.m.c.i.e.AbstractTransferListenerAdapter - Downloaded https://repo.maven.apache.org/maven2/org/springframework/boot/spring-boot-dependencies/4.0.5/spring-boot-dependencies-4.0.5.pom
2026-04-12 02:24:14,427 [Worker-19: Importing Maven projects] INFO  o.e.m.c.i.e.AbstractTransferListenerAdapter - Downloading https://repo.maven.apache.org/maven2/io/zipkin/reporter2/zipkin-reporter-bom/3.5.3/zipkin-reporter-bom-3.5.3.pom
2026-04-12 02:24:14,432 [Worker-19: Importing Maven projects] INFO  o.e.m.c.i.e.AbstractTransferListenerAdapter - Downloaded https://repo.maven.apache.org/maven2/io/zipkin/reporter2/zipkin-reporter-bom/3.5.3/zipkin-reporter-bom-3.5.3.pom
2026-04-12 02:24:14,472 [Worker-19: Importing Maven projects] INFO  o.e.m.c.i.e.AbstractTransferListenerAdapter - Downloading https://repo.maven.apache.org/maven2/io/zipkin/brave/brave-bom/6.3.1/brave-bom-6.3.1.pom
2026-04-12 02:24:14,476 [Worker-19: Importing Maven projects] INFO  o.e.m.c.i.e.AbstractTransferListenerAdapter - Downloaded https://repo.maven.apache.org/maven2/io/zipkin/brave/brave-bom/6.3.1/brave-bom-6.3.1.pom
2026-04-12 02:24:14,659 [Worker-19: Importing Maven projects] INFO  o.e.m.c.i.e.AbstractTransferListenerAdapter - Downloading https://repo.maven.apache.org/maven2/com/fasterxml/jackson/jackson-bom/2.21.2/jackson-bom-2.21.2.pom
2026-04-12 02:24:14,681 [Worker-19: Importing Maven projects] INFO  o.e.m.c.i.e.AbstractTransferListenerAdapter - Downloaded https://repo.maven.apache.org/maven2/com/fasterxml/jackson/jackson-bom/2.21.2/jackson-bom-2.21.2.pom
2026-04-12 02:24:14,797 [Worker-19: Importing Maven projects] INFO  o.e.m.c.i.e.AbstractTransferListenerAdapter - Downloading https://repo.maven.apache.org/maven2/org/jooq/jooq-bom/3.19.31/jooq-bom-3.19.31.pom
2026-04-12 02:24:14,801 [Worker-19: Importing Maven projects] INFO  o.e.m.c.i.e.AbstractTransferListenerAdapter - Downloaded https://repo.maven.apache.org/maven2/org/jooq/jooq-bom/3.19.31/jooq-bom-3.19.31.pom
2026-04-12 02:24:14,870 [Worker-19: Importing Maven projects] INFO  o.e.m.c.i.e.AbstractTransferListenerAdapter - Downloading https://repo.maven.apache.org/maven2/io/netty/netty-bom/4.2.12.Final/netty-bom-4.2.12.Final.pom
2026-04-12 02:24:14,875 [Worker-19: Importing Maven projects] INFO  o.e.m.c.i.e.AbstractTransferListenerAdapter - Downloaded https://repo.maven.apache.org/maven2/io/netty/netty-bom/4.2.12.Final/netty-bom-4.2.12.Final.pom
2026-04-12 02:24:15,851 [Worker-19: Importing Maven projects] INFO  o.e.m.c.i.e.AbstractTransferListenerAdapter - Downloading https://repo.maven.apache.org/maven2/org/springframework/boot/spring-boot-maven-plugin/4.0.5/spring-boot-maven-plugin-4.0.5.pom
2026-04-12 02:24:15,855 [Worker-19: Importing Maven projects] INFO  o.e.m.c.i.e.AbstractTransferListenerAdapter - Downloaded https://repo.maven.apache.org/maven2/org/springframework/boot/spring-boot-maven-plugin/4.0.5/spring-boot-maven-plugin-4.0.5.pom
2026-04-12 02:24:15,912 [Worker-19: Importing Maven projects] INFO  o.e.m.c.i.e.AbstractTransferListenerAdapter - Downloading https://repo.maven.apache.org/maven2/org/springframework/boot/spring-boot-maven-plugin/4.0.5/spring-boot-maven-plugin-4.0.5.jar
2026-04-12 02:24:15,964 [Worker-19: Importing Maven projects] INFO  o.e.m.c.i.e.AbstractTransferListenerAdapter - Downloaded https://repo.maven.apache.org/maven2/org/springframework/boot/spring-boot-maven-plugin/4.0.5/spring-boot-maven-plugin-4.0.5.jar
2026-04-12 02:24:16,533 [Worker-19: Importing Maven projects] INFO  o.e.m.c.i.l.LifecycleMappingFactory - Using org.eclipse.m2e.jdt.JarLifecycleMapping lifecycle mapping for MavenProject: com.example:districtservice:0.0.1-SNAPSHOT @ C:\Users\hp\Desktop\CMP404 Urban Flow Project\districtservice\pom.xml.
2026-04-12 02:24:16,583 [Worker-19: Importing Maven projects] INFO  o.e.m.c.i.e.AbstractTransferListenerAdapter - Downloading https://repo.maven.apache.org/maven2/org/springframework/boot/spring-boot-starter-data-jpa/4.0.5/spring-boot-starter-data-jpa-4.0.5.pom
2026-04-12 02:24:16,600 [Worker-19: Importing Maven projects] INFO  o.e.m.c.i.e.AbstractTransferListenerAdapter - Downloaded https://repo.maven.apache.org/maven2/org/springframework/boot/spring-boot-starter-data-jpa/4.0.5/spring-boot-starter-data-jpa-4.0.5.pom
2026-04-12 02:24:16,660 [Worker-19: Importing Maven projects] INFO  o.e.m.c.i.e.AbstractTransferListenerAdapter - Downloading https://repo.maven.apache.org/maven2/org/springframework/boot/spring-boot-starter/4.0.5/spring-boot-starter-4.0.5.pom
2026-04-12 02:24:16,664 [Worker-19: Importing Maven projects] INFO  o.e.m.c.i.e.AbstractTransferListenerAdapter - Downloaded https://repo.maven.apache.org/maven2/org/springframework/boot/spring-boot-starter/4.0.5/spring-boot-starter-4.0.5.pom
2026-04-12 02:24:16,725 [Worker-19: Importing Maven projects] INFO  o.e.m.c.i.e.AbstractTransferListenerAdapter - Downloading https://repo.maven.apache.org/maven2/org/springframework/boot/spring-boot-starter-logging/4.0.5/spring-boot-starter-logging-4.0.5.pom
2026-04-12 02:24:16,741 [Worker-19: Importing Maven projects] INFO  o.e.m.c.i.e.AbstractTransferListenerAdapter - Downloaded https://repo.maven.apache.org/maven2/org/springframework/boot/spring-boot-starter-logging/4.0.5/spring-boot-starter-logging-4.0.5.pom
2026-04-12 02:24:17,026 [Worker-19: Importing Maven projects] INFO  o.e.m.c.i.e.AbstractTransferListenerAdapter - Downloading https://repo.maven.apache.org/maven2/org/springframework/boot/spring-boot-autoconfigure/4.0.5/spring-boot-autoconfigure-4.0.5.pom
2026-04-12 02:24:17,030 [Worker-19: Importing Maven projects] INFO  o.e.m.c.i.e.AbstractTransferListenerAdapter - Downloaded https://repo.maven.apache.org/maven2/org/springframework/boot/spring-boot-autoconfigure/4.0.5/spring-boot-autoconfigure-4.0.5.pom
2026-04-12 02:24:17,066 [Worker-19: Importing Maven projects] INFO  o.e.m.c.i.e.AbstractTransferListenerAdapter - Downloading https://repo.maven.apache.org/maven2/org/springframework/boot/spring-boot/4.0.5/spring-boot-4.0.5.pom
2026-04-12 02:24:17,071 [Worker-19: Importing Maven projects] INFO  o.e.m.c.i.e.AbstractTransferListenerAdapter - Downloaded https://repo.maven.apache.org/maven2/org/springframework/boot/spring-boot/4.0.5/spring-boot-4.0.5.pom
2026-04-12 02:24:17,154 [Worker-19: Importing Maven projects] INFO  o.e.m.c.i.e.AbstractTransferListenerAdapter - Downloading https://repo.maven.apache.org/maven2/org/springframework/boot/spring-boot-starter-jdbc/4.0.5/spring-boot-starter-jdbc-4.0.5.pom
2026-04-12 02:24:17,158 [Worker-19: Importing Maven projects] INFO  o.e.m.c.i.e.AbstractTransferListenerAdapter - Downloaded https://repo.maven.apache.org/maven2/org/springframework/boot/spring-boot-starter-jdbc/4.0.5/spring-boot-starter-jdbc-4.0.5.pom
2026-04-12 02:24:17,204 [Worker-19: Importing Maven projects] INFO  o.e.m.c.i.e.AbstractTransferListenerAdapter - Downloading https://repo.maven.apache.org/maven2/org/springframework/boot/spring-boot-jdbc/4.0.5/spring-boot-jdbc-4.0.5.pom
2026-04-12 02:24:17,220 [Worker-19: Importing Maven projects] INFO  o.e.m.c.i.e.AbstractTransferListenerAdapter - Downloaded https://repo.maven.apache.org/maven2/org/springframework/boot/spring-boot-jdbc/4.0.5/spring-boot-jdbc-4.0.5.pom
2026-04-12 02:24:17,268 [Worker-19: Importing Maven projects] INFO  o.e.m.c.i.e.AbstractTransferListenerAdapter - Downloading https://repo.maven.apache.org/maven2/org/springframework/boot/spring-boot-sql/4.0.5/spring-boot-sql-4.0.5.pom
2026-04-12 02:24:17,275 [Worker-19: Importing Maven projects] INFO  o.e.m.c.i.e.AbstractTransferListenerAdapter - Downloaded https://repo.maven.apache.org/maven2/org/springframework/boot/spring-boot-sql/4.0.5/spring-boot-sql-4.0.5.pom
2026-04-12 02:24:17,312 [Worker-19: Importing Maven projects] INFO  o.e.m.c.i.e.AbstractTransferListenerAdapter - Downloading https://repo.maven.apache.org/maven2/org/springframework/boot/spring-boot-transaction/4.0.5/spring-boot-transaction-4.0.5.pom
2026-04-12 02:24:17,317 [Worker-19: Importing Maven projects] INFO  o.e.m.c.i.e.AbstractTransferListenerAdapter - Downloaded https://repo.maven.apache.org/maven2/org/springframework/boot/spring-boot-transaction/4.0.5/spring-boot-transaction-4.0.5.pom
2026-04-12 02:24:17,353 [Worker-19: Importing Maven projects] INFO  o.e.m.c.i.e.AbstractTransferListenerAdapter - Downloading https://repo.maven.apache.org/maven2/org/springframework/boot/spring-boot-persistence/4.0.5/spring-boot-persistence-4.0.5.pom
2026-04-12 02:24:17,358 [Worker-19: Importing Maven projects] INFO  o.e.m.c.i.e.AbstractTransferListenerAdapter - Downloaded https://repo.maven.apache.org/maven2/org/springframework/boot/spring-boot-persistence/4.0.5/spring-boot-persistence-4.0.5.pom
2026-04-12 02:24:17,408 [Worker-19: Importing Maven projects] INFO  o.e.m.c.i.e.AbstractTransferListenerAdapter - Downloading https://repo.maven.apache.org/maven2/org/springframework/boot/spring-boot-data-jpa/4.0.5/spring-boot-data-jpa-4.0.5.pom
2026-04-12 02:24:17,412 [Worker-19: Importing Maven projects] INFO  o.e.m.c.i.e.AbstractTransferListenerAdapter - Downloaded https://repo.maven.apache.org/maven2/org/springframework/boot/spring-boot-data-jpa/4.0.5/spring-boot-data-jpa-4.0.5.pom
2026-04-12 02:24:17,455 [Worker-19: Importing Maven projects] INFO  o.e.m.c.i.e.AbstractTransferListenerAdapter - Downloading https://repo.maven.apache.org/maven2/org/springframework/boot/spring-boot-data-commons/4.0.5/spring-boot-data-commons-4.0.5.pom
2026-04-12 02:24:17,460 [Worker-19: Importing Maven projects] INFO  o.e.m.c.i.e.AbstractTransferListenerAdapter - Downloaded https://repo.maven.apache.org/maven2/org/springframework/boot/spring-boot-data-commons/4.0.5/spring-boot-data-commons-4.0.5.pom
2026-04-12 02:24:17,532 [Worker-19: Importing Maven projects] INFO  o.e.m.c.i.e.AbstractTransferListenerAdapter - Downloading https://repo.maven.apache.org/maven2/org/springframework/boot/spring-boot-hibernate/4.0.5/spring-boot-hibernate-4.0.5.pom
2026-04-12 02:24:17,536 [Worker-19: Importing Maven projects] INFO  o.e.m.c.i.e.AbstractTransferListenerAdapter - Downloaded https://repo.maven.apache.org/maven2/org/springframework/boot/spring-boot-hibernate/4.0.5/spring-boot-hibernate-4.0.5.pom
2026-04-12 02:24:17,572 [Worker-19: Importing Maven projects] INFO  o.e.m.c.i.e.AbstractTransferListenerAdapter - Downloading https://repo.maven.apache.org/maven2/org/springframework/boot/spring-boot-jpa/4.0.5/spring-boot-jpa-4.0.5.pom
2026-04-12 02:24:17,577 [Worker-19: Importing Maven projects] INFO  o.e.m.c.i.e.AbstractTransferListenerAdapter - Downloaded https://repo.maven.apache.org/maven2/org/springframework/boot/spring-boot-jpa/4.0.5/spring-boot-jpa-4.0.5.pom
2026-04-12 02:24:17,731 [Worker-19: Importing Maven projects] INFO  o.e.m.c.i.e.AbstractTransferListenerAdapter - Downloading https://repo.maven.apache.org/maven2/org/springframework/boot/spring-boot-starter-webmvc/4.0.5/spring-boot-starter-webmvc-4.0.5.pom
2026-04-12 02:24:17,735 [Worker-19: Importing Maven projects] INFO  o.e.m.c.i.e.AbstractTransferListenerAdapter - Downloaded https://repo.maven.apache.org/maven2/org/springframework/boot/spring-boot-starter-webmvc/4.0.5/spring-boot-starter-webmvc-4.0.5.pom
2026-04-12 02:24:17,773 [Worker-19: Importing Maven projects] INFO  o.e.m.c.i.e.AbstractTransferListenerAdapter - Downloading https://repo.maven.apache.org/maven2/org/springframework/boot/spring-boot-starter-jackson/4.0.5/spring-boot-starter-jackson-4.0.5.pom
2026-04-12 02:24:17,776 [Worker-19: Importing Maven projects] INFO  o.e.m.c.i.e.AbstractTransferListenerAdapter - Downloaded https://repo.maven.apache.org/maven2/org/springframework/boot/spring-boot-starter-jackson/4.0.5/spring-boot-starter-jackson-4.0.5.pom
2026-04-12 02:24:17,823 [Worker-19: Importing Maven projects] INFO  o.e.m.c.i.e.AbstractTransferListenerAdapter - Downloading https://repo.maven.apache.org/maven2/org/springframework/boot/spring-boot-jackson/4.0.5/spring-boot-jackson-4.0.5.pom
2026-04-12 02:24:17,826 [Worker-19: Importing Maven projects] INFO  o.e.m.c.i.e.AbstractTransferListenerAdapter - Downloaded https://repo.maven.apache.org/maven2/org/springframework/boot/spring-boot-jackson/4.0.5/spring-boot-jackson-4.0.5.pom
2026-04-12 02:24:17,902 [Worker-19: Importing Maven projects] INFO  o.e.m.c.i.e.AbstractTransferListenerAdapter - Downloading https://repo.maven.apache.org/maven2/org/springframework/boot/spring-boot-starter-tomcat/4.0.5/spring-boot-starter-tomcat-4.0.5.pom
2026-04-12 02:24:17,907 [Worker-19: Importing Maven projects] INFO  o.e.m.c.i.e.AbstractTransferListenerAdapter - Downloaded https://repo.maven.apache.org/maven2/org/springframework/boot/spring-boot-starter-tomcat/4.0.5/spring-boot-starter-tomcat-4.0.5.pom
2026-04-12 02:24:17,945 [Worker-19: Importing Maven projects] INFO  o.e.m.c.i.e.AbstractTransferListenerAdapter - Downloading https://repo.maven.apache.org/maven2/org/springframework/boot/spring-boot-starter-tomcat-runtime/4.0.5/spring-boot-starter-tomcat-runtime-4.0.5.pom
2026-04-12 02:24:17,950 [Worker-19: Importing Maven projects] INFO  o.e.m.c.i.e.AbstractTransferListenerAdapter - Downloaded https://repo.maven.apache.org/maven2/org/springframework/boot/spring-boot-starter-tomcat-runtime/4.0.5/spring-boot-starter-tomcat-runtime-4.0.5.pom
2026-04-12 02:24:17,995 [Worker-19: Importing Maven projects] INFO  o.e.m.c.i.e.AbstractTransferListenerAdapter - Downloading https://repo.maven.apache.org/maven2/org/springframework/boot/spring-boot-tomcat/4.0.5/spring-boot-tomcat-4.0.5.pom
2026-04-12 02:24:18,005 [Worker-19: Importing Maven projects] INFO  o.e.m.c.i.e.AbstractTransferListenerAdapter - Downloaded https://repo.maven.apache.org/maven2/org/springframework/boot/spring-boot-tomcat/4.0.5/spring-boot-tomcat-4.0.5.pom
2026-04-12 02:24:18,071 [Worker-19: Importing Maven projects] INFO  o.e.m.c.i.e.AbstractTransferListenerAdapter - Downloading https://repo.maven.apache.org/maven2/org/springframework/boot/spring-boot-web-server/4.0.5/spring-boot-web-server-4.0.5.pom
2026-04-12 02:24:18,076 [Worker-19: Importing Maven projects] INFO  o.e.m.c.i.e.AbstractTransferListenerAdapter - Downloaded https://repo.maven.apache.org/maven2/org/springframework/boot/spring-boot-web-server/4.0.5/spring-boot-web-server-4.0.5.pom
2026-04-12 02:24:18,116 [Worker-19: Importing Maven projects] INFO  o.e.m.c.i.e.AbstractTransferListenerAdapter - Downloading https://repo.maven.apache.org/maven2/org/apache/tomcat/embed/tomcat-embed-core/11.0.20/tomcat-embed-core-11.0.20.pom
2026-04-12 02:24:18,122 [Worker-19: Importing Maven projects] INFO  o.e.m.c.i.e.AbstractTransferListenerAdapter - Downloaded https://repo.maven.apache.org/maven2/org/apache/tomcat/embed/tomcat-embed-core/11.0.20/tomcat-embed-core-11.0.20.pom
2026-04-12 02:24:18,170 [Worker-19: Importing Maven projects] INFO  o.e.m.c.i.e.AbstractTransferListenerAdapter - Downloading https://repo.maven.apache.org/maven2/org/apache/tomcat/embed/tomcat-embed-el/11.0.20/tomcat-embed-el-11.0.20.pom
2026-04-12 02:24:18,174 [Worker-19: Importing Maven projects] INFO  o.e.m.c.i.e.AbstractTransferListenerAdapter - Downloaded https://repo.maven.apache.org/maven2/org/apache/tomcat/embed/tomcat-embed-el/11.0.20/tomcat-embed-el-11.0.20.pom
2026-04-12 02:24:18,224 [Worker-19: Importing Maven projects] INFO  o.e.m.c.i.e.AbstractTransferListenerAdapter - Downloading https://repo.maven.apache.org/maven2/org/apache/tomcat/embed/tomcat-embed-websocket/11.0.20/tomcat-embed-websocket-11.0.20.pom
2026-04-12 02:24:18,228 [Worker-19: Importing Maven projects] INFO  o.e.m.c.i.e.AbstractTransferListenerAdapter - Downloaded https://repo.maven.apache.org/maven2/org/apache/tomcat/embed/tomcat-embed-websocket/11.0.20/tomcat-embed-websocket-11.0.20.pom
2026-04-12 02:24:18,308 [Worker-19: Importing Maven projects] INFO  o.e.m.c.i.e.AbstractTransferListenerAdapter - Downloading https://repo.maven.apache.org/maven2/org/springframework/boot/spring-boot-http-converter/4.0.5/spring-boot-http-converter-4.0.5.pom
2026-04-12 02:24:18,313 [Worker-19: Importing Maven projects] INFO  o.e.m.c.i.e.AbstractTransferListenerAdapter - Downloaded https://repo.maven.apache.org/maven2/org/springframework/boot/spring-boot-http-converter/4.0.5/spring-boot-http-converter-4.0.5.pom
2026-04-12 02:24:18,351 [Worker-19: Importing Maven projects] INFO  o.e.m.c.i.e.AbstractTransferListenerAdapter - Downloading https://repo.maven.apache.org/maven2/org/springframework/boot/spring-boot-webmvc/4.0.5/spring-boot-webmvc-4.0.5.pom
2026-04-12 02:24:18,355 [Worker-19: Importing Maven projects] INFO  o.e.m.c.i.e.AbstractTransferListenerAdapter - Downloaded https://repo.maven.apache.org/maven2/org/springframework/boot/spring-boot-webmvc/4.0.5/spring-boot-webmvc-4.0.5.pom
2026-04-12 02:24:18,394 [Worker-19: Importing Maven projects] INFO  o.e.m.c.i.e.AbstractTransferListenerAdapter - Downloading https://repo.maven.apache.org/maven2/org/springframework/boot/spring-boot-servlet/4.0.5/spring-boot-servlet-4.0.5.pom
2026-04-12 02:24:18,398 [Worker-19: Importing Maven projects] INFO  o.e.m.c.i.e.AbstractTransferListenerAdapter - Downloaded https://repo.maven.apache.org/maven2/org/springframework/boot/spring-boot-servlet/4.0.5/spring-boot-servlet-4.0.5.pom
2026-04-12 02:24:18,436 [Worker-19: Importing Maven projects] INFO  o.e.m.c.i.e.AbstractTransferListenerAdapter - Downloading https://repo.maven.apache.org/maven2/org/springframework/boot/spring-boot-starter-data-jpa-test/4.0.5/spring-boot-starter-data-jpa-test-4.0.5.pom
2026-04-12 02:24:18,439 [Worker-19: Importing Maven projects] INFO  o.e.m.c.i.e.AbstractTransferListenerAdapter - Downloaded https://repo.maven.apache.org/maven2/org/springframework/boot/spring-boot-starter-data-jpa-test/4.0.5/spring-boot-starter-data-jpa-test-4.0.5.pom
2026-04-12 02:24:18,477 [Worker-19: Importing Maven projects] INFO  o.e.m.c.i.e.AbstractTransferListenerAdapter - Downloading https://repo.maven.apache.org/maven2/org/springframework/boot/spring-boot-starter-test/4.0.5/spring-boot-starter-test-4.0.5.pom
2026-04-12 02:24:18,481 [Worker-19: Importing Maven projects] INFO  o.e.m.c.i.e.AbstractTransferListenerAdapter - Downloaded https://repo.maven.apache.org/maven2/org/springframework/boot/spring-boot-starter-test/4.0.5/spring-boot-starter-test-4.0.5.pom
2026-04-12 02:24:18,542 [Worker-19: Importing Maven projects] INFO  o.e.m.c.i.e.AbstractTransferListenerAdapter - Downloading https://repo.maven.apache.org/maven2/org/springframework/boot/spring-boot-test/4.0.5/spring-boot-test-4.0.5.pom
2026-04-12 02:24:18,549 [Worker-19: Importing Maven projects] INFO  o.e.m.c.i.e.AbstractTransferListenerAdapter - Downloaded https://repo.maven.apache.org/maven2/org/springframework/boot/spring-boot-test/4.0.5/spring-boot-test-4.0.5.pom
2026-04-12 02:24:18,592 [Worker-19: Importing Maven projects] INFO  o.e.m.c.i.e.AbstractTransferListenerAdapter - Downloading https://repo.maven.apache.org/maven2/org/springframework/boot/spring-boot-test-autoconfigure/4.0.5/spring-boot-test-autoconfigure-4.0.5.pom
2026-04-12 02:24:18,597 [Worker-19: Importing Maven projects] INFO  o.e.m.c.i.e.AbstractTransferListenerAdapter - Downloaded https://repo.maven.apache.org/maven2/org/springframework/boot/spring-boot-test-autoconfigure/4.0.5/spring-boot-test-autoconfigure-4.0.5.pom
2026-04-12 02:24:18,704 [Worker-19: Importing Maven projects] INFO  o.e.m.c.i.e.AbstractTransferListenerAdapter - Downloading https://repo.maven.apache.org/maven2/org/springframework/boot/spring-boot-starter-jdbc-test/4.0.5/spring-boot-starter-jdbc-test-4.0.5.pom
2026-04-12 02:24:18,709 [Worker-19: Importing Maven projects] INFO  o.e.m.c.i.e.AbstractTransferListenerAdapter - Downloaded https://repo.maven.apache.org/maven2/org/springframework/boot/spring-boot-starter-jdbc-test/4.0.5/spring-boot-starter-jdbc-test-4.0.5.pom
2026-04-12 02:24:18,761 [Worker-19: Importing Maven projects] INFO  o.e.m.c.i.e.AbstractTransferListenerAdapter - Downloading https://repo.maven.apache.org/maven2/org/springframework/boot/spring-boot-jdbc-test/4.0.5/spring-boot-jdbc-test-4.0.5.pom
2026-04-12 02:24:18,766 [Worker-19: Importing Maven projects] INFO  o.e.m.c.i.e.AbstractTransferListenerAdapter - Downloaded https://repo.maven.apache.org/maven2/org/springframework/boot/spring-boot-jdbc-test/4.0.5/spring-boot-jdbc-test-4.0.5.pom
2026-04-12 02:24:18,809 [Worker-19: Importing Maven projects] INFO  o.e.m.c.i.e.AbstractTransferListenerAdapter - Downloading https://repo.maven.apache.org/maven2/org/springframework/boot/spring-boot-data-jpa-test/4.0.5/spring-boot-data-jpa-test-4.0.5.pom
2026-04-12 02:24:18,815 [Worker-19: Importing Maven projects] INFO  o.e.m.c.i.e.AbstractTransferListenerAdapter - Downloaded https://repo.maven.apache.org/maven2/org/springframework/boot/spring-boot-data-jpa-test/4.0.5/spring-boot-data-jpa-test-4.0.5.pom
2026-04-12 02:24:18,867 [Worker-19: Importing Maven projects] INFO  o.e.m.c.i.e.AbstractTransferListenerAdapter - Downloading https://repo.maven.apache.org/maven2/org/springframework/boot/spring-boot-jpa-test/4.0.5/spring-boot-jpa-test-4.0.5.pom
2026-04-12 02:24:18,871 [Worker-19: Importing Maven projects] INFO  o.e.m.c.i.e.AbstractTransferListenerAdapter - Downloaded https://repo.maven.apache.org/maven2/org/springframework/boot/spring-boot-jpa-test/4.0.5/spring-boot-jpa-test-4.0.5.pom
2026-04-12 02:24:18,912 [Worker-19: Importing Maven projects] INFO  o.e.m.c.i.e.AbstractTransferListenerAdapter - Downloading https://repo.maven.apache.org/maven2/org/springframework/boot/spring-boot-starter-webmvc-test/4.0.5/spring-boot-starter-webmvc-test-4.0.5.pom
2026-04-12 02:24:18,927 [Worker-19: Importing Maven projects] INFO  o.e.m.c.i.e.AbstractTransferListenerAdapter - Downloaded https://repo.maven.apache.org/maven2/org/springframework/boot/spring-boot-starter-webmvc-test/4.0.5/spring-boot-starter-webmvc-test-4.0.5.pom
2026-04-12 02:24:18,982 [Worker-19: Importing Maven projects] INFO  o.e.m.c.i.e.AbstractTransferListenerAdapter - Downloading https://repo.maven.apache.org/maven2/org/springframework/boot/spring-boot-starter-jackson-test/4.0.5/spring-boot-starter-jackson-test-4.0.5.pom
2026-04-12 02:24:18,987 [Worker-19: Importing Maven projects] INFO  o.e.m.c.i.e.AbstractTransferListenerAdapter - Downloaded https://repo.maven.apache.org/maven2/org/springframework/boot/spring-boot-starter-jackson-test/4.0.5/spring-boot-starter-jackson-test-4.0.5.pom
2026-04-12 02:24:19,029 [Worker-19: Importing Maven projects] INFO  o.e.m.c.i.e.AbstractTransferListenerAdapter - Downloading https://repo.maven.apache.org/maven2/org/springframework/boot/spring-boot-webmvc-test/4.0.5/spring-boot-webmvc-test-4.0.5.pom
2026-04-12 02:24:19,034 [Worker-19: Importing Maven projects] INFO  o.e.m.c.i.e.AbstractTransferListenerAdapter - Downloaded https://repo.maven.apache.org/maven2/org/springframework/boot/spring-boot-webmvc-test/4.0.5/spring-boot-webmvc-test-4.0.5.pom
2026-04-12 02:24:19,075 [Worker-19: Importing Maven projects] INFO  o.e.m.c.i.e.AbstractTransferListenerAdapter - Downloading https://repo.maven.apache.org/maven2/org/springframework/boot/spring-boot-resttestclient/4.0.5/spring-boot-resttestclient-4.0.5.pom
2026-04-12 02:24:19,082 [Worker-19: Importing Maven projects] INFO  o.e.m.c.i.e.AbstractTransferListenerAdapter - Downloaded https://repo.maven.apache.org/maven2/org/springframework/boot/spring-boot-resttestclient/4.0.5/spring-boot-resttestclient-4.0.5.pom
2026-04-12 02:24:19,196 [BasicRepositoryConnector-repo.maven.apache.org-0-4] INFO  o.e.m.c.i.e.AbstractTransferListenerAdapter - Downloading https://repo.maven.apache.org/maven2/org/springframework/boot/spring-boot-starter-jdbc/4.0.5/spring-boot-starter-jdbc-4.0.5.jar
2026-04-12 02:24:19,200 [BasicRepositoryConnector-repo.maven.apache.org-0-4] INFO  o.e.m.c.i.e.AbstractTransferListenerAdapter - Downloaded https://repo.maven.apache.org/maven2/org/springframework/boot/spring-boot-starter-jdbc/4.0.5/spring-boot-starter-jdbc-4.0.5.jar
2026-04-12 02:24:19,239 [BasicRepositoryConnector-repo.maven.apache.org-0-4] INFO  o.e.m.c.i.e.AbstractTransferListenerAdapter - Downloading https://repo.maven.apache.org/maven2/org/springframework/boot/spring-boot-data-jpa/4.0.5/spring-boot-data-jpa-4.0.5.jar
2026-04-12 02:24:19,242 [BasicRepositoryConnector-repo.maven.apache.org-0-4] INFO  o.e.m.c.i.e.AbstractTransferListenerAdapter - Downloaded https://repo.maven.apache.org/maven2/org/springframework/boot/spring-boot-data-jpa/4.0.5/spring-boot-data-jpa-4.0.5.jar
2026-04-12 02:24:19,258 [BasicRepositoryConnector-repo.maven.apache.org-0-3] INFO  o.e.m.c.i.e.AbstractTransferListenerAdapter - Downloading https://repo.maven.apache.org/maven2/org/springframework/boot/spring-boot-autoconfigure/4.0.5/spring-boot-autoconfigure-4.0.5.jar
2026-04-12 02:24:19,269 [BasicRepositoryConnector-repo.maven.apache.org-0-0] INFO  o.e.m.c.i.e.AbstractTransferListenerAdapter - Downloading https://repo.maven.apache.org/maven2/org/springframework/boot/spring-boot-starter-data-jpa/4.0.5/spring-boot-starter-data-jpa-4.0.5.jar
2026-04-12 02:24:19,273 [BasicRepositoryConnector-repo.maven.apache.org-0-0] INFO  o.e.m.c.i.e.AbstractTransferListenerAdapter - Downloaded https://repo.maven.apache.org/maven2/org/springframework/boot/spring-boot-starter-data-jpa/4.0.5/spring-boot-starter-data-jpa-4.0.5.jar
2026-04-12 02:24:19,279 [BasicRepositoryConnector-repo.maven.apache.org-0-1] INFO  o.e.m.c.i.e.AbstractTransferListenerAdapter - Downloading https://repo.maven.apache.org/maven2/org/springframework/boot/spring-boot-starter/4.0.5/spring-boot-starter-4.0.5.jar
2026-04-12 02:24:19,279 [BasicRepositoryConnector-repo.maven.apache.org-0-2] INFO  o.e.m.c.i.e.AbstractTransferListenerAdapter - Downloading https://repo.maven.apache.org/maven2/org/springframework/boot/spring-boot-starter-logging/4.0.5/spring-boot-starter-logging-4.0.5.jar
2026-04-12 02:24:19,282 [BasicRepositoryConnector-repo.maven.apache.org-0-4] INFO  o.e.m.c.i.e.AbstractTransferListenerAdapter - Downloading https://repo.maven.apache.org/maven2/org/springframework/boot/spring-boot-data-commons/4.0.5/spring-boot-data-commons-4.0.5.jar
2026-04-12 02:24:19,283 [BasicRepositoryConnector-repo.maven.apache.org-0-2] INFO  o.e.m.c.i.e.AbstractTransferListenerAdapter - Downloaded https://repo.maven.apache.org/maven2/org/springframework/boot/spring-boot-starter-logging/4.0.5/spring-boot-starter-logging-4.0.5.jar
2026-04-12 02:24:19,283 [BasicRepositoryConnector-repo.maven.apache.org-0-1] INFO  o.e.m.c.i.e.AbstractTransferListenerAdapter - Downloaded https://repo.maven.apache.org/maven2/org/springframework/boot/spring-boot-starter/4.0.5/spring-boot-starter-4.0.5.jar
2026-04-12 02:24:19,286 [BasicRepositoryConnector-repo.maven.apache.org-0-4] INFO  o.e.m.c.i.e.AbstractTransferListenerAdapter - Downloaded https://repo.maven.apache.org/maven2/org/springframework/boot/spring-boot-data-commons/4.0.5/spring-boot-data-commons-4.0.5.jar
2026-04-12 02:24:19,326 [BasicRepositoryConnector-repo.maven.apache.org-0-0] INFO  o.e.m.c.i.e.AbstractTransferListenerAdapter - Downloading https://repo.maven.apache.org/maven2/org/springframework/boot/spring-boot-persistence/4.0.5/spring-boot-persistence-4.0.5.jar
2026-04-12 02:24:19,331 [BasicRepositoryConnector-repo.maven.apache.org-0-0] INFO  o.e.m.c.i.e.AbstractTransferListenerAdapter - Downloaded https://repo.maven.apache.org/maven2/org/springframework/boot/spring-boot-persistence/4.0.5/spring-boot-persistence-4.0.5.jar
2026-04-12 02:24:19,333 [BasicRepositoryConnector-repo.maven.apache.org-0-2] INFO  o.e.m.c.i.e.AbstractTransferListenerAdapter - Downloading https://repo.maven.apache.org/maven2/org/springframework/boot/spring-boot-hibernate/4.0.5/spring-boot-hibernate-4.0.5.jar
2026-04-12 02:24:19,333 [BasicRepositoryConnector-repo.maven.apache.org-0-1] INFO  o.e.m.c.i.e.AbstractTransferListenerAdapter - Downloading https://repo.maven.apache.org/maven2/org/springframework/boot/spring-boot-jpa/4.0.5/spring-boot-jpa-4.0.5.jar
2026-04-12 02:24:19,337 [BasicRepositoryConnector-repo.maven.apache.org-0-4] INFO  o.e.m.c.i.e.AbstractTransferListenerAdapter - Downloading https://repo.maven.apache.org/maven2/org/springframework/boot/spring-boot-jdbc/4.0.5/spring-boot-jdbc-4.0.5.jar
2026-04-12 02:24:19,340 [BasicRepositoryConnector-repo.maven.apache.org-0-2] INFO  o.e.m.c.i.e.AbstractTransferListenerAdapter - Downloaded https://repo.maven.apache.org/maven2/org/springframework/boot/spring-boot-hibernate/4.0.5/spring-boot-hibernate-4.0.5.jar
2026-04-12 02:24:19,341 [BasicRepositoryConnector-repo.maven.apache.org-0-1] INFO  o.e.m.c.i.e.AbstractTransferListenerAdapter - Downloaded https://repo.maven.apache.org/maven2/org/springframework/boot/spring-boot-jpa/4.0.5/spring-boot-jpa-4.0.5.jar
2026-04-12 02:24:19,419 [BasicRepositoryConnector-repo.maven.apache.org-0-0] INFO  o.e.m.c.i.e.AbstractTransferListenerAdapter - Downloading https://repo.maven.apache.org/maven2/org/springframework/boot/spring-boot/4.0.5/spring-boot-4.0.5.jar
2026-04-12 02:24:19,426 [BasicRepositoryConnector-repo.maven.apache.org-0-2] INFO  o.e.m.c.i.e.AbstractTransferListenerAdapter - Downloading https://repo.maven.apache.org/maven2/org/springframework/boot/spring-boot-sql/4.0.5/spring-boot-sql-4.0.5.jar
2026-04-12 02:24:19,427 [BasicRepositoryConnector-repo.maven.apache.org-0-1] INFO  o.e.m.c.i.e.AbstractTransferListenerAdapter - Downloading https://repo.maven.apache.org/maven2/org/springframework/boot/spring-boot-transaction/4.0.5/spring-boot-transaction-4.0.5.jar
2026-04-12 02:24:19,450 [BasicRepositoryConnector-repo.maven.apache.org-0-3] INFO  o.e.m.c.i.e.AbstractTransferListenerAdapter - Downloaded https://repo.maven.apache.org/maven2/org/springframework/boot/spring-boot-autoconfigure/4.0.5/spring-boot-autoconfigure-4.0.5.jar
2026-04-12 02:24:19,451 [BasicRepositoryConnector-repo.maven.apache.org-0-1] INFO  o.e.m.c.i.e.AbstractTransferListenerAdapter - Downloaded https://repo.maven.apache.org/maven2/org/springframework/boot/spring-boot-transaction/4.0.5/spring-boot-transaction-4.0.5.jar
2026-04-12 02:24:19,457 [BasicRepositoryConnector-repo.maven.apache.org-0-2] INFO  o.e.m.c.i.e.AbstractTransferListenerAdapter - Downloaded https://repo.maven.apache.org/maven2/org/springframework/boot/spring-boot-sql/4.0.5/spring-boot-sql-4.0.5.jar
2026-04-12 02:24:19,473 [BasicRepositoryConnector-repo.maven.apache.org-0-4] INFO  o.e.m.c.i.e.AbstractTransferListenerAdapter - Downloaded https://repo.maven.apache.org/maven2/org/springframework/boot/spring-boot-jdbc/4.0.5/spring-boot-jdbc-4.0.5.jar
2026-04-12 02:24:19,498 [BasicRepositoryConnector-repo.maven.apache.org-0-1] INFO  o.e.m.c.i.e.AbstractTransferListenerAdapter - Downloading https://repo.maven.apache.org/maven2/org/springframework/boot/spring-boot-starter-jackson/4.0.5/spring-boot-starter-jackson-4.0.5.jar
2026-04-12 02:24:19,498 [BasicRepositoryConnector-repo.maven.apache.org-0-3] INFO  o.e.m.c.i.e.AbstractTransferListenerAdapter - Downloading https://repo.maven.apache.org/maven2/org/springframework/boot/spring-boot-starter-webmvc/4.0.5/spring-boot-starter-webmvc-4.0.5.jar
2026-04-12 02:24:19,502 [BasicRepositoryConnector-repo.maven.apache.org-0-1] INFO  o.e.m.c.i.e.AbstractTransferListenerAdapter - Downloaded https://repo.maven.apache.org/maven2/org/springframework/boot/spring-boot-starter-jackson/4.0.5/spring-boot-starter-jackson-4.0.5.jar
2026-04-12 02:24:19,503 [BasicRepositoryConnector-repo.maven.apache.org-0-3] INFO  o.e.m.c.i.e.AbstractTransferListenerAdapter - Downloaded https://repo.maven.apache.org/maven2/org/springframework/boot/spring-boot-starter-webmvc/4.0.5/spring-boot-starter-webmvc-4.0.5.jar
2026-04-12 02:24:19,515 [BasicRepositoryConnector-repo.maven.apache.org-0-2] INFO  o.e.m.c.i.e.AbstractTransferListenerAdapter - Downloading https://repo.maven.apache.org/maven2/org/springframework/boot/spring-boot-jackson/4.0.5/spring-boot-jackson-4.0.5.jar
2026-04-12 02:24:19,531 [BasicRepositoryConnector-repo.maven.apache.org-0-2] INFO  o.e.m.c.i.e.AbstractTransferListenerAdapter - Downloaded https://repo.maven.apache.org/maven2/org/springframework/boot/spring-boot-jackson/4.0.5/spring-boot-jackson-4.0.5.jar
2026-04-12 02:24:19,545 [BasicRepositoryConnector-repo.maven.apache.org-0-4] INFO  o.e.m.c.i.e.AbstractTransferListenerAdapter - Downloading https://repo.maven.apache.org/maven2/org/springframework/boot/spring-boot-starter-tomcat/4.0.5/spring-boot-starter-tomcat-4.0.5.jar
2026-04-12 02:24:19,570 [BasicRepositoryConnector-repo.maven.apache.org-0-4] INFO  o.e.m.c.i.e.AbstractTransferListenerAdapter - Downloaded https://repo.maven.apache.org/maven2/org/springframework/boot/spring-boot-starter-tomcat/4.0.5/spring-boot-starter-tomcat-4.0.5.jar
2026-04-12 02:24:19,577 [BasicRepositoryConnector-repo.maven.apache.org-0-1] INFO  o.e.m.c.i.e.AbstractTransferListenerAdapter - Downloading https://repo.maven.apache.org/maven2/org/springframework/boot/spring-boot-starter-tomcat-runtime/4.0.5/spring-boot-starter-tomcat-runtime-4.0.5.jar
2026-04-12 02:24:19,577 [BasicRepositoryConnector-repo.maven.apache.org-0-3] INFO  o.e.m.c.i.e.AbstractTransferListenerAdapter - Downloading https://repo.maven.apache.org/maven2/org/apache/tomcat/embed/tomcat-embed-core/11.0.20/tomcat-embed-core-11.0.20.jar
2026-04-12 02:24:19,589 [BasicRepositoryConnector-repo.maven.apache.org-0-1] INFO  o.e.m.c.i.e.AbstractTransferListenerAdapter - Downloaded https://repo.maven.apache.org/maven2/org/springframework/boot/spring-boot-starter-tomcat-runtime/4.0.5/spring-boot-starter-tomcat-runtime-4.0.5.jar
2026-04-12 02:24:19,629 [BasicRepositoryConnector-repo.maven.apache.org-0-2] INFO  o.e.m.c.i.e.AbstractTransferListenerAdapter - Downloading https://repo.maven.apache.org/maven2/org/apache/tomcat/embed/tomcat-embed-el/11.0.20/tomcat-embed-el-11.0.20.jar
2026-04-12 02:24:19,722 [BasicRepositoryConnector-repo.maven.apache.org-0-4] INFO  o.e.m.c.i.e.AbstractTransferListenerAdapter - Downloading https://repo.maven.apache.org/maven2/org/apache/tomcat/embed/tomcat-embed-websocket/11.0.20/tomcat-embed-websocket-11.0.20.jar
2026-04-12 02:24:19,755 [BasicRepositoryConnector-repo.maven.apache.org-0-1] INFO  o.e.m.c.i.e.AbstractTransferListenerAdapter - Downloading https://repo.maven.apache.org/maven2/org/springframework/boot/spring-boot-tomcat/4.0.5/spring-boot-tomcat-4.0.5.jar
2026-04-12 02:24:19,775 [BasicRepositoryConnector-repo.maven.apache.org-0-1] INFO  o.e.m.c.i.e.AbstractTransferListenerAdapter - Downloaded https://repo.maven.apache.org/maven2/org/springframework/boot/spring-boot-tomcat/4.0.5/spring-boot-tomcat-4.0.5.jar
2026-04-12 02:24:19,826 [BasicRepositoryConnector-repo.maven.apache.org-0-2] INFO  o.e.m.c.i.e.AbstractTransferListenerAdapter - Downloaded https://repo.maven.apache.org/maven2/org/apache/tomcat/embed/tomcat-embed-el/11.0.20/tomcat-embed-el-11.0.20.jar
2026-04-12 02:24:19,886 [BasicRepositoryConnector-repo.maven.apache.org-0-1] INFO  o.e.m.c.i.e.AbstractTransferListenerAdapter - Downloading https://repo.maven.apache.org/maven2/org/springframework/boot/spring-boot-http-converter/4.0.5/spring-boot-http-converter-4.0.5.jar
2026-04-12 02:24:19,912 [BasicRepositoryConnector-repo.maven.apache.org-0-1] INFO  o.e.m.c.i.e.AbstractTransferListenerAdapter - Downloaded https://repo.maven.apache.org/maven2/org/springframework/boot/spring-boot-http-converter/4.0.5/spring-boot-http-converter-4.0.5.jar
2026-04-12 02:24:19,946 [BasicRepositoryConnector-repo.maven.apache.org-0-4] INFO  o.e.m.c.i.e.AbstractTransferListenerAdapter - Downloaded https://repo.maven.apache.org/maven2/org/apache/tomcat/embed/tomcat-embed-websocket/11.0.20/tomcat-embed-websocket-11.0.20.jar
2026-04-12 02:24:19,946 [BasicRepositoryConnector-repo.maven.apache.org-0-2] INFO  o.e.m.c.i.e.AbstractTransferListenerAdapter - Downloading https://repo.maven.apache.org/maven2/org/springframework/boot/spring-boot-webmvc/4.0.5/spring-boot-webmvc-4.0.5.jar
2026-04-12 02:24:19,995 [BasicRepositoryConnector-repo.maven.apache.org-0-2] INFO  o.e.m.c.i.e.AbstractTransferListenerAdapter - Downloaded https://repo.maven.apache.org/maven2/org/springframework/boot/spring-boot-webmvc/4.0.5/spring-boot-webmvc-4.0.5.jar
2026-04-12 02:24:20,049 [BasicRepositoryConnector-repo.maven.apache.org-0-1] INFO  o.e.m.c.i.e.AbstractTransferListenerAdapter - Downloading https://repo.maven.apache.org/maven2/org/springframework/boot/spring-boot-servlet/4.0.5/spring-boot-servlet-4.0.5.jar
2026-04-12 02:24:20,052 [BasicRepositoryConnector-repo.maven.apache.org-0-0] INFO  o.e.m.c.i.e.AbstractTransferListenerAdapter - Downloaded https://repo.maven.apache.org/maven2/org/springframework/boot/spring-boot/4.0.5/spring-boot-4.0.5.jar
2026-04-12 02:24:20,054 [BasicRepositoryConnector-repo.maven.apache.org-0-2] INFO  o.e.m.c.i.e.AbstractTransferListenerAdapter - Downloading https://repo.maven.apache.org/maven2/org/springframework/boot/spring-boot-starter-test/4.0.5/spring-boot-starter-test-4.0.5.jar
2026-04-12 02:24:20,054 [BasicRepositoryConnector-repo.maven.apache.org-0-4] INFO  o.e.m.c.i.e.AbstractTransferListenerAdapter - Downloading https://repo.maven.apache.org/maven2/org/springframework/boot/spring-boot-starter-data-jpa-test/4.0.5/spring-boot-starter-data-jpa-test-4.0.5.jar
2026-04-12 02:24:20,065 [BasicRepositoryConnector-repo.maven.apache.org-0-1] INFO  o.e.m.c.i.e.AbstractTransferListenerAdapter - Downloaded https://repo.maven.apache.org/maven2/org/springframework/boot/spring-boot-servlet/4.0.5/spring-boot-servlet-4.0.5.jar
2026-04-12 02:24:20,066 [BasicRepositoryConnector-repo.maven.apache.org-0-2] INFO  o.e.m.c.i.e.AbstractTransferListenerAdapter - Downloaded https://repo.maven.apache.org/maven2/org/springframework/boot/spring-boot-starter-test/4.0.5/spring-boot-starter-test-4.0.5.jar
2026-04-12 02:24:20,068 [BasicRepositoryConnector-repo.maven.apache.org-0-4] INFO  o.e.m.c.i.e.AbstractTransferListenerAdapter - Downloaded https://repo.maven.apache.org/maven2/org/springframework/boot/spring-boot-starter-data-jpa-test/4.0.5/spring-boot-starter-data-jpa-test-4.0.5.jar
2026-04-12 02:24:20,088 [BasicRepositoryConnector-repo.maven.apache.org-0-0] INFO  o.e.m.c.i.e.AbstractTransferListenerAdapter - Downloading https://repo.maven.apache.org/maven2/org/springframework/boot/spring-boot-test/4.0.5/spring-boot-test-4.0.5.jar
2026-04-12 02:24:20,108 [BasicRepositoryConnector-repo.maven.apache.org-0-4] INFO  o.e.m.c.i.e.AbstractTransferListenerAdapter - Downloading https://repo.maven.apache.org/maven2/org/springframework/boot/spring-boot-jdbc-test/4.0.5/spring-boot-jdbc-test-4.0.5.jar
2026-04-12 02:24:20,108 [BasicRepositoryConnector-repo.maven.apache.org-0-1] INFO  o.e.m.c.i.e.AbstractTransferListenerAdapter - Downloading https://repo.maven.apache.org/maven2/org/springframework/boot/spring-boot-test-autoconfigure/4.0.5/spring-boot-test-autoconfigure-4.0.5.jar
2026-04-12 02:24:20,111 [BasicRepositoryConnector-repo.maven.apache.org-0-4] INFO  o.e.m.c.i.e.AbstractTransferListenerAdapter - Downloaded https://repo.maven.apache.org/maven2/org/springframework/boot/spring-boot-jdbc-test/4.0.5/spring-boot-jdbc-test-4.0.5.jar
2026-04-12 02:24:20,147 [BasicRepositoryConnector-repo.maven.apache.org-0-2] INFO  o.e.m.c.i.e.AbstractTransferListenerAdapter - Downloading https://repo.maven.apache.org/maven2/org/springframework/boot/spring-boot-starter-jdbc-test/4.0.5/spring-boot-starter-jdbc-test-4.0.5.jar
2026-04-12 02:24:20,158 [BasicRepositoryConnector-repo.maven.apache.org-0-1] INFO  o.e.m.c.i.e.AbstractTransferListenerAdapter - Downloaded https://repo.maven.apache.org/maven2/org/springframework/boot/spring-boot-test-autoconfigure/4.0.5/spring-boot-test-autoconfigure-4.0.5.jar
2026-04-12 02:24:20,167 [BasicRepositoryConnector-repo.maven.apache.org-0-2] INFO  o.e.m.c.i.e.AbstractTransferListenerAdapter - Downloaded https://repo.maven.apache.org/maven2/org/springframework/boot/spring-boot-starter-jdbc-test/4.0.5/spring-boot-starter-jdbc-test-4.0.5.jar
2026-04-12 02:24:20,168 [BasicRepositoryConnector-repo.maven.apache.org-0-4] INFO  o.e.m.c.i.e.AbstractTransferListenerAdapter - Downloading https://repo.maven.apache.org/maven2/org/springframework/boot/spring-boot-data-jpa-test/4.0.5/spring-boot-data-jpa-test-4.0.5.jar
2026-04-12 02:24:20,182 [BasicRepositoryConnector-repo.maven.apache.org-0-0] INFO  o.e.m.c.i.e.AbstractTransferListenerAdapter - Downloaded https://repo.maven.apache.org/maven2/org/springframework/boot/spring-boot-test/4.0.5/spring-boot-test-4.0.5.jar
2026-04-12 02:24:20,183 [BasicRepositoryConnector-repo.maven.apache.org-0-4] INFO  o.e.m.c.i.e.AbstractTransferListenerAdapter - Downloaded https://repo.maven.apache.org/maven2/org/springframework/boot/spring-boot-data-jpa-test/4.0.5/spring-boot-data-jpa-test-4.0.5.jar
2026-04-12 02:24:20,202 [BasicRepositoryConnector-repo.maven.apache.org-0-1] INFO  o.e.m.c.i.e.AbstractTransferListenerAdapter - Downloading https://repo.maven.apache.org/maven2/org/springframework/boot/spring-boot-jpa-test/4.0.5/spring-boot-jpa-test-4.0.5.jar
2026-04-12 02:24:20,206 [BasicRepositoryConnector-repo.maven.apache.org-0-1] INFO  o.e.m.c.i.e.AbstractTransferListenerAdapter - Downloaded https://repo.maven.apache.org/maven2/org/springframework/boot/spring-boot-jpa-test/4.0.5/spring-boot-jpa-test-4.0.5.jar
2026-04-12 02:24:20,206 [BasicRepositoryConnector-repo.maven.apache.org-0-2] INFO  o.e.m.c.i.e.AbstractTransferListenerAdapter - Downloading https://repo.maven.apache.org/maven2/org/springframework/boot/spring-boot-starter-webmvc-test/4.0.5/spring-boot-starter-webmvc-test-4.0.5.jar
2026-04-12 02:24:20,210 [BasicRepositoryConnector-repo.maven.apache.org-0-2] INFO  o.e.m.c.i.e.AbstractTransferListenerAdapter - Downloaded https://repo.maven.apache.org/maven2/org/springframework/boot/spring-boot-starter-webmvc-test/4.0.5/spring-boot-starter-webmvc-test-4.0.5.jar
2026-04-12 02:24:20,218 [BasicRepositoryConnector-repo.maven.apache.org-0-0] INFO  o.e.m.c.i.e.AbstractTransferListenerAdapter - Downloading https://repo.maven.apache.org/maven2/org/springframework/boot/spring-boot-starter-jackson-test/4.0.5/spring-boot-starter-jackson-test-4.0.5.jar
2026-04-12 02:24:20,222 [BasicRepositoryConnector-repo.maven.apache.org-0-0] INFO  o.e.m.c.i.e.AbstractTransferListenerAdapter - Downloaded https://repo.maven.apache.org/maven2/org/springframework/boot/spring-boot-starter-jackson-test/4.0.5/spring-boot-starter-jackson-test-4.0.5.jar
2026-04-12 02:24:20,225 [BasicRepositoryConnector-repo.maven.apache.org-0-4] INFO  o.e.m.c.i.e.AbstractTransferListenerAdapter - Downloading https://repo.maven.apache.org/maven2/org/springframework/boot/spring-boot-webmvc-test/4.0.5/spring-boot-webmvc-test-4.0.5.jar
2026-04-12 02:24:20,232 [BasicRepositoryConnector-repo.maven.apache.org-0-4] INFO  o.e.m.c.i.e.AbstractTransferListenerAdapter - Downloaded https://repo.maven.apache.org/maven2/org/springframework/boot/spring-boot-webmvc-test/4.0.5/spring-boot-webmvc-test-4.0.5.jar
2026-04-12 02:24:20,247 [BasicRepositoryConnector-repo.maven.apache.org-0-1] INFO  o.e.m.c.i.e.AbstractTransferListenerAdapter - Downloading https://repo.maven.apache.org/maven2/org/springframework/boot/spring-boot-web-server/4.0.5/spring-boot-web-server-4.0.5.jar
2026-04-12 02:24:20,275 [BasicRepositoryConnector-repo.maven.apache.org-0-2] INFO  o.e.m.c.i.e.AbstractTransferListenerAdapter - Downloading https://repo.maven.apache.org/maven2/org/springframework/boot/spring-boot-resttestclient/4.0.5/spring-boot-resttestclient-4.0.5.jar
2026-04-12 02:24:20,282 [BasicRepositoryConnector-repo.maven.apache.org-0-2] INFO  o.e.m.c.i.e.AbstractTransferListenerAdapter - Downloaded https://repo.maven.apache.org/maven2/org/springframework/boot/spring-boot-resttestclient/4.0.5/spring-boot-resttestclient-4.0.5.jar
2026-04-12 02:24:20,321 [BasicRepositoryConnector-repo.maven.apache.org-0-1] INFO  o.e.m.c.i.e.AbstractTransferListenerAdapter - Downloaded https://repo.maven.apache.org/maven2/org/springframework/boot/spring-boot-web-server/4.0.5/spring-boot-web-server-4.0.5.jar
2026-04-12 02:24:21,875 [BasicRepositoryConnector-repo.maven.apache.org-0-3] INFO  o.e.m.c.i.e.AbstractTransferListenerAdapter - Downloaded https://repo.maven.apache.org/maven2/org/apache/tomcat/embed/tomcat-embed-core/11.0.20/tomcat-embed-core-11.0.20.jar
2026-04-12 02:24:22,889 [Worker-19: Importing Maven projects] INFO  o.e.m.j.i.AbstractJavaProjectConfigurator - Adding source folder /districtservice/src/main/java
2026-04-12 02:24:22,891 [Worker-19: Importing Maven projects] INFO  o.e.m.j.i.AbstractJavaProjectConfigurator - Adding resource folder /districtservice/src/main/resources
2026-04-12 02:24:22,895 [Worker-19: Importing Maven projects] INFO  o.e.m.j.i.AbstractJavaProjectConfigurator - Adding resource folder /districtservice/src/main/resources
2026-04-12 02:24:22,899 [Worker-19: Importing Maven projects] INFO  o.e.m.j.i.AbstractJavaProjectConfigurator - Adding source folder /districtservice/src/test/java
2026-04-12 02:24:22,900 [Worker-19: Importing Maven projects] INFO  o.e.m.j.i.AbstractJavaProjectConfigurator - Adding resource folder /districtservice/src/test/resources
2026-04-12 02:24:23,601 [Worker-6: Download sources and javadoc] INFO  o.e.m.c.i.e.AbstractTransferListenerAdapter - Downloading https://repo.maven.apache.org/maven2/org/springframework/boot/spring-boot-starter-data-jpa/4.0.5/spring-boot-starter-data-jpa-4.0.5-sources.jar
2026-04-12 02:24:23,608 [Worker-6: Download sources and javadoc] INFO  o.e.m.c.i.e.AbstractTransferListenerAdapter - Downloaded https://repo.maven.apache.org/maven2/org/springframework/boot/spring-boot-starter-data-jpa/4.0.5/spring-boot-starter-data-jpa-4.0.5-sources.jar
2026-04-12 02:24:23,614 [Worker-6: Download sources and javadoc] INFO  o.e.m.j.internal.DownloadSourcesJob - Downloaded sources for org.springframework.boot:spring-boot-starter-data-jpa:4.0.5
2026-04-12 02:24:23,703 [Worker-6: Download sources and javadoc] INFO  o.e.m.c.i.e.AbstractTransferListenerAdapter - Downloading https://repo.maven.apache.org/maven2/org/springframework/boot/spring-boot-starter/4.0.5/spring-boot-starter-4.0.5-sources.jar
2026-04-12 02:24:23,709 [Worker-6: Download sources and javadoc] INFO  o.e.m.c.i.e.AbstractTransferListenerAdapter - Downloaded https://repo.maven.apache.org/maven2/org/springframework/boot/spring-boot-starter/4.0.5/spring-boot-starter-4.0.5-sources.jar
2026-04-12 02:24:23,713 [Worker-6: Download sources and javadoc] INFO  o.e.m.j.internal.DownloadSourcesJob - Downloaded sources for org.springframework.boot:spring-boot-starter:4.0.5
2026-04-12 02:24:23,800 [Worker-6: Download sources and javadoc] INFO  o.e.m.c.i.e.AbstractTransferListenerAdapter - Downloading https://repo.maven.apache.org/maven2/org/springframework/boot/spring-boot-starter-logging/4.0.5/spring-boot-starter-logging-4.0.5-sources.jar
2026-04-12 02:24:23,806 [Worker-6: Download sources and javadoc] INFO  o.e.m.c.i.e.AbstractTransferListenerAdapter - Downloaded https://repo.maven.apache.org/maven2/org/springframework/boot/spring-boot-starter-logging/4.0.5/spring-boot-starter-logging-4.0.5-sources.jar
2026-04-12 02:24:23,809 [Worker-6: Download sources and javadoc] INFO  o.e.m.j.internal.DownloadSourcesJob - Downloaded sources for org.springframework.boot:spring-boot-starter-logging:4.0.5
2026-04-12 02:24:23,925 [Worker-6: Download sources and javadoc] INFO  o.e.m.c.i.e.AbstractTransferListenerAdapter - Downloading https://repo.maven.apache.org/maven2/org/springframework/boot/spring-boot-autoconfigure/4.0.5/spring-boot-autoconfigure-4.0.5-sources.jar
2026-04-12 02:24:24,009 [Worker-6: Download sources and javadoc] INFO  o.e.m.c.i.e.AbstractTransferListenerAdapter - Downloaded https://repo.maven.apache.org/maven2/org/springframework/boot/spring-boot-autoconfigure/4.0.5/spring-boot-autoconfigure-4.0.5-sources.jar
2026-04-12 02:24:24,013 [Worker-6: Download sources and javadoc] INFO  o.e.m.j.internal.DownloadSourcesJob - Downloaded sources for org.springframework.boot:spring-boot-autoconfigure:4.0.5
2026-04-12 02:24:24,188 [Worker-6: Download sources and javadoc] INFO  o.e.m.c.i.e.AbstractTransferListenerAdapter - Downloading https://repo.maven.apache.org/maven2/org/springframework/boot/spring-boot-starter-jdbc/4.0.5/spring-boot-starter-jdbc-4.0.5-sources.jar
2026-04-12 02:24:24,196 [Worker-6: Download sources and javadoc] INFO  o.e.m.c.i.e.AbstractTransferListenerAdapter - Downloaded https://repo.maven.apache.org/maven2/org/springframework/boot/spring-boot-starter-jdbc/4.0.5/spring-boot-starter-jdbc-4.0.5-sources.jar
2026-04-12 02:24:24,201 [Worker-6: Download sources and javadoc] INFO  o.e.m.j.internal.DownloadSourcesJob - Downloaded sources for org.springframework.boot:spring-boot-starter-jdbc:4.0.5
2026-04-12 02:24:24,332 [Worker-6: Download sources and javadoc] INFO  o.e.m.c.i.e.AbstractTransferListenerAdapter - Downloading https://repo.maven.apache.org/maven2/org/springframework/boot/spring-boot-data-jpa/4.0.5/spring-boot-data-jpa-4.0.5-sources.jar
2026-04-12 02:24:24,339 [Worker-6: Download sources and javadoc] INFO  o.e.m.c.i.e.AbstractTransferListenerAdapter - Downloaded https://repo.maven.apache.org/maven2/org/springframework/boot/spring-boot-data-jpa/4.0.5/spring-boot-data-jpa-4.0.5-sources.jar
2026-04-12 02:24:24,345 [Worker-6: Download sources and javadoc] INFO  o.e.m.j.internal.DownloadSourcesJob - Downloaded sources for org.springframework.boot:spring-boot-data-jpa:4.0.5
2026-04-12 02:24:24,363 [Worker-19: Importing Maven projects] WARN  o.apache.maven.project.MavenProject - Plugin is modifying compileSourceRoots through clear(), which will not work in Maven 4.0.0. Use MavenProject.addCompileSourceRoot()/removeCompileSourceRoot() methods instead. If using a plugin, please upgrade to the latest version or report the issue to the plugin maintainer. To disable these warnings, set -Dmaven.project.sourceRoots.warningsDisabled=true on the command line, in the .mvn/maven.config file, or in project POM properties.
2026-04-12 02:24:24,364 [Worker-19: Importing Maven projects] WARN  o.apache.maven.project.MavenProject - Plugin is modifying compileSourceRoots through add(), which will not work in Maven 4.0.0. Use MavenProject.addCompileSourceRoot()/removeCompileSourceRoot() methods instead. If using a plugin, please upgrade to the latest version or report the issue to the plugin maintainer. To disable these warnings, set -Dmaven.project.sourceRoots.warningsDisabled=true on the command line, in the .mvn/maven.config file, or in project POM properties.
2026-04-12 02:24:24,366 [Worker-19: Importing Maven projects] WARN  o.apache.maven.project.MavenProject - Plugin is modifying testCompileSourceRoots through clear(), which will not work in Maven 4.0.0. Use MavenProject.addTestCompileSourceRoot()/removeTestCompileSourceRoot() methods instead. If using a plugin, please upgrade to the latest version or report the issue to the plugin maintainer. To disable these warnings, set -Dmaven.project.sourceRoots.warningsDisabled=true on the command line, in the .mvn/maven.config file, or in project POM properties.
2026-04-12 02:24:24,368 [Worker-19: Importing Maven projects] WARN  o.apache.maven.project.MavenProject - Plugin is modifying testCompileSourceRoots through add(), which will not work in Maven 4.0.0. Use MavenProject.addTestCompileSourceRoot()/removeTestCompileSourceRoot() methods instead. If using a plugin, please upgrade to the latest version or report the issue to the plugin maintainer. To disable these warnings, set -Dmaven.project.sourceRoots.warningsDisabled=true on the command line, in the .mvn/maven.config file, or in project POM properties.
2026-04-12 02:24:24,426 [Worker-19: Importing Maven projects] INFO  o.e.m.c.i.p.ProjectConfigurationManager - Imported and configured 1 project(s) in 10 sec
2026-04-12 02:24:24,476 [Worker-6: Download sources and javadoc] INFO  o.e.m.c.i.e.AbstractTransferListenerAdapter - Downloading https://repo.maven.apache.org/maven2/org/springframework/boot/spring-boot-data-commons/4.0.5/spring-boot-data-commons-4.0.5-sources.jar
2026-04-12 02:24:24,483 [Worker-6: Download sources and javadoc] INFO  o.e.m.c.i.e.AbstractTransferListenerAdapter - Downloaded https://repo.maven.apache.org/maven2/org/springframework/boot/spring-boot-data-commons/4.0.5/spring-boot-data-commons-4.0.5-sources.jar
2026-04-12 02:24:24,489 [Worker-6: Download sources and javadoc] INFO  o.e.m.j.internal.DownloadSourcesJob - Downloaded sources for org.springframework.boot:spring-boot-data-commons:4.0.5
2026-04-12 02:24:24,590 [Worker-6: Download sources and javadoc] INFO  o.e.m.c.i.e.AbstractTransferListenerAdapter - Downloading https://repo.maven.apache.org/maven2/org/springframework/boot/spring-boot-persistence/4.0.5/spring-boot-persistence-4.0.5-sources.jar
2026-04-12 02:24:24,597 [Worker-6: Download sources and javadoc] INFO  o.e.m.c.i.e.AbstractTransferListenerAdapter - Downloaded https://repo.maven.apache.org/maven2/org/springframework/boot/spring-boot-persistence/4.0.5/spring-boot-persistence-4.0.5-sources.jar
2026-04-12 02:24:24,603 [Worker-6: Download sources and javadoc] INFO  o.e.m.j.internal.DownloadSourcesJob - Downloaded sources for org.springframework.boot:spring-boot-persistence:4.0.5
2026-04-12 02:24:24,740 [Worker-6: Download sources and javadoc] INFO  o.e.m.c.i.e.AbstractTransferListenerAdapter - Downloading https://repo.maven.apache.org/maven2/org/springframework/boot/spring-boot-hibernate/4.0.5/spring-boot-hibernate-4.0.5-sources.jar
2026-04-12 02:24:24,750 [Worker-6: Download sources and javadoc] INFO  o.e.m.c.i.e.AbstractTransferListenerAdapter - Downloaded https://repo.maven.apache.org/maven2/org/springframework/boot/spring-boot-hibernate/4.0.5/spring-boot-hibernate-4.0.5-sources.jar
2026-04-12 02:24:24,755 [Worker-6: Download sources and javadoc] INFO  o.e.m.j.internal.DownloadSourcesJob - Downloaded sources for org.springframework.boot:spring-boot-hibernate:4.0.5
2026-04-12 02:24:24,889 [Worker-6: Download sources and javadoc] INFO  o.e.m.c.i.e.AbstractTransferListenerAdapter - Downloading https://repo.maven.apache.org/maven2/org/springframework/boot/spring-boot-jpa/4.0.5/spring-boot-jpa-4.0.5-sources.jar
2026-04-12 02:24:24,901 [Worker-6: Download sources and javadoc] INFO  o.e.m.c.i.e.AbstractTransferListenerAdapter - Downloaded https://repo.maven.apache.org/maven2/org/springframework/boot/spring-boot-jpa/4.0.5/spring-boot-jpa-4.0.5-sources.jar
2026-04-12 02:24:24,907 [Worker-6: Download sources and javadoc] INFO  o.e.m.j.internal.DownloadSourcesJob - Downloaded sources for org.springframework.boot:spring-boot-jpa:4.0.5
2026-04-12 02:24:25,009 [Worker-6: Download sources and javadoc] INFO  o.e.m.c.i.e.AbstractTransferListenerAdapter - Downloading https://repo.maven.apache.org/maven2/org/springframework/boot/spring-boot-jdbc/4.0.5/spring-boot-jdbc-4.0.5-sources.jar
2026-04-12 02:24:25,093 [Worker-6: Download sources and javadoc] INFO  o.e.m.c.i.e.AbstractTransferListenerAdapter - Downloaded https://repo.maven.apache.org/maven2/org/springframework/boot/spring-boot-jdbc/4.0.5/spring-boot-jdbc-4.0.5-sources.jar
2026-04-12 02:24:25,099 [Worker-6: Download sources and javadoc] INFO  o.e.m.j.internal.DownloadSourcesJob - Downloaded sources for org.springframework.boot:spring-boot-jdbc:4.0.5
2026-04-12 02:24:25,225 [Worker-6: Download sources and javadoc] INFO  o.e.m.c.i.e.AbstractTransferListenerAdapter - Downloading https://repo.maven.apache.org/maven2/org/springframework/boot/spring-boot/4.0.5/spring-boot-4.0.5-sources.jar
2026-04-12 02:24:25,476 [Worker-6: Download sources and javadoc] INFO  o.e.m.c.i.e.AbstractTransferListenerAdapter - Downloaded https://repo.maven.apache.org/maven2/org/springframework/boot/spring-boot/4.0.5/spring-boot-4.0.5-sources.jar
2026-04-12 02:24:25,484 [Worker-6: Download sources and javadoc] INFO  o.e.m.j.internal.DownloadSourcesJob - Downloaded sources for org.springframework.boot:spring-boot:4.0.5
2026-04-12 02:24:25,580 [Worker-6: Download sources and javadoc] INFO  o.e.m.c.i.e.AbstractTransferListenerAdapter - Downloading https://repo.maven.apache.org/maven2/org/springframework/boot/spring-boot-sql/4.0.5/spring-boot-sql-4.0.5-sources.jar
2026-04-12 02:24:25,589 [Worker-6: Download sources and javadoc] INFO  o.e.m.c.i.e.AbstractTransferListenerAdapter - Downloaded https://repo.maven.apache.org/maven2/org/springframework/boot/spring-boot-sql/4.0.5/spring-boot-sql-4.0.5-sources.jar
2026-04-12 02:24:25,594 [Worker-6: Download sources and javadoc] INFO  o.e.m.j.internal.DownloadSourcesJob - Downloaded sources for org.springframework.boot:spring-boot-sql:4.0.5
2026-04-12 02:24:25,708 [Worker-6: Download sources and javadoc] INFO  o.e.m.c.i.e.AbstractTransferListenerAdapter - Downloading https://repo.maven.apache.org/maven2/org/springframework/boot/spring-boot-transaction/4.0.5/spring-boot-transaction-4.0.5-sources.jar
2026-04-12 02:24:25,715 [Worker-6: Download sources and javadoc] INFO  o.e.m.c.i.e.AbstractTransferListenerAdapter - Downloaded https://repo.maven.apache.org/maven2/org/springframework/boot/spring-boot-transaction/4.0.5/spring-boot-transaction-4.0.5-sources.jar
2026-04-12 02:24:25,720 [Worker-6: Download sources and javadoc] INFO  o.e.m.j.internal.DownloadSourcesJob - Downloaded sources for org.springframework.boot:spring-boot-transaction:4.0.5
2026-04-12 02:24:25,832 [Worker-6: Download sources and javadoc] INFO  o.e.m.c.i.e.AbstractTransferListenerAdapter - Downloading https://repo.maven.apache.org/maven2/org/springframework/boot/spring-boot-starter-webmvc/4.0.5/spring-boot-starter-webmvc-4.0.5-sources.jar
2026-04-12 02:24:25,840 [Worker-6: Download sources and javadoc] INFO  o.e.m.c.i.e.AbstractTransferListenerAdapter - Downloaded https://repo.maven.apache.org/maven2/org/springframework/boot/spring-boot-starter-webmvc/4.0.5/spring-boot-starter-webmvc-4.0.5-sources.jar
2026-04-12 02:24:25,844 [Worker-6: Download sources and javadoc] INFO  o.e.m.j.internal.DownloadSourcesJob - Downloaded sources for org.springframework.boot:spring-boot-starter-webmvc:4.0.5
2026-04-12 02:24:25,955 [Worker-6: Download sources and javadoc] INFO  o.e.m.c.i.e.AbstractTransferListenerAdapter - Downloading https://repo.maven.apache.org/maven2/org/springframework/boot/spring-boot-starter-jackson/4.0.5/spring-boot-starter-jackson-4.0.5-sources.jar
2026-04-12 02:24:25,962 [Worker-6: Download sources and javadoc] INFO  o.e.m.c.i.e.AbstractTransferListenerAdapter - Downloaded https://repo.maven.apache.org/maven2/org/springframework/boot/spring-boot-starter-jackson/4.0.5/spring-boot-starter-jackson-4.0.5-sources.jar
2026-04-12 02:24:25,968 [Worker-6: Download sources and javadoc] INFO  o.e.m.j.internal.DownloadSourcesJob - Downloaded sources for org.springframework.boot:spring-boot-starter-jackson:4.0.5
2026-04-12 02:24:26,074 [Worker-6: Download sources and javadoc] INFO  o.e.m.c.i.e.AbstractTransferListenerAdapter - Downloading https://repo.maven.apache.org/maven2/org/springframework/boot/spring-boot-jackson/4.0.5/spring-boot-jackson-4.0.5-sources.jar
2026-04-12 02:24:26,086 [Worker-6: Download sources and javadoc] INFO  o.e.m.c.i.e.AbstractTransferListenerAdapter - Downloaded https://repo.maven.apache.org/maven2/org/springframework/boot/spring-boot-jackson/4.0.5/spring-boot-jackson-4.0.5-sources.jar
2026-04-12 02:24:26,091 [Worker-6: Download sources and javadoc] INFO  o.e.m.j.internal.DownloadSourcesJob - Downloaded sources for org.springframework.boot:spring-boot-jackson:4.0.5
2026-04-12 02:24:26,190 [Worker-6: Download sources and javadoc] INFO  o.e.m.c.i.e.AbstractTransferListenerAdapter - Downloading https://repo.maven.apache.org/maven2/org/springframework/boot/spring-boot-starter-tomcat/4.0.5/spring-boot-starter-tomcat-4.0.5-sources.jar
2026-04-12 02:24:26,197 [Worker-6: Download sources and javadoc] INFO  o.e.m.c.i.e.AbstractTransferListenerAdapter - Downloaded https://repo.maven.apache.org/maven2/org/springframework/boot/spring-boot-starter-tomcat/4.0.5/spring-boot-starter-tomcat-4.0.5-sources.jar
2026-04-12 02:24:26,202 [Worker-6: Download sources and javadoc] INFO  o.e.m.j.internal.DownloadSourcesJob - Downloaded sources for org.springframework.boot:spring-boot-starter-tomcat:4.0.5
2026-04-12 02:24:26,298 [Worker-6: Download sources and javadoc] INFO  o.e.m.c.i.e.AbstractTransferListenerAdapter - Downloading https://repo.maven.apache.org/maven2/org/springframework/boot/spring-boot-starter-tomcat-runtime/4.0.5/spring-boot-starter-tomcat-runtime-4.0.5-sources.jar
2026-04-12 02:24:26,304 [Worker-6: Download sources and javadoc] INFO  o.e.m.c.i.e.AbstractTransferListenerAdapter - Downloaded https://repo.maven.apache.org/maven2/org/springframework/boot/spring-boot-starter-tomcat-runtime/4.0.5/spring-boot-starter-tomcat-runtime-4.0.5-sources.jar
2026-04-12 02:24:26,309 [Worker-6: Download sources and javadoc] INFO  o.e.m.j.internal.DownloadSourcesJob - Downloaded sources for org.springframework.boot:spring-boot-starter-tomcat-runtime:4.0.5
2026-04-12 02:24:26,402 [Worker-6: Download sources and javadoc] INFO  o.e.m.c.i.e.AbstractTransferListenerAdapter - Downloading https://repo.maven.apache.org/maven2/org/apache/tomcat/embed/tomcat-embed-core/11.0.20/tomcat-embed-core-11.0.20-sources.jar
2026-04-12 02:24:26,482 [Worker-14: Building] INFO  o.a.m.s.f.DefaultMavenResourcesFiltering - Copying 1 resource from src\main\resources to target\classes
2026-04-12 02:24:26,524 [Worker-14: Building] INFO  o.a.m.s.f.DefaultMavenResourcesFiltering - Copying 0 resource from src\main\resources to target\classes
2026-04-12 02:24:26,559 [Worker-14: Building] INFO  o.a.m.s.f.DefaultMavenResourcesFiltering - skip non existing resourceDirectory C:\Users\hp\Desktop\CMP404 Urban Flow Project\districtservice\src\test\resources
2026-04-12 02:24:27,175 [Worker-14: Building] WARN  o.apache.maven.project.MavenProject - Plugin is modifying compileSourceRoots through clear(), which will not work in Maven 4.0.0. Use MavenProject.addCompileSourceRoot()/removeCompileSourceRoot() methods instead. If using a plugin, please upgrade to the latest version or report the issue to the plugin maintainer. To disable these warnings, set -Dmaven.project.sourceRoots.warningsDisabled=true on the command line, in the .mvn/maven.config file, or in project POM properties.
2026-04-12 02:24:27,177 [Worker-14: Building] WARN  o.apache.maven.project.MavenProject - Plugin is modifying compileSourceRoots through add(), which will not work in Maven 4.0.0. Use MavenProject.addCompileSourceRoot()/removeCompileSourceRoot() methods instead. If using a plugin, please upgrade to the latest version or report the issue to the plugin maintainer. To disable these warnings, set -Dmaven.project.sourceRoots.warningsDisabled=true on the command line, in the .mvn/maven.config file, or in project POM properties.
2026-04-12 02:24:27,178 [Worker-14: Building] WARN  o.apache.maven.project.MavenProject - Plugin is modifying testCompileSourceRoots through clear(), which will not work in Maven 4.0.0. Use MavenProject.addTestCompileSourceRoot()/removeTestCompileSourceRoot() methods instead. If using a plugin, please upgrade to the latest version or report the issue to the plugin maintainer. To disable these warnings, set -Dmaven.project.sourceRoots.warningsDisabled=true on the command line, in the .mvn/maven.config file, or in project POM properties.
2026-04-12 02:24:27,180 [Worker-14: Building] WARN  o.apache.maven.project.MavenProject - Plugin is modifying testCompileSourceRoots through add(), which will not work in Maven 4.0.0. Use MavenProject.addTestCompileSourceRoot()/removeTestCompileSourceRoot() methods instead. If using a plugin, please upgrade to the latest version or report the issue to the plugin maintainer. To disable these warnings, set -Dmaven.project.sourceRoots.warningsDisabled=true on the command line, in the .mvn/maven.config file, or in project POM properties.
2026-04-12 02:24:27,417 [Worker-6: Download sources and javadoc] INFO  o.e.m.c.i.e.AbstractTransferListenerAdapter - Downloaded https://repo.maven.apache.org/maven2/org/apache/tomcat/embed/tomcat-embed-core/11.0.20/tomcat-embed-core-11.0.20-sources.jar
2026-04-12 02:24:27,426 [Worker-6: Download sources and javadoc] INFO  o.e.m.j.internal.DownloadSourcesJob - Downloaded sources for org.apache.tomcat.embed:tomcat-embed-core:11.0.20
2026-04-12 02:24:27,567 [Worker-6: Download sources and javadoc] INFO  o.e.m.c.i.e.AbstractTransferListenerAdapter - Downloading https://repo.maven.apache.org/maven2/org/apache/tomcat/embed/tomcat-embed-el/11.0.20/tomcat-embed-el-11.0.20-sources.jar
2026-04-12 02:24:27,649 [Worker-6: Download sources and javadoc] INFO  o.e.m.c.i.e.AbstractTransferListenerAdapter - Downloaded https://repo.maven.apache.org/maven2/org/apache/tomcat/embed/tomcat-embed-el/11.0.20/tomcat-embed-el-11.0.20-sources.jar
2026-04-12 02:24:27,654 [Worker-6: Download sources and javadoc] INFO  o.e.m.j.internal.DownloadSourcesJob - Downloaded sources for org.apache.tomcat.embed:tomcat-embed-el:11.0.20
2026-04-12 02:24:27,773 [Worker-6: Download sources and javadoc] INFO  o.e.m.c.i.e.AbstractTransferListenerAdapter - Downloading https://repo.maven.apache.org/maven2/org/apache/tomcat/embed/tomcat-embed-websocket/11.0.20/tomcat-embed-websocket-11.0.20-sources.jar
2026-04-12 02:24:27,900 [Worker-6: Download sources and javadoc] INFO  o.e.m.c.i.e.AbstractTransferListenerAdapter - Downloaded https://repo.maven.apache.org/maven2/org/apache/tomcat/embed/tomcat-embed-websocket/11.0.20/tomcat-embed-websocket-11.0.20-sources.jar
2026-04-12 02:24:27,906 [Worker-6: Download sources and javadoc] INFO  o.e.m.j.internal.DownloadSourcesJob - Downloaded sources for org.apache.tomcat.embed:tomcat-embed-websocket:11.0.20
2026-04-12 02:24:28,027 [Worker-6: Download sources and javadoc] INFO  o.e.m.c.i.e.AbstractTransferListenerAdapter - Downloading https://repo.maven.apache.org/maven2/org/springframework/boot/spring-boot-tomcat/4.0.5/spring-boot-tomcat-4.0.5-sources.jar
2026-04-12 02:24:28,104 [Worker-6: Download sources and javadoc] INFO  o.e.m.c.i.e.AbstractTransferListenerAdapter - Downloaded https://repo.maven.apache.org/maven2/org/springframework/boot/spring-boot-tomcat/4.0.5/spring-boot-tomcat-4.0.5-sources.jar
2026-04-12 02:24:28,111 [Worker-6: Download sources and javadoc] INFO  o.e.m.j.internal.DownloadSourcesJob - Downloaded sources for org.springframework.boot:spring-boot-tomcat:4.0.5
2026-04-12 02:24:28,241 [Worker-6: Download sources and javadoc] INFO  o.e.m.c.i.e.AbstractTransferListenerAdapter - Downloading https://repo.maven.apache.org/maven2/org/springframework/boot/spring-boot-http-converter/4.0.5/spring-boot-http-converter-4.0.5-sources.jar
2026-04-12 02:24:28,253 [Worker-6: Download sources and javadoc] INFO  o.e.m.c.i.e.AbstractTransferListenerAdapter - Downloaded https://repo.maven.apache.org/maven2/org/springframework/boot/spring-boot-http-converter/4.0.5/spring-boot-http-converter-4.0.5-sources.jar
2026-04-12 02:24:28,259 [Worker-6: Download sources and javadoc] INFO  o.e.m.j.internal.DownloadSourcesJob - Downloaded sources for org.springframework.boot:spring-boot-http-converter:4.0.5
2026-04-12 02:24:28,388 [Worker-6: Download sources and javadoc] INFO  o.e.m.c.i.e.AbstractTransferListenerAdapter - Downloading https://repo.maven.apache.org/maven2/org/springframework/boot/spring-boot-webmvc/4.0.5/spring-boot-webmvc-4.0.5-sources.jar
2026-04-12 02:24:28,421 [Worker-6: Download sources and javadoc] INFO  o.e.m.c.i.e.AbstractTransferListenerAdapter - Downloaded https://repo.maven.apache.org/maven2/org/springframework/boot/spring-boot-webmvc/4.0.5/spring-boot-webmvc-4.0.5-sources.jar
2026-04-12 02:24:28,427 [Worker-6: Download sources and javadoc] INFO  o.e.m.j.internal.DownloadSourcesJob - Downloaded sources for org.springframework.boot:spring-boot-webmvc:4.0.5
2026-04-12 02:24:28,560 [Worker-6: Download sources and javadoc] INFO  o.e.m.c.i.e.AbstractTransferListenerAdapter - Downloading https://repo.maven.apache.org/maven2/org/springframework/boot/spring-boot-servlet/4.0.5/spring-boot-servlet-4.0.5-sources.jar
2026-04-12 02:24:28,569 [Worker-6: Download sources and javadoc] INFO  o.e.m.c.i.e.AbstractTransferListenerAdapter - Downloaded https://repo.maven.apache.org/maven2/org/springframework/boot/spring-boot-servlet/4.0.5/spring-boot-servlet-4.0.5-sources.jar
2026-04-12 02:24:28,574 [Worker-6: Download sources and javadoc] INFO  o.e.m.j.internal.DownloadSourcesJob - Downloaded sources for org.springframework.boot:spring-boot-servlet:4.0.5
2026-04-12 02:24:28,719 [Worker-6: Download sources and javadoc] INFO  o.e.m.c.i.e.AbstractTransferListenerAdapter - Downloading https://repo.maven.apache.org/maven2/org/springframework/boot/spring-boot-starter-data-jpa-test/4.0.5/spring-boot-starter-data-jpa-test-4.0.5-sources.jar
2026-04-12 02:24:28,728 [Worker-6: Download sources and javadoc] INFO  o.e.m.c.i.e.AbstractTransferListenerAdapter - Downloaded https://repo.maven.apache.org/maven2/org/springframework/boot/spring-boot-starter-data-jpa-test/4.0.5/spring-boot-starter-data-jpa-test-4.0.5-sources.jar
2026-04-12 02:24:28,733 [Worker-6: Download sources and javadoc] INFO  o.e.m.j.internal.DownloadSourcesJob - Downloaded sources for org.springframework.boot:spring-boot-starter-data-jpa-test:4.0.5
2026-04-12 02:24:28,837 [Worker-6: Download sources and javadoc] INFO  o.e.m.c.i.e.AbstractTransferListenerAdapter - Downloading https://repo.maven.apache.org/maven2/org/springframework/boot/spring-boot-starter-test/4.0.5/spring-boot-starter-test-4.0.5-sources.jar
2026-04-12 02:24:28,844 [Worker-6: Download sources and javadoc] INFO  o.e.m.c.i.e.AbstractTransferListenerAdapter - Downloaded https://repo.maven.apache.org/maven2/org/springframework/boot/spring-boot-starter-test/4.0.5/spring-boot-starter-test-4.0.5-sources.jar
2026-04-12 02:24:28,849 [Worker-6: Download sources and javadoc] INFO  o.e.m.j.internal.DownloadSourcesJob - Downloaded sources for org.springframework.boot:spring-boot-starter-test:4.0.5
2026-04-12 02:24:28,979 [Worker-6: Download sources and javadoc] INFO  o.e.m.c.i.e.AbstractTransferListenerAdapter - Downloading https://repo.maven.apache.org/maven2/org/springframework/boot/spring-boot-test/4.0.5/spring-boot-test-4.0.5-sources.jar
2026-04-12 02:24:29,041 [Worker-6: Download sources and javadoc] INFO  o.e.m.c.i.e.AbstractTransferListenerAdapter - Downloaded https://repo.maven.apache.org/maven2/org/springframework/boot/spring-boot-test/4.0.5/spring-boot-test-4.0.5-sources.jar
2026-04-12 02:24:29,045 [Worker-6: Download sources and javadoc] INFO  o.e.m.j.internal.DownloadSourcesJob - Downloaded sources for org.springframework.boot:spring-boot-test:4.0.5
2026-04-12 02:24:29,160 [Worker-6: Download sources and javadoc] INFO  o.e.m.c.i.e.AbstractTransferListenerAdapter - Downloading https://repo.maven.apache.org/maven2/org/springframework/boot/spring-boot-test-autoconfigure/4.0.5/spring-boot-test-autoconfigure-4.0.5-sources.jar
2026-04-12 02:24:29,169 [Worker-6: Download sources and javadoc] INFO  o.e.m.c.i.e.AbstractTransferListenerAdapter - Downloaded https://repo.maven.apache.org/maven2/org/springframework/boot/spring-boot-test-autoconfigure/4.0.5/spring-boot-test-autoconfigure-4.0.5-sources.jar
2026-04-12 02:24:29,173 [Worker-6: Download sources and javadoc] INFO  o.e.m.j.internal.DownloadSourcesJob - Downloaded sources for org.springframework.boot:spring-boot-test-autoconfigure:4.0.5
2026-04-12 02:24:29,344 [Worker-6: Download sources and javadoc] INFO  o.e.m.c.i.e.AbstractTransferListenerAdapter - Downloading https://repo.maven.apache.org/maven2/org/springframework/boot/spring-boot-starter-jdbc-test/4.0.5/spring-boot-starter-jdbc-test-4.0.5-sources.jar
2026-04-12 02:24:29,351 [Worker-6: Download sources and javadoc] INFO  o.e.m.c.i.e.AbstractTransferListenerAdapter - Downloaded https://repo.maven.apache.org/maven2/org/springframework/boot/spring-boot-starter-jdbc-test/4.0.5/spring-boot-starter-jdbc-test-4.0.5-sources.jar
2026-04-12 02:24:29,358 [Worker-6: Download sources and javadoc] INFO  o.e.m.j.internal.DownloadSourcesJob - Downloaded sources for org.springframework.boot:spring-boot-starter-jdbc-test:4.0.5
2026-04-12 02:24:29,470 [Worker-6: Download sources and javadoc] INFO  o.e.m.c.i.e.AbstractTransferListenerAdapter - Downloading https://repo.maven.apache.org/maven2/org/springframework/boot/spring-boot-jdbc-test/4.0.5/spring-boot-jdbc-test-4.0.5-sources.jar
2026-04-12 02:24:29,477 [Worker-6: Download sources and javadoc] INFO  o.e.m.c.i.e.AbstractTransferListenerAdapter - Downloaded https://repo.maven.apache.org/maven2/org/springframework/boot/spring-boot-jdbc-test/4.0.5/spring-boot-jdbc-test-4.0.5-sources.jar
2026-04-12 02:24:29,482 [Worker-6: Download sources and javadoc] INFO  o.e.m.j.internal.DownloadSourcesJob - Downloaded sources for org.springframework.boot:spring-boot-jdbc-test:4.0.5
2026-04-12 02:24:29,629 [Worker-6: Download sources and javadoc] INFO  o.e.m.c.i.e.AbstractTransferListenerAdapter - Downloading https://repo.maven.apache.org/maven2/org/springframework/boot/spring-boot-data-jpa-test/4.0.5/spring-boot-data-jpa-test-4.0.5-sources.jar
2026-04-12 02:24:29,637 [Worker-6: Download sources and javadoc] INFO  o.e.m.c.i.e.AbstractTransferListenerAdapter - Downloaded https://repo.maven.apache.org/maven2/org/springframework/boot/spring-boot-data-jpa-test/4.0.5/spring-boot-data-jpa-test-4.0.5-sources.jar
2026-04-12 02:24:29,644 [Worker-6: Download sources and javadoc] INFO  o.e.m.j.internal.DownloadSourcesJob - Downloaded sources for org.springframework.boot:spring-boot-data-jpa-test:4.0.5
2026-04-12 02:24:29,784 [Worker-6: Download sources and javadoc] INFO  o.e.m.c.i.e.AbstractTransferListenerAdapter - Downloading https://repo.maven.apache.org/maven2/org/springframework/boot/spring-boot-jpa-test/4.0.5/spring-boot-jpa-test-4.0.5-sources.jar
2026-04-12 02:24:29,789 [Worker-6: Download sources and javadoc] INFO  o.e.m.c.i.e.AbstractTransferListenerAdapter - Downloaded https://repo.maven.apache.org/maven2/org/springframework/boot/spring-boot-jpa-test/4.0.5/spring-boot-jpa-test-4.0.5-sources.jar
2026-04-12 02:24:29,792 [Worker-6: Download sources and javadoc] INFO  o.e.m.j.internal.DownloadSourcesJob - Downloaded sources for org.springframework.boot:spring-boot-jpa-test:4.0.5
2026-04-12 02:24:29,922 [Worker-6: Download sources and javadoc] INFO  o.e.m.c.i.e.AbstractTransferListenerAdapter - Downloading https://repo.maven.apache.org/maven2/org/springframework/boot/spring-boot-starter-webmvc-test/4.0.5/spring-boot-starter-webmvc-test-4.0.5-sources.jar
2026-04-12 02:24:29,926 [Worker-6: Download sources and javadoc] INFO  o.e.m.c.i.e.AbstractTransferListenerAdapter - Downloaded https://repo.maven.apache.org/maven2/org/springframework/boot/spring-boot-starter-webmvc-test/4.0.5/spring-boot-starter-webmvc-test-4.0.5-sources.jar
2026-04-12 02:24:29,929 [Worker-6: Download sources and javadoc] INFO  o.e.m.j.internal.DownloadSourcesJob - Downloaded sources for org.springframework.boot:spring-boot-starter-webmvc-test:4.0.5
2026-04-12 02:24:30,043 [Worker-6: Download sources and javadoc] INFO  o.e.m.c.i.e.AbstractTransferListenerAdapter - Downloading https://repo.maven.apache.org/maven2/org/springframework/boot/spring-boot-starter-jackson-test/4.0.5/spring-boot-starter-jackson-test-4.0.5-sources.jar
2026-04-12 02:24:30,047 [Worker-6: Download sources and javadoc] INFO  o.e.m.c.i.e.AbstractTransferListenerAdapter - Downloaded https://repo.maven.apache.org/maven2/org/springframework/boot/spring-boot-starter-jackson-test/4.0.5/spring-boot-starter-jackson-test-4.0.5-sources.jar
2026-04-12 02:24:30,051 [Worker-6: Download sources and javadoc] INFO  o.e.m.j.internal.DownloadSourcesJob - Downloaded sources for org.springframework.boot:spring-boot-starter-jackson-test:4.0.5
2026-04-12 02:24:30,168 [Worker-6: Download sources and javadoc] INFO  o.e.m.c.i.e.AbstractTransferListenerAdapter - Downloading https://repo.maven.apache.org/maven2/org/springframework/boot/spring-boot-webmvc-test/4.0.5/spring-boot-webmvc-test-4.0.5-sources.jar
2026-04-12 02:24:30,174 [Worker-6: Download sources and javadoc] INFO  o.e.m.c.i.e.AbstractTransferListenerAdapter - Downloaded https://repo.maven.apache.org/maven2/org/springframework/boot/spring-boot-webmvc-test/4.0.5/spring-boot-webmvc-test-4.0.5-sources.jar
2026-04-12 02:24:30,177 [Worker-6: Download sources and javadoc] INFO  o.e.m.j.internal.DownloadSourcesJob - Downloaded sources for org.springframework.boot:spring-boot-webmvc-test:4.0.5
2026-04-12 02:24:30,277 [Worker-6: Download sources and javadoc] INFO  o.e.m.c.i.e.AbstractTransferListenerAdapter - Downloading https://repo.maven.apache.org/maven2/org/springframework/boot/spring-boot-web-server/4.0.5/spring-boot-web-server-4.0.5-sources.jar
2026-04-12 02:24:30,351 [Worker-6: Download sources and javadoc] INFO  o.e.m.c.i.e.AbstractTransferListenerAdapter - Downloaded https://repo.maven.apache.org/maven2/org/springframework/boot/spring-boot-web-server/4.0.5/spring-boot-web-server-4.0.5-sources.jar
2026-04-12 02:24:30,353 [Worker-6: Download sources and javadoc] INFO  o.e.m.j.internal.DownloadSourcesJob - Downloaded sources for org.springframework.boot:spring-boot-web-server:4.0.5
2026-04-12 02:24:30,444 [Worker-6: Download sources and javadoc] INFO  o.e.m.c.i.e.AbstractTransferListenerAdapter - Downloading https://repo.maven.apache.org/maven2/org/springframework/boot/spring-boot-resttestclient/4.0.5/spring-boot-resttestclient-4.0.5-sources.jar
2026-04-12 02:24:30,448 [Worker-6: Download sources and javadoc] INFO  o.e.m.c.i.e.AbstractTransferListenerAdapter - Downloaded https://repo.maven.apache.org/maven2/org/springframework/boot/spring-boot-resttestclient/4.0.5/spring-boot-resttestclient-4.0.5-sources.jar
2026-04-12 02:24:30,450 [Worker-6: Download sources and javadoc] INFO  o.e.m.j.internal.DownloadSourcesJob - Downloaded sources for org.springframework.boot:spring-boot-resttestclient:4.0.5
2026-04-12 02:33:05,716 [Worker-23: Building] INFO  o.a.m.s.f.DefaultMavenResourcesFiltering - Copying 1 resource from src\main\resources to target\classes
2026-04-12 02:33:05,776 [Worker-23: Building] INFO  o.a.m.s.f.DefaultMavenResourcesFiltering - Copying 0 resource from src\main\resources to target\classes
2026-04-12 02:33:05,790 [Worker-23: Building] INFO  o.a.m.s.f.DefaultMavenResourcesFiltering - skip non existing resourceDirectory C:\Users\hp\Desktop\CMP404 Urban Flow Project\districtservice\src\test\resources
2026-04-12 02:33:05,795 [Worker-23: Building] WARN  o.apache.maven.project.MavenProject - Plugin is modifying compileSourceRoots through clear(), which will not work in Maven 4.0.0. Use MavenProject.addCompileSourceRoot()/removeCompileSourceRoot() methods instead. If using a plugin, please upgrade to the latest version or report the issue to the plugin maintainer. To disable these warnings, set -Dmaven.project.sourceRoots.warningsDisabled=true on the command line, in the .mvn/maven.config file, or in project POM properties.
2026-04-12 02:33:05,797 [Worker-23: Building] WARN  o.apache.maven.project.MavenProject - Plugin is modifying compileSourceRoots through add(), which will not work in Maven 4.0.0. Use MavenProject.addCompileSourceRoot()/removeCompileSourceRoot() methods instead. If using a plugin, please upgrade to the latest version or report the issue to the plugin maintainer. To disable these warnings, set -Dmaven.project.sourceRoots.warningsDisabled=true on the command line, in the .mvn/maven.config file, or in project POM properties.
2026-04-12 02:33:05,798 [Worker-23: Building] WARN  o.apache.maven.project.MavenProject - Plugin is modifying testCompileSourceRoots through clear(), which will not work in Maven 4.0.0. Use MavenProject.addTestCompileSourceRoot()/removeTestCompileSourceRoot() methods instead. If using a plugin, please upgrade to the latest version or report the issue to the plugin maintainer. To disable these warnings, set -Dmaven.project.sourceRoots.warningsDisabled=true on the command line, in the .mvn/maven.config file, or in project POM properties.
2026-04-12 02:33:05,799 [Worker-23: Building] WARN  o.apache.maven.project.MavenProject - Plugin is modifying testCompileSourceRoots through add(), which will not work in Maven 4.0.0. Use MavenProject.addTestCompileSourceRoot()/removeTestCompileSourceRoot() methods instead. If using a plugin, please upgrade to the latest version or report the issue to the plugin maintainer. To disable these warnings, set -Dmaven.project.sourceRoots.warningsDisabled=true on the command line, in the .mvn/maven.config file, or in project POM properties.
2026-04-12 02:33:35,027 [Worker-0: Building] INFO  o.a.m.s.f.DefaultMavenResourcesFiltering - Copying 1 resource from src\main\resources to target\classes
2026-04-12 02:33:35,035 [Worker-0: Building] INFO  o.a.m.s.f.DefaultMavenResourcesFiltering - Copying 0 resource from src\main\resources to target\classes
2026-04-12 02:33:35,050 [Worker-0: Building] INFO  o.a.m.s.f.DefaultMavenResourcesFiltering - skip non existing resourceDirectory C:\Users\hp\Desktop\CMP404 Urban Flow Project\districtservice\src\test\resources
2026-04-12 02:33:35,100 [Worker-0: Building] WARN  o.apache.maven.project.MavenProject - Plugin is modifying compileSourceRoots through clear(), which will not work in Maven 4.0.0. Use MavenProject.addCompileSourceRoot()/removeCompileSourceRoot() methods instead. If using a plugin, please upgrade to the latest version or report the issue to the plugin maintainer. To disable these warnings, set -Dmaven.project.sourceRoots.warningsDisabled=true on the command line, in the .mvn/maven.config file, or in project POM properties.
2026-04-12 02:33:35,101 [Worker-0: Building] WARN  o.apache.maven.project.MavenProject - Plugin is modifying compileSourceRoots through add(), which will not work in Maven 4.0.0. Use MavenProject.addCompileSourceRoot()/removeCompileSourceRoot() methods instead. If using a plugin, please upgrade to the latest version or report the issue to the plugin maintainer. To disable these warnings, set -Dmaven.project.sourceRoots.warningsDisabled=true on the command line, in the .mvn/maven.config file, or in project POM properties.
2026-04-12 02:33:35,104 [Worker-0: Building] WARN  o.apache.maven.project.MavenProject - Plugin is modifying testCompileSourceRoots through clear(), which will not work in Maven 4.0.0. Use MavenProject.addTestCompileSourceRoot()/removeTestCompileSourceRoot() methods instead. If using a plugin, please upgrade to the latest version or report the issue to the plugin maintainer. To disable these warnings, set -Dmaven.project.sourceRoots.warningsDisabled=true on the command line, in the .mvn/maven.config file, or in project POM properties.
2026-04-12 02:33:35,107 [Worker-0: Building] WARN  o.apache.maven.project.MavenProject - Plugin is modifying testCompileSourceRoots through add(), which will not work in Maven 4.0.0. Use MavenProject.addTestCompileSourceRoot()/removeTestCompileSourceRoot() methods instead. If using a plugin, please upgrade to the latest version or report the issue to the plugin maintainer. To disable these warnings, set -Dmaven.project.sourceRoots.warningsDisabled=true on the command line, in the .mvn/maven.config file, or in project POM properties.
2026-04-12 02:33:48,510 [Worker-17: Building] INFO  o.a.m.s.f.DefaultMavenResourcesFiltering - Copying 1 resource from src\main\resources to target\classes
2026-04-12 02:33:48,521 [Worker-17: Building] INFO  o.a.m.s.f.DefaultMavenResourcesFiltering - Copying 0 resource from src\main\resources to target\classes
2026-04-12 02:33:48,533 [Worker-17: Building] INFO  o.a.m.s.f.DefaultMavenResourcesFiltering - skip non existing resourceDirectory C:\Users\hp\Desktop\CMP404 Urban Flow Project\districtservice\src\test\resources
2026-04-12 02:33:48,535 [Worker-17: Building] WARN  o.apache.maven.project.MavenProject - Plugin is modifying compileSourceRoots through clear(), which will not work in Maven 4.0.0. Use MavenProject.addCompileSourceRoot()/removeCompileSourceRoot() methods instead. If using a plugin, please upgrade to the latest version or report the issue to the plugin maintainer. To disable these warnings, set -Dmaven.project.sourceRoots.warningsDisabled=true on the command line, in the .mvn/maven.config file, or in project POM properties.
2026-04-12 02:33:48,539 [Worker-17: Building] WARN  o.apache.maven.project.MavenProject - Plugin is modifying compileSourceRoots through add(), which will not work in Maven 4.0.0. Use MavenProject.addCompileSourceRoot()/removeCompileSourceRoot() methods instead. If using a plugin, please upgrade to the latest version or report the issue to the plugin maintainer. To disable these warnings, set -Dmaven.project.sourceRoots.warningsDisabled=true on the command line, in the .mvn/maven.config file, or in project POM properties.
2026-04-12 02:33:48,542 [Worker-17: Building] WARN  o.apache.maven.project.MavenProject - Plugin is modifying testCompileSourceRoots through clear(), which will not work in Maven 4.0.0. Use MavenProject.addTestCompileSourceRoot()/removeTestCompileSourceRoot() methods instead. If using a plugin, please upgrade to the latest version or report the issue to the plugin maintainer. To disable these warnings, set -Dmaven.project.sourceRoots.warningsDisabled=true on the command line, in the .mvn/maven.config file, or in project POM properties.
2026-04-12 02:33:48,546 [Worker-17: Building] WARN  o.apache.maven.project.MavenProject - Plugin is modifying testCompileSourceRoots through add(), which will not work in Maven 4.0.0. Use MavenProject.addTestCompileSourceRoot()/removeTestCompileSourceRoot() methods instead. If using a plugin, please upgrade to the latest version or report the issue to the plugin maintainer. To disable these warnings, set -Dmaven.project.sourceRoots.warningsDisabled=true on the command line, in the .mvn/maven.config file, or in project POM properties.
2026-04-12 02:34:03,183 [Worker-0: Building] INFO  o.a.m.s.f.DefaultMavenResourcesFiltering - Copying 1 resource from src\main\resources to target\classes
2026-04-12 02:34:03,194 [Worker-0: Building] INFO  o.a.m.s.f.DefaultMavenResourcesFiltering - Copying 0 resource from src\main\resources to target\classes
2026-04-12 02:34:03,202 [Worker-0: Building] INFO  o.a.m.s.f.DefaultMavenResourcesFiltering - skip non existing resourceDirectory C:\Users\hp\Desktop\CMP404 Urban Flow Project\districtservice\src\test\resources
2026-04-12 02:34:03,203 [Worker-0: Building] WARN  o.apache.maven.project.MavenProject - Plugin is modifying compileSourceRoots through clear(), which will not work in Maven 4.0.0. Use MavenProject.addCompileSourceRoot()/removeCompileSourceRoot() methods instead. If using a plugin, please upgrade to the latest version or report the issue to the plugin maintainer. To disable these warnings, set -Dmaven.project.sourceRoots.warningsDisabled=true on the command line, in the .mvn/maven.config file, or in project POM properties.
2026-04-12 02:34:03,208 [Worker-0: Building] WARN  o.apache.maven.project.MavenProject - Plugin is modifying compileSourceRoots through add(), which will not work in Maven 4.0.0. Use MavenProject.addCompileSourceRoot()/removeCompileSourceRoot() methods instead. If using a plugin, please upgrade to the latest version or report the issue to the plugin maintainer. To disable these warnings, set -Dmaven.project.sourceRoots.warningsDisabled=true on the command line, in the .mvn/maven.config file, or in project POM properties.
2026-04-12 02:34:03,209 [Worker-0: Building] WARN  o.apache.maven.project.MavenProject - Plugin is modifying testCompileSourceRoots through clear(), which will not work in Maven 4.0.0. Use MavenProject.addTestCompileSourceRoot()/removeTestCompileSourceRoot() methods instead. If using a plugin, please upgrade to the latest version or report the issue to the plugin maintainer. To disable these warnings, set -Dmaven.project.sourceRoots.warningsDisabled=true on the command line, in the .mvn/maven.config file, or in project POM properties.
2026-04-12 02:34:03,209 [Worker-0: Building] WARN  o.apache.maven.project.MavenProject - Plugin is modifying testCompileSourceRoots through add(), which will not work in Maven 4.0.0. Use MavenProject.addTestCompileSourceRoot()/removeTestCompileSourceRoot() methods instead. If using a plugin, please upgrade to the latest version or report the issue to the plugin maintainer. To disable these warnings, set -Dmaven.project.sourceRoots.warningsDisabled=true on the command line, in the .mvn/maven.config file, or in project POM properties.
2026-04-12 02:34:55,491 [Worker-23: Building] INFO  o.a.m.s.f.DefaultMavenResourcesFiltering - Copying 1 resource from src\main\resources to target\classes
2026-04-12 02:34:55,498 [Worker-23: Building] INFO  o.a.m.s.f.DefaultMavenResourcesFiltering - Copying 0 resource from src\main\resources to target\classes
2026-04-12 02:34:55,508 [Worker-23: Building] INFO  o.a.m.s.f.DefaultMavenResourcesFiltering - skip non existing resourceDirectory C:\Users\hp\Desktop\CMP404 Urban Flow Project\districtservice\src\test\resources
2026-04-12 02:34:55,508 [Worker-23: Building] WARN  o.apache.maven.project.MavenProject - Plugin is modifying compileSourceRoots through clear(), which will not work in Maven 4.0.0. Use MavenProject.addCompileSourceRoot()/removeCompileSourceRoot() methods instead. If using a plugin, please upgrade to the latest version or report the issue to the plugin maintainer. To disable these warnings, set -Dmaven.project.sourceRoots.warningsDisabled=true on the command line, in the .mvn/maven.config file, or in project POM properties.
2026-04-12 02:34:55,509 [Worker-23: Building] WARN  o.apache.maven.project.MavenProject - Plugin is modifying compileSourceRoots through add(), which will not work in Maven 4.0.0. Use MavenProject.addCompileSourceRoot()/removeCompileSourceRoot() methods instead. If using a plugin, please upgrade to the latest version or report the issue to the plugin maintainer. To disable these warnings, set -Dmaven.project.sourceRoots.warningsDisabled=true on the command line, in the .mvn/maven.config file, or in project POM properties.
2026-04-12 02:34:55,510 [Worker-23: Building] WARN  o.apache.maven.project.MavenProject - Plugin is modifying testCompileSourceRoots through clear(), which will not work in Maven 4.0.0. Use MavenProject.addTestCompileSourceRoot()/removeTestCompileSourceRoot() methods instead. If using a plugin, please upgrade to the latest version or report the issue to the plugin maintainer. To disable these warnings, set -Dmaven.project.sourceRoots.warningsDisabled=true on the command line, in the .mvn/maven.config file, or in project POM properties.
2026-04-12 02:34:55,512 [Worker-23: Building] WARN  o.apache.maven.project.MavenProject - Plugin is modifying testCompileSourceRoots through add(), which will not work in Maven 4.0.0. Use MavenProject.addTestCompileSourceRoot()/removeTestCompileSourceRoot() methods instead. If using a plugin, please upgrade to the latest version or report the issue to the plugin maintainer. To disable these warnings, set -Dmaven.project.sourceRoots.warningsDisabled=true on the command line, in the .mvn/maven.config file, or in project POM properties.
2026-04-12 02:35:01,359 [Worker-24: Building] INFO  o.a.m.s.f.DefaultMavenResourcesFiltering - Copying 1 resource from src\main\resources to target\classes
2026-04-12 02:35:01,369 [Worker-24: Building] INFO  o.a.m.s.f.DefaultMavenResourcesFiltering - Copying 0 resource from src\main\resources to target\classes
2026-04-12 02:35:01,377 [Worker-24: Building] INFO  o.a.m.s.f.DefaultMavenResourcesFiltering - skip non existing resourceDirectory C:\Users\hp\Desktop\CMP404 Urban Flow Project\districtservice\src\test\resources
2026-04-12 02:35:01,378 [Worker-24: Building] WARN  o.apache.maven.project.MavenProject - Plugin is modifying compileSourceRoots through clear(), which will not work in Maven 4.0.0. Use MavenProject.addCompileSourceRoot()/removeCompileSourceRoot() methods instead. If using a plugin, please upgrade to the latest version or report the issue to the plugin maintainer. To disable these warnings, set -Dmaven.project.sourceRoots.warningsDisabled=true on the command line, in the .mvn/maven.config file, or in project POM properties.
2026-04-12 02:35:01,379 [Worker-24: Building] WARN  o.apache.maven.project.MavenProject - Plugin is modifying compileSourceRoots through add(), which will not work in Maven 4.0.0. Use MavenProject.addCompileSourceRoot()/removeCompileSourceRoot() methods instead. If using a plugin, please upgrade to the latest version or report the issue to the plugin maintainer. To disable these warnings, set -Dmaven.project.sourceRoots.warningsDisabled=true on the command line, in the .mvn/maven.config file, or in project POM properties.
2026-04-12 02:35:01,380 [Worker-24: Building] WARN  o.apache.maven.project.MavenProject - Plugin is modifying testCompileSourceRoots through clear(), which will not work in Maven 4.0.0. Use MavenProject.addTestCompileSourceRoot()/removeTestCompileSourceRoot() methods instead. If using a plugin, please upgrade to the latest version or report the issue to the plugin maintainer. To disable these warnings, set -Dmaven.project.sourceRoots.warningsDisabled=true on the command line, in the .mvn/maven.config file, or in project POM properties.
2026-04-12 02:35:01,381 [Worker-24: Building] WARN  o.apache.maven.project.MavenProject - Plugin is modifying testCompileSourceRoots through add(), which will not work in Maven 4.0.0. Use MavenProject.addTestCompileSourceRoot()/removeTestCompileSourceRoot() methods instead. If using a plugin, please upgrade to the latest version or report the issue to the plugin maintainer. To disable these warnings, set -Dmaven.project.sourceRoots.warningsDisabled=true on the command line, in the .mvn/maven.config file, or in project POM properties.
2026-04-12 02:35:08,627 [Worker-23: Building] INFO  o.a.m.s.f.DefaultMavenResourcesFiltering - Copying 1 resource from src\main\resources to target\classes
2026-04-12 02:35:08,653 [Worker-23: Building] INFO  o.a.m.s.f.DefaultMavenResourcesFiltering - Copying 0 resource from src\main\resources to target\classes
2026-04-12 02:35:08,659 [Worker-23: Building] INFO  o.a.m.s.f.DefaultMavenResourcesFiltering - skip non existing resourceDirectory C:\Users\hp\Desktop\CMP404 Urban Flow Project\districtservice\src\test\resources
2026-04-12 02:35:08,659 [Worker-23: Building] WARN  o.apache.maven.project.MavenProject - Plugin is modifying compileSourceRoots through clear(), which will not work in Maven 4.0.0. Use MavenProject.addCompileSourceRoot()/removeCompileSourceRoot() methods instead. If using a plugin, please upgrade to the latest version or report the issue to the plugin maintainer. To disable these warnings, set -Dmaven.project.sourceRoots.warningsDisabled=true on the command line, in the .mvn/maven.config file, or in project POM properties.
2026-04-12 02:35:08,660 [Worker-23: Building] WARN  o.apache.maven.project.MavenProject - Plugin is modifying compileSourceRoots through add(), which will not work in Maven 4.0.0. Use MavenProject.addCompileSourceRoot()/removeCompileSourceRoot() methods instead. If using a plugin, please upgrade to the latest version or report the issue to the plugin maintainer. To disable these warnings, set -Dmaven.project.sourceRoots.warningsDisabled=true on the command line, in the .mvn/maven.config file, or in project POM properties.
2026-04-12 02:35:08,661 [Worker-23: Building] WARN  o.apache.maven.project.MavenProject - Plugin is modifying testCompileSourceRoots through clear(), which will not work in Maven 4.0.0. Use MavenProject.addTestCompileSourceRoot()/removeTestCompileSourceRoot() methods instead. If using a plugin, please upgrade to the latest version or report the issue to the plugin maintainer. To disable these warnings, set -Dmaven.project.sourceRoots.warningsDisabled=true on the command line, in the .mvn/maven.config file, or in project POM properties.
2026-04-12 02:35:08,662 [Worker-23: Building] WARN  o.apache.maven.project.MavenProject - Plugin is modifying testCompileSourceRoots through add(), which will not work in Maven 4.0.0. Use MavenProject.addTestCompileSourceRoot()/removeTestCompileSourceRoot() methods instead. If using a plugin, please upgrade to the latest version or report the issue to the plugin maintainer. To disable these warnings, set -Dmaven.project.sourceRoots.warningsDisabled=true on the command line, in the .mvn/maven.config file, or in project POM properties.
2026-04-12 02:35:18,462 [Worker-11: Building] INFO  o.a.m.s.f.DefaultMavenResourcesFiltering - Copying 1 resource from src\main\resources to target\classes
2026-04-12 02:35:18,467 [Worker-11: Building] INFO  o.a.m.s.f.DefaultMavenResourcesFiltering - Copying 0 resource from src\main\resources to target\classes
2026-04-12 02:35:18,471 [Worker-11: Building] INFO  o.a.m.s.f.DefaultMavenResourcesFiltering - skip non existing resourceDirectory C:\Users\hp\Desktop\CMP404 Urban Flow Project\districtservice\src\test\resources
2026-04-12 02:35:18,472 [Worker-11: Building] WARN  o.apache.maven.project.MavenProject - Plugin is modifying compileSourceRoots through clear(), which will not work in Maven 4.0.0. Use MavenProject.addCompileSourceRoot()/removeCompileSourceRoot() methods instead. If using a plugin, please upgrade to the latest version or report the issue to the plugin maintainer. To disable these warnings, set -Dmaven.project.sourceRoots.warningsDisabled=true on the command line, in the .mvn/maven.config file, or in project POM properties.
2026-04-12 02:35:18,473 [Worker-11: Building] WARN  o.apache.maven.project.MavenProject - Plugin is modifying compileSourceRoots through add(), which will not work in Maven 4.0.0. Use MavenProject.addCompileSourceRoot()/removeCompileSourceRoot() methods instead. If using a plugin, please upgrade to the latest version or report the issue to the plugin maintainer. To disable these warnings, set -Dmaven.project.sourceRoots.warningsDisabled=true on the command line, in the .mvn/maven.config file, or in project POM properties.
2026-04-12 02:35:18,474 [Worker-11: Building] WARN  o.apache.maven.project.MavenProject - Plugin is modifying testCompileSourceRoots through clear(), which will not work in Maven 4.0.0. Use MavenProject.addTestCompileSourceRoot()/removeTestCompileSourceRoot() methods instead. If using a plugin, please upgrade to the latest version or report the issue to the plugin maintainer. To disable these warnings, set -Dmaven.project.sourceRoots.warningsDisabled=true on the command line, in the .mvn/maven.config file, or in project POM properties.
2026-04-12 02:35:18,475 [Worker-11: Building] WARN  o.apache.maven.project.MavenProject - Plugin is modifying testCompileSourceRoots through add(), which will not work in Maven 4.0.0. Use MavenProject.addTestCompileSourceRoot()/removeTestCompileSourceRoot() methods instead. If using a plugin, please upgrade to the latest version or report the issue to the plugin maintainer. To disable these warnings, set -Dmaven.project.sourceRoots.warningsDisabled=true on the command line, in the .mvn/maven.config file, or in project POM properties.
2026-04-12 02:35:40,873 [Worker-11: Building] INFO  o.a.m.s.f.DefaultMavenResourcesFiltering - Copying 1 resource from src\main\resources to target\classes
2026-04-12 02:35:40,883 [Worker-11: Building] INFO  o.a.m.s.f.DefaultMavenResourcesFiltering - Copying 0 resource from src\main\resources to target\classes
2026-04-12 02:35:40,888 [Worker-11: Building] INFO  o.a.m.s.f.DefaultMavenResourcesFiltering - skip non existing resourceDirectory C:\Users\hp\Desktop\CMP404 Urban Flow Project\districtservice\src\test\resources
2026-04-12 02:35:40,889 [Worker-11: Building] WARN  o.apache.maven.project.MavenProject - Plugin is modifying compileSourceRoots through clear(), which will not work in Maven 4.0.0. Use MavenProject.addCompileSourceRoot()/removeCompileSourceRoot() methods instead. If using a plugin, please upgrade to the latest version or report the issue to the plugin maintainer. To disable these warnings, set -Dmaven.project.sourceRoots.warningsDisabled=true on the command line, in the .mvn/maven.config file, or in project POM properties.
2026-04-12 02:35:40,890 [Worker-11: Building] WARN  o.apache.maven.project.MavenProject - Plugin is modifying compileSourceRoots through add(), which will not work in Maven 4.0.0. Use MavenProject.addCompileSourceRoot()/removeCompileSourceRoot() methods instead. If using a plugin, please upgrade to the latest version or report the issue to the plugin maintainer. To disable these warnings, set -Dmaven.project.sourceRoots.warningsDisabled=true on the command line, in the .mvn/maven.config file, or in project POM properties.
2026-04-12 02:35:40,891 [Worker-11: Building] WARN  o.apache.maven.project.MavenProject - Plugin is modifying testCompileSourceRoots through clear(), which will not work in Maven 4.0.0. Use MavenProject.addTestCompileSourceRoot()/removeTestCompileSourceRoot() methods instead. If using a plugin, please upgrade to the latest version or report the issue to the plugin maintainer. To disable these warnings, set -Dmaven.project.sourceRoots.warningsDisabled=true on the command line, in the .mvn/maven.config file, or in project POM properties.
2026-04-12 02:35:40,891 [Worker-11: Building] WARN  o.apache.maven.project.MavenProject - Plugin is modifying testCompileSourceRoots through add(), which will not work in Maven 4.0.0. Use MavenProject.addTestCompileSourceRoot()/removeTestCompileSourceRoot() methods instead. If using a plugin, please upgrade to the latest version or report the issue to the plugin maintainer. To disable these warnings, set -Dmaven.project.sourceRoots.warningsDisabled=true on the command line, in the .mvn/maven.config file, or in project POM properties.
2026-04-12 02:35:50,609 [Worker-24: Building] INFO  o.a.m.s.f.DefaultMavenResourcesFiltering - Copying 1 resource from src\main\resources to target\classes
2026-04-12 02:35:50,619 [Worker-24: Building] INFO  o.a.m.s.f.DefaultMavenResourcesFiltering - Copying 0 resource from src\main\resources to target\classes
2026-04-12 02:35:50,628 [Worker-24: Building] INFO  o.a.m.s.f.DefaultMavenResourcesFiltering - skip non existing resourceDirectory C:\Users\hp\Desktop\CMP404 Urban Flow Project\districtservice\src\test\resources
2026-04-12 02:35:50,630 [Worker-24: Building] WARN  o.apache.maven.project.MavenProject - Plugin is modifying compileSourceRoots through clear(), which will not work in Maven 4.0.0. Use MavenProject.addCompileSourceRoot()/removeCompileSourceRoot() methods instead. If using a plugin, please upgrade to the latest version or report the issue to the plugin maintainer. To disable these warnings, set -Dmaven.project.sourceRoots.warningsDisabled=true on the command line, in the .mvn/maven.config file, or in project POM properties.
2026-04-12 02:35:50,631 [Worker-24: Building] WARN  o.apache.maven.project.MavenProject - Plugin is modifying compileSourceRoots through add(), which will not work in Maven 4.0.0. Use MavenProject.addCompileSourceRoot()/removeCompileSourceRoot() methods instead. If using a plugin, please upgrade to the latest version or report the issue to the plugin maintainer. To disable these warnings, set -Dmaven.project.sourceRoots.warningsDisabled=true on the command line, in the .mvn/maven.config file, or in project POM properties.
2026-04-12 02:35:50,632 [Worker-24: Building] WARN  o.apache.maven.project.MavenProject - Plugin is modifying testCompileSourceRoots through clear(), which will not work in Maven 4.0.0. Use MavenProject.addTestCompileSourceRoot()/removeTestCompileSourceRoot() methods instead. If using a plugin, please upgrade to the latest version or report the issue to the plugin maintainer. To disable these warnings, set -Dmaven.project.sourceRoots.warningsDisabled=true on the command line, in the .mvn/maven.config file, or in project POM properties.
2026-04-12 02:35:50,633 [Worker-24: Building] WARN  o.apache.maven.project.MavenProject - Plugin is modifying testCompileSourceRoots through add(), which will not work in Maven 4.0.0. Use MavenProject.addTestCompileSourceRoot()/removeTestCompileSourceRoot() methods instead. If using a plugin, please upgrade to the latest version or report the issue to the plugin maintainer. To disable these warnings, set -Dmaven.project.sourceRoots.warningsDisabled=true on the command line, in the .mvn/maven.config file, or in project POM properties.
2026-04-12 02:36:01,971 [Worker-23: Building] INFO  o.a.m.s.f.DefaultMavenResourcesFiltering - Copying 1 resource from src\main\resources to target\classes
2026-04-12 02:36:01,980 [Worker-23: Building] INFO  o.a.m.s.f.DefaultMavenResourcesFiltering - Copying 0 resource from src\main\resources to target\classes
2026-04-12 02:36:01,983 [Worker-23: Building] INFO  o.a.m.s.f.DefaultMavenResourcesFiltering - skip non existing resourceDirectory C:\Users\hp\Desktop\CMP404 Urban Flow Project\districtservice\src\test\resources
2026-04-12 02:36:01,984 [Worker-23: Building] WARN  o.apache.maven.project.MavenProject - Plugin is modifying compileSourceRoots through clear(), which will not work in Maven 4.0.0. Use MavenProject.addCompileSourceRoot()/removeCompileSourceRoot() methods instead. If using a plugin, please upgrade to the latest version or report the issue to the plugin maintainer. To disable these warnings, set -Dmaven.project.sourceRoots.warningsDisabled=true on the command line, in the .mvn/maven.config file, or in project POM properties.
2026-04-12 02:36:01,985 [Worker-23: Building] WARN  o.apache.maven.project.MavenProject - Plugin is modifying compileSourceRoots through add(), which will not work in Maven 4.0.0. Use MavenProject.addCompileSourceRoot()/removeCompileSourceRoot() methods instead. If using a plugin, please upgrade to the latest version or report the issue to the plugin maintainer. To disable these warnings, set -Dmaven.project.sourceRoots.warningsDisabled=true on the command line, in the .mvn/maven.config file, or in project POM properties.
2026-04-12 02:36:01,985 [Worker-23: Building] WARN  o.apache.maven.project.MavenProject - Plugin is modifying testCompileSourceRoots through clear(), which will not work in Maven 4.0.0. Use MavenProject.addTestCompileSourceRoot()/removeTestCompileSourceRoot() methods instead. If using a plugin, please upgrade to the latest version or report the issue to the plugin maintainer. To disable these warnings, set -Dmaven.project.sourceRoots.warningsDisabled=true on the command line, in the .mvn/maven.config file, or in project POM properties.
2026-04-12 02:36:01,986 [Worker-23: Building] WARN  o.apache.maven.project.MavenProject - Plugin is modifying testCompileSourceRoots through add(), which will not work in Maven 4.0.0. Use MavenProject.addTestCompileSourceRoot()/removeTestCompileSourceRoot() methods instead. If using a plugin, please upgrade to the latest version or report the issue to the plugin maintainer. To disable these warnings, set -Dmaven.project.sourceRoots.warningsDisabled=true on the command line, in the .mvn/maven.config file, or in project POM properties.
2026-04-12 02:36:12,705 [Worker-23: Building] INFO  o.a.m.s.f.DefaultMavenResourcesFiltering - Copying 1 resource from src\main\resources to target\classes
2026-04-12 02:36:12,709 [Worker-23: Building] INFO  o.a.m.s.f.DefaultMavenResourcesFiltering - Copying 0 resource from src\main\resources to target\classes
2026-04-12 02:36:12,712 [Worker-23: Building] INFO  o.a.m.s.f.DefaultMavenResourcesFiltering - skip non existing resourceDirectory C:\Users\hp\Desktop\CMP404 Urban Flow Project\districtservice\src\test\resources
2026-04-12 02:36:12,713 [Worker-23: Building] WARN  o.apache.maven.project.MavenProject - Plugin is modifying compileSourceRoots through clear(), which will not work in Maven 4.0.0. Use MavenProject.addCompileSourceRoot()/removeCompileSourceRoot() methods instead. If using a plugin, please upgrade to the latest version or report the issue to the plugin maintainer. To disable these warnings, set -Dmaven.project.sourceRoots.warningsDisabled=true on the command line, in the .mvn/maven.config file, or in project POM properties.
2026-04-12 02:36:12,714 [Worker-23: Building] WARN  o.apache.maven.project.MavenProject - Plugin is modifying compileSourceRoots through add(), which will not work in Maven 4.0.0. Use MavenProject.addCompileSourceRoot()/removeCompileSourceRoot() methods instead. If using a plugin, please upgrade to the latest version or report the issue to the plugin maintainer. To disable these warnings, set -Dmaven.project.sourceRoots.warningsDisabled=true on the command line, in the .mvn/maven.config file, or in project POM properties.
2026-04-12 02:36:12,715 [Worker-23: Building] WARN  o.apache.maven.project.MavenProject - Plugin is modifying testCompileSourceRoots through clear(), which will not work in Maven 4.0.0. Use MavenProject.addTestCompileSourceRoot()/removeTestCompileSourceRoot() methods instead. If using a plugin, please upgrade to the latest version or report the issue to the plugin maintainer. To disable these warnings, set -Dmaven.project.sourceRoots.warningsDisabled=true on the command line, in the .mvn/maven.config file, or in project POM properties.
2026-04-12 02:36:12,715 [Worker-23: Building] WARN  o.apache.maven.project.MavenProject - Plugin is modifying testCompileSourceRoots through add(), which will not work in Maven 4.0.0. Use MavenProject.addTestCompileSourceRoot()/removeTestCompileSourceRoot() methods instead. If using a plugin, please upgrade to the latest version or report the issue to the plugin maintainer. To disable these warnings, set -Dmaven.project.sourceRoots.warningsDisabled=true on the command line, in the .mvn/maven.config file, or in project POM properties.
2026-04-12 02:36:24,549 [Worker-23: Building] INFO  o.a.m.s.f.DefaultMavenResourcesFiltering - Copying 1 resource from src\main\resources to target\classes
2026-04-12 02:36:24,554 [Worker-23: Building] INFO  o.a.m.s.f.DefaultMavenResourcesFiltering - Copying 0 resource from src\main\resources to target\classes
2026-04-12 02:36:24,564 [Worker-23: Building] INFO  o.a.m.s.f.DefaultMavenResourcesFiltering - skip non existing resourceDirectory C:\Users\hp\Desktop\CMP404 Urban Flow Project\districtservice\src\test\resources
2026-04-12 02:36:24,596 [Worker-23: Building] WARN  o.apache.maven.project.MavenProject - Plugin is modifying compileSourceRoots through clear(), which will not work in Maven 4.0.0. Use MavenProject.addCompileSourceRoot()/removeCompileSourceRoot() methods instead. If using a plugin, please upgrade to the latest version or report the issue to the plugin maintainer. To disable these warnings, set -Dmaven.project.sourceRoots.warningsDisabled=true on the command line, in the .mvn/maven.config file, or in project POM properties.
2026-04-12 02:36:24,597 [Worker-23: Building] WARN  o.apache.maven.project.MavenProject - Plugin is modifying compileSourceRoots through add(), which will not work in Maven 4.0.0. Use MavenProject.addCompileSourceRoot()/removeCompileSourceRoot() methods instead. If using a plugin, please upgrade to the latest version or report the issue to the plugin maintainer. To disable these warnings, set -Dmaven.project.sourceRoots.warningsDisabled=true on the command line, in the .mvn/maven.config file, or in project POM properties.
2026-04-12 02:36:24,598 [Worker-23: Building] WARN  o.apache.maven.project.MavenProject - Plugin is modifying testCompileSourceRoots through clear(), which will not work in Maven 4.0.0. Use MavenProject.addTestCompileSourceRoot()/removeTestCompileSourceRoot() methods instead. If using a plugin, please upgrade to the latest version or report the issue to the plugin maintainer. To disable these warnings, set -Dmaven.project.sourceRoots.warningsDisabled=true on the command line, in the .mvn/maven.config file, or in project POM properties.
2026-04-12 02:36:24,599 [Worker-23: Building] WARN  o.apache.maven.project.MavenProject - Plugin is modifying testCompileSourceRoots through add(), which will not work in Maven 4.0.0. Use MavenProject.addTestCompileSourceRoot()/removeTestCompileSourceRoot() methods instead. If using a plugin, please upgrade to the latest version or report the issue to the plugin maintainer. To disable these warnings, set -Dmaven.project.sourceRoots.warningsDisabled=true on the command line, in the .mvn/maven.config file, or in project POM properties.
2026-04-12 02:36:29,387 [Worker-11: Building] INFO  o.a.m.s.f.DefaultMavenResourcesFiltering - Copying 1 resource from src\main\resources to target\classes
2026-04-12 02:36:29,393 [Worker-11: Building] INFO  o.a.m.s.f.DefaultMavenResourcesFiltering - Copying 0 resource from src\main\resources to target\classes
2026-04-12 02:36:29,399 [Worker-11: Building] INFO  o.a.m.s.f.DefaultMavenResourcesFiltering - skip non existing resourceDirectory C:\Users\hp\Desktop\CMP404 Urban Flow Project\districtservice\src\test\resources
2026-04-12 02:36:29,424 [Worker-11: Building] WARN  o.apache.maven.project.MavenProject - Plugin is modifying compileSourceRoots through clear(), which will not work in Maven 4.0.0. Use MavenProject.addCompileSourceRoot()/removeCompileSourceRoot() methods instead. If using a plugin, please upgrade to the latest version or report the issue to the plugin maintainer. To disable these warnings, set -Dmaven.project.sourceRoots.warningsDisabled=true on the command line, in the .mvn/maven.config file, or in project POM properties.
2026-04-12 02:36:29,427 [Worker-11: Building] WARN  o.apache.maven.project.MavenProject - Plugin is modifying compileSourceRoots through add(), which will not work in Maven 4.0.0. Use MavenProject.addCompileSourceRoot()/removeCompileSourceRoot() methods instead. If using a plugin, please upgrade to the latest version or report the issue to the plugin maintainer. To disable these warnings, set -Dmaven.project.sourceRoots.warningsDisabled=true on the command line, in the .mvn/maven.config file, or in project POM properties.
2026-04-12 02:36:29,429 [Worker-11: Building] WARN  o.apache.maven.project.MavenProject - Plugin is modifying testCompileSourceRoots through clear(), which will not work in Maven 4.0.0. Use MavenProject.addTestCompileSourceRoot()/removeTestCompileSourceRoot() methods instead. If using a plugin, please upgrade to the latest version or report the issue to the plugin maintainer. To disable these warnings, set -Dmaven.project.sourceRoots.warningsDisabled=true on the command line, in the .mvn/maven.config file, or in project POM properties.
2026-04-12 02:36:29,432 [Worker-11: Building] WARN  o.apache.maven.project.MavenProject - Plugin is modifying testCompileSourceRoots through add(), which will not work in Maven 4.0.0. Use MavenProject.addTestCompileSourceRoot()/removeTestCompileSourceRoot() methods instead. If using a plugin, please upgrade to the latest version or report the issue to the plugin maintainer. To disable these warnings, set -Dmaven.project.sourceRoots.warningsDisabled=true on the command line, in the .mvn/maven.config file, or in project POM properties.
2026-04-12 02:36:44,450 [Worker-24: Building] INFO  o.a.m.s.f.DefaultMavenResourcesFiltering - Copying 1 resource from src\main\resources to target\classes
2026-04-12 02:36:44,454 [Worker-24: Building] INFO  o.a.m.s.f.DefaultMavenResourcesFiltering - Copying 0 resource from src\main\resources to target\classes
2026-04-12 02:36:44,459 [Worker-24: Building] INFO  o.a.m.s.f.DefaultMavenResourcesFiltering - skip non existing resourceDirectory C:\Users\hp\Desktop\CMP404 Urban Flow Project\districtservice\src\test\resources
2026-04-12 02:36:44,461 [Worker-24: Building] WARN  o.apache.maven.project.MavenProject - Plugin is modifying compileSourceRoots through clear(), which will not work in Maven 4.0.0. Use MavenProject.addCompileSourceRoot()/removeCompileSourceRoot() methods instead. If using a plugin, please upgrade to the latest version or report the issue to the plugin maintainer. To disable these warnings, set -Dmaven.project.sourceRoots.warningsDisabled=true on the command line, in the .mvn/maven.config file, or in project POM properties.
2026-04-12 02:36:44,462 [Worker-24: Building] WARN  o.apache.maven.project.MavenProject - Plugin is modifying compileSourceRoots through add(), which will not work in Maven 4.0.0. Use MavenProject.addCompileSourceRoot()/removeCompileSourceRoot() methods instead. If using a plugin, please upgrade to the latest version or report the issue to the plugin maintainer. To disable these warnings, set -Dmaven.project.sourceRoots.warningsDisabled=true on the command line, in the .mvn/maven.config file, or in project POM properties.
2026-04-12 02:36:44,463 [Worker-24: Building] WARN  o.apache.maven.project.MavenProject - Plugin is modifying testCompileSourceRoots through clear(), which will not work in Maven 4.0.0. Use MavenProject.addTestCompileSourceRoot()/removeTestCompileSourceRoot() methods instead. If using a plugin, please upgrade to the latest version or report the issue to the plugin maintainer. To disable these warnings, set -Dmaven.project.sourceRoots.warningsDisabled=true on the command line, in the .mvn/maven.config file, or in project POM properties.
2026-04-12 02:36:44,465 [Worker-24: Building] WARN  o.apache.maven.project.MavenProject - Plugin is modifying testCompileSourceRoots through add(), which will not work in Maven 4.0.0. Use MavenProject.addTestCompileSourceRoot()/removeTestCompileSourceRoot() methods instead. If using a plugin, please upgrade to the latest version or report the issue to the plugin maintainer. To disable these warnings, set -Dmaven.project.sourceRoots.warningsDisabled=true on the command line, in the .mvn/maven.config file, or in project POM properties.
2026-04-12 02:36:51,040 [Worker-11: Building] INFO  o.a.m.s.f.DefaultMavenResourcesFiltering - Copying 1 resource from src\main\resources to target\classes
2026-04-12 02:36:51,059 [Worker-11: Building] INFO  o.a.m.s.f.DefaultMavenResourcesFiltering - Copying 0 resource from src\main\resources to target\classes
2026-04-12 02:36:51,066 [Worker-11: Building] INFO  o.a.m.s.f.DefaultMavenResourcesFiltering - skip non existing resourceDirectory C:\Users\hp\Desktop\CMP404 Urban Flow Project\districtservice\src\test\resources
2026-04-12 02:36:51,089 [Worker-11: Building] WARN  o.apache.maven.project.MavenProject - Plugin is modifying compileSourceRoots through clear(), which will not work in Maven 4.0.0. Use MavenProject.addCompileSourceRoot()/removeCompileSourceRoot() methods instead. If using a plugin, please upgrade to the latest version or report the issue to the plugin maintainer. To disable these warnings, set -Dmaven.project.sourceRoots.warningsDisabled=true on the command line, in the .mvn/maven.config file, or in project POM properties.
2026-04-12 02:36:51,090 [Worker-11: Building] WARN  o.apache.maven.project.MavenProject - Plugin is modifying compileSourceRoots through add(), which will not work in Maven 4.0.0. Use MavenProject.addCompileSourceRoot()/removeCompileSourceRoot() methods instead. If using a plugin, please upgrade to the latest version or report the issue to the plugin maintainer. To disable these warnings, set -Dmaven.project.sourceRoots.warningsDisabled=true on the command line, in the .mvn/maven.config file, or in project POM properties.
2026-04-12 02:36:51,091 [Worker-11: Building] WARN  o.apache.maven.project.MavenProject - Plugin is modifying testCompileSourceRoots through clear(), which will not work in Maven 4.0.0. Use MavenProject.addTestCompileSourceRoot()/removeTestCompileSourceRoot() methods instead. If using a plugin, please upgrade to the latest version or report the issue to the plugin maintainer. To disable these warnings, set -Dmaven.project.sourceRoots.warningsDisabled=true on the command line, in the .mvn/maven.config file, or in project POM properties.
2026-04-12 02:36:51,091 [Worker-11: Building] WARN  o.apache.maven.project.MavenProject - Plugin is modifying testCompileSourceRoots through add(), which will not work in Maven 4.0.0. Use MavenProject.addTestCompileSourceRoot()/removeTestCompileSourceRoot() methods instead. If using a plugin, please upgrade to the latest version or report the issue to the plugin maintainer. To disable these warnings, set -Dmaven.project.sourceRoots.warningsDisabled=true on the command line, in the .mvn/maven.config file, or in project POM properties.
2026-04-12 02:37:09,481 [Worker-25: Building] INFO  o.a.m.s.f.DefaultMavenResourcesFiltering - Copying 1 resource from src\main\resources to target\classes
2026-04-12 02:37:09,535 [Worker-25: Building] INFO  o.a.m.s.f.DefaultMavenResourcesFiltering - Copying 0 resource from src\main\resources to target\classes
2026-04-12 02:37:09,550 [Worker-25: Building] INFO  o.a.m.s.f.DefaultMavenResourcesFiltering - skip non existing resourceDirectory C:\Users\hp\Desktop\CMP404 Urban Flow Project\districtservice\src\test\resources
2026-04-12 02:37:09,552 [Worker-25: Building] WARN  o.apache.maven.project.MavenProject - Plugin is modifying compileSourceRoots through clear(), which will not work in Maven 4.0.0. Use MavenProject.addCompileSourceRoot()/removeCompileSourceRoot() methods instead. If using a plugin, please upgrade to the latest version or report the issue to the plugin maintainer. To disable these warnings, set -Dmaven.project.sourceRoots.warningsDisabled=true on the command line, in the .mvn/maven.config file, or in project POM properties.
2026-04-12 02:37:09,555 [Worker-25: Building] WARN  o.apache.maven.project.MavenProject - Plugin is modifying compileSourceRoots through add(), which will not work in Maven 4.0.0. Use MavenProject.addCompileSourceRoot()/removeCompileSourceRoot() methods instead. If using a plugin, please upgrade to the latest version or report the issue to the plugin maintainer. To disable these warnings, set -Dmaven.project.sourceRoots.warningsDisabled=true on the command line, in the .mvn/maven.config file, or in project POM properties.
2026-04-12 02:37:09,558 [Worker-25: Building] WARN  o.apache.maven.project.MavenProject - Plugin is modifying testCompileSourceRoots through clear(), which will not work in Maven 4.0.0. Use MavenProject.addTestCompileSourceRoot()/removeTestCompileSourceRoot() methods instead. If using a plugin, please upgrade to the latest version or report the issue to the plugin maintainer. To disable these warnings, set -Dmaven.project.sourceRoots.warningsDisabled=true on the command line, in the .mvn/maven.config file, or in project POM properties.
2026-04-12 02:37:09,560 [Worker-25: Building] WARN  o.apache.maven.project.MavenProject - Plugin is modifying testCompileSourceRoots through add(), which will not work in Maven 4.0.0. Use MavenProject.addTestCompileSourceRoot()/removeTestCompileSourceRoot() methods instead. If using a plugin, please upgrade to the latest version or report the issue to the plugin maintainer. To disable these warnings, set -Dmaven.project.sourceRoots.warningsDisabled=true on the command line, in the .mvn/maven.config file, or in project POM properties.
2026-04-12 02:37:17,521 [Worker-0: Building] INFO  o.a.m.s.f.DefaultMavenResourcesFiltering - Copying 1 resource from src\main\resources to target\classes
2026-04-12 02:37:17,529 [Worker-0: Building] INFO  o.a.m.s.f.DefaultMavenResourcesFiltering - Copying 0 resource from src\main\resources to target\classes
2026-04-12 02:37:17,533 [Worker-0: Building] INFO  o.a.m.s.f.DefaultMavenResourcesFiltering - skip non existing resourceDirectory C:\Users\hp\Desktop\CMP404 Urban Flow Project\districtservice\src\test\resources
2026-04-12 02:37:17,533 [Worker-0: Building] WARN  o.apache.maven.project.MavenProject - Plugin is modifying compileSourceRoots through clear(), which will not work in Maven 4.0.0. Use MavenProject.addCompileSourceRoot()/removeCompileSourceRoot() methods instead. If using a plugin, please upgrade to the latest version or report the issue to the plugin maintainer. To disable these warnings, set -Dmaven.project.sourceRoots.warningsDisabled=true on the command line, in the .mvn/maven.config file, or in project POM properties.
2026-04-12 02:37:17,534 [Worker-0: Building] WARN  o.apache.maven.project.MavenProject - Plugin is modifying compileSourceRoots through add(), which will not work in Maven 4.0.0. Use MavenProject.addCompileSourceRoot()/removeCompileSourceRoot() methods instead. If using a plugin, please upgrade to the latest version or report the issue to the plugin maintainer. To disable these warnings, set -Dmaven.project.sourceRoots.warningsDisabled=true on the command line, in the .mvn/maven.config file, or in project POM properties.
2026-04-12 02:37:17,536 [Worker-0: Building] WARN  o.apache.maven.project.MavenProject - Plugin is modifying testCompileSourceRoots through clear(), which will not work in Maven 4.0.0. Use MavenProject.addTestCompileSourceRoot()/removeTestCompileSourceRoot() methods instead. If using a plugin, please upgrade to the latest version or report the issue to the plugin maintainer. To disable these warnings, set -Dmaven.project.sourceRoots.warningsDisabled=true on the command line, in the .mvn/maven.config file, or in project POM properties.
2026-04-12 02:37:17,537 [Worker-0: Building] WARN  o.apache.maven.project.MavenProject - Plugin is modifying testCompileSourceRoots through add(), which will not work in Maven 4.0.0. Use MavenProject.addTestCompileSourceRoot()/removeTestCompileSourceRoot() methods instead. If using a plugin, please upgrade to the latest version or report the issue to the plugin maintainer. To disable these warnings, set -Dmaven.project.sourceRoots.warningsDisabled=true on the command line, in the .mvn/maven.config file, or in project POM properties.
2026-04-12 02:37:29,296 [Worker-11: Building] INFO  o.a.m.s.f.DefaultMavenResourcesFiltering - Copying 1 resource from src\main\resources to target\classes
2026-04-12 02:37:29,304 [Worker-11: Building] INFO  o.a.m.s.f.DefaultMavenResourcesFiltering - Copying 0 resource from src\main\resources to target\classes
2026-04-12 02:37:29,311 [Worker-11: Building] INFO  o.a.m.s.f.DefaultMavenResourcesFiltering - skip non existing resourceDirectory C:\Users\hp\Desktop\CMP404 Urban Flow Project\districtservice\src\test\resources
2026-04-12 02:37:29,312 [Worker-11: Building] WARN  o.apache.maven.project.MavenProject - Plugin is modifying compileSourceRoots through clear(), which will not work in Maven 4.0.0. Use MavenProject.addCompileSourceRoot()/removeCompileSourceRoot() methods instead. If using a plugin, please upgrade to the latest version or report the issue to the plugin maintainer. To disable these warnings, set -Dmaven.project.sourceRoots.warningsDisabled=true on the command line, in the .mvn/maven.config file, or in project POM properties.
2026-04-12 02:37:29,313 [Worker-11: Building] WARN  o.apache.maven.project.MavenProject - Plugin is modifying compileSourceRoots through add(), which will not work in Maven 4.0.0. Use MavenProject.addCompileSourceRoot()/removeCompileSourceRoot() methods instead. If using a plugin, please upgrade to the latest version or report the issue to the plugin maintainer. To disable these warnings, set -Dmaven.project.sourceRoots.warningsDisabled=true on the command line, in the .mvn/maven.config file, or in project POM properties.
2026-04-12 02:37:29,313 [Worker-11: Building] WARN  o.apache.maven.project.MavenProject - Plugin is modifying testCompileSourceRoots through clear(), which will not work in Maven 4.0.0. Use MavenProject.addTestCompileSourceRoot()/removeTestCompileSourceRoot() methods instead. If using a plugin, please upgrade to the latest version or report the issue to the plugin maintainer. To disable these warnings, set -Dmaven.project.sourceRoots.warningsDisabled=true on the command line, in the .mvn/maven.config file, or in project POM properties.
2026-04-12 02:37:29,314 [Worker-11: Building] WARN  o.apache.maven.project.MavenProject - Plugin is modifying testCompileSourceRoots through add(), which will not work in Maven 4.0.0. Use MavenProject.addTestCompileSourceRoot()/removeTestCompileSourceRoot() methods instead. If using a plugin, please upgrade to the latest version or report the issue to the plugin maintainer. To disable these warnings, set -Dmaven.project.sourceRoots.warningsDisabled=true on the command line, in the .mvn/maven.config file, or in project POM properties.
2026-04-12 02:37:35,772 [Worker-11: Building] INFO  o.a.m.s.f.DefaultMavenResourcesFiltering - Copying 1 resource from src\main\resources to target\classes
2026-04-12 02:37:35,778 [Worker-11: Building] INFO  o.a.m.s.f.DefaultMavenResourcesFiltering - Copying 0 resource from src\main\resources to target\classes
2026-04-12 02:37:35,781 [Worker-11: Building] INFO  o.a.m.s.f.DefaultMavenResourcesFiltering - skip non existing resourceDirectory C:\Users\hp\Desktop\CMP404 Urban Flow Project\districtservice\src\test\resources
2026-04-12 02:37:35,781 [Worker-11: Building] WARN  o.apache.maven.project.MavenProject - Plugin is modifying compileSourceRoots through clear(), which will not work in Maven 4.0.0. Use MavenProject.addCompileSourceRoot()/removeCompileSourceRoot() methods instead. If using a plugin, please upgrade to the latest version or report the issue to the plugin maintainer. To disable these warnings, set -Dmaven.project.sourceRoots.warningsDisabled=true on the command line, in the .mvn/maven.config file, or in project POM properties.
2026-04-12 02:37:35,782 [Worker-11: Building] WARN  o.apache.maven.project.MavenProject - Plugin is modifying compileSourceRoots through add(), which will not work in Maven 4.0.0. Use MavenProject.addCompileSourceRoot()/removeCompileSourceRoot() methods instead. If using a plugin, please upgrade to the latest version or report the issue to the plugin maintainer. To disable these warnings, set -Dmaven.project.sourceRoots.warningsDisabled=true on the command line, in the .mvn/maven.config file, or in project POM properties.
2026-04-12 02:37:35,783 [Worker-11: Building] WARN  o.apache.maven.project.MavenProject - Plugin is modifying testCompileSourceRoots through clear(), which will not work in Maven 4.0.0. Use MavenProject.addTestCompileSourceRoot()/removeTestCompileSourceRoot() methods instead. If using a plugin, please upgrade to the latest version or report the issue to the plugin maintainer. To disable these warnings, set -Dmaven.project.sourceRoots.warningsDisabled=true on the command line, in the .mvn/maven.config file, or in project POM properties.
2026-04-12 02:37:35,783 [Worker-11: Building] WARN  o.apache.maven.project.MavenProject - Plugin is modifying testCompileSourceRoots through add(), which will not work in Maven 4.0.0. Use MavenProject.addTestCompileSourceRoot()/removeTestCompileSourceRoot() methods instead. If using a plugin, please upgrade to the latest version or report the issue to the plugin maintainer. To disable these warnings, set -Dmaven.project.sourceRoots.warningsDisabled=true on the command line, in the .mvn/maven.config file, or in project POM properties.
2026-04-12 02:37:51,136 [Worker-17: Building] INFO  o.a.m.s.f.DefaultMavenResourcesFiltering - Copying 1 resource from src\main\resources to target\classes
2026-04-12 02:37:51,142 [Worker-17: Building] INFO  o.a.m.s.f.DefaultMavenResourcesFiltering - Copying 0 resource from src\main\resources to target\classes
2026-04-12 02:37:51,149 [Worker-17: Building] INFO  o.a.m.s.f.DefaultMavenResourcesFiltering - skip non existing resourceDirectory C:\Users\hp\Desktop\CMP404 Urban Flow Project\districtservice\src\test\resources
2026-04-12 02:37:51,149 [Worker-17: Building] WARN  o.apache.maven.project.MavenProject - Plugin is modifying compileSourceRoots through clear(), which will not work in Maven 4.0.0. Use MavenProject.addCompileSourceRoot()/removeCompileSourceRoot() methods instead. If using a plugin, please upgrade to the latest version or report the issue to the plugin maintainer. To disable these warnings, set -Dmaven.project.sourceRoots.warningsDisabled=true on the command line, in the .mvn/maven.config file, or in project POM properties.
2026-04-12 02:37:51,150 [Worker-17: Building] WARN  o.apache.maven.project.MavenProject - Plugin is modifying compileSourceRoots through add(), which will not work in Maven 4.0.0. Use MavenProject.addCompileSourceRoot()/removeCompileSourceRoot() methods instead. If using a plugin, please upgrade to the latest version or report the issue to the plugin maintainer. To disable these warnings, set -Dmaven.project.sourceRoots.warningsDisabled=true on the command line, in the .mvn/maven.config file, or in project POM properties.
2026-04-12 02:37:51,152 [Worker-17: Building] WARN  o.apache.maven.project.MavenProject - Plugin is modifying testCompileSourceRoots through clear(), which will not work in Maven 4.0.0. Use MavenProject.addTestCompileSourceRoot()/removeTestCompileSourceRoot() methods instead. If using a plugin, please upgrade to the latest version or report the issue to the plugin maintainer. To disable these warnings, set -Dmaven.project.sourceRoots.warningsDisabled=true on the command line, in the .mvn/maven.config file, or in project POM properties.
2026-04-12 02:37:51,152 [Worker-17: Building] WARN  o.apache.maven.project.MavenProject - Plugin is modifying testCompileSourceRoots through add(), which will not work in Maven 4.0.0. Use MavenProject.addTestCompileSourceRoot()/removeTestCompileSourceRoot() methods instead. If using a plugin, please upgrade to the latest version or report the issue to the plugin maintainer. To disable these warnings, set -Dmaven.project.sourceRoots.warningsDisabled=true on the command line, in the .mvn/maven.config file, or in project POM properties.
2026-04-12 02:38:04,479 [Worker-17: Building] INFO  o.a.m.s.f.DefaultMavenResourcesFiltering - Copying 1 resource from src\main\resources to target\classes
2026-04-12 02:38:04,489 [Worker-17: Building] INFO  o.a.m.s.f.DefaultMavenResourcesFiltering - Copying 0 resource from src\main\resources to target\classes
2026-04-12 02:38:04,496 [Worker-17: Building] INFO  o.a.m.s.f.DefaultMavenResourcesFiltering - skip non existing resourceDirectory C:\Users\hp\Desktop\CMP404 Urban Flow Project\districtservice\src\test\resources
2026-04-12 02:38:04,497 [Worker-17: Building] WARN  o.apache.maven.project.MavenProject - Plugin is modifying compileSourceRoots through clear(), which will not work in Maven 4.0.0. Use MavenProject.addCompileSourceRoot()/removeCompileSourceRoot() methods instead. If using a plugin, please upgrade to the latest version or report the issue to the plugin maintainer. To disable these warnings, set -Dmaven.project.sourceRoots.warningsDisabled=true on the command line, in the .mvn/maven.config file, or in project POM properties.
2026-04-12 02:38:04,498 [Worker-17: Building] WARN  o.apache.maven.project.MavenProject - Plugin is modifying compileSourceRoots through add(), which will not work in Maven 4.0.0. Use MavenProject.addCompileSourceRoot()/removeCompileSourceRoot() methods instead. If using a plugin, please upgrade to the latest version or report the issue to the plugin maintainer. To disable these warnings, set -Dmaven.project.sourceRoots.warningsDisabled=true on the command line, in the .mvn/maven.config file, or in project POM properties.
2026-04-12 02:38:04,499 [Worker-17: Building] WARN  o.apache.maven.project.MavenProject - Plugin is modifying testCompileSourceRoots through clear(), which will not work in Maven 4.0.0. Use MavenProject.addTestCompileSourceRoot()/removeTestCompileSourceRoot() methods instead. If using a plugin, please upgrade to the latest version or report the issue to the plugin maintainer. To disable these warnings, set -Dmaven.project.sourceRoots.warningsDisabled=true on the command line, in the .mvn/maven.config file, or in project POM properties.
2026-04-12 02:38:04,500 [Worker-17: Building] WARN  o.apache.maven.project.MavenProject - Plugin is modifying testCompileSourceRoots through add(), which will not work in Maven 4.0.0. Use MavenProject.addTestCompileSourceRoot()/removeTestCompileSourceRoot() methods instead. If using a plugin, please upgrade to the latest version or report the issue to the plugin maintainer. To disable these warnings, set -Dmaven.project.sourceRoots.warningsDisabled=true on the command line, in the .mvn/maven.config file, or in project POM properties.
2026-04-12 02:38:15,137 [Worker-25: Building] INFO  o.a.m.s.f.DefaultMavenResourcesFiltering - Copying 1 resource from src\main\resources to target\classes
2026-04-12 02:38:15,142 [Worker-25: Building] INFO  o.a.m.s.f.DefaultMavenResourcesFiltering - Copying 0 resource from src\main\resources to target\classes
2026-04-12 02:38:15,145 [Worker-25: Building] INFO  o.a.m.s.f.DefaultMavenResourcesFiltering - skip non existing resourceDirectory C:\Users\hp\Desktop\CMP404 Urban Flow Project\districtservice\src\test\resources
2026-04-12 02:38:15,146 [Worker-25: Building] WARN  o.apache.maven.project.MavenProject - Plugin is modifying compileSourceRoots through clear(), which will not work in Maven 4.0.0. Use MavenProject.addCompileSourceRoot()/removeCompileSourceRoot() methods instead. If using a plugin, please upgrade to the latest version or report the issue to the plugin maintainer. To disable these warnings, set -Dmaven.project.sourceRoots.warningsDisabled=true on the command line, in the .mvn/maven.config file, or in project POM properties.
2026-04-12 02:38:15,146 [Worker-25: Building] WARN  o.apache.maven.project.MavenProject - Plugin is modifying compileSourceRoots through add(), which will not work in Maven 4.0.0. Use MavenProject.addCompileSourceRoot()/removeCompileSourceRoot() methods instead. If using a plugin, please upgrade to the latest version or report the issue to the plugin maintainer. To disable these warnings, set -Dmaven.project.sourceRoots.warningsDisabled=true on the command line, in the .mvn/maven.config file, or in project POM properties.
2026-04-12 02:38:15,147 [Worker-25: Building] WARN  o.apache.maven.project.MavenProject - Plugin is modifying testCompileSourceRoots through clear(), which will not work in Maven 4.0.0. Use MavenProject.addTestCompileSourceRoot()/removeTestCompileSourceRoot() methods instead. If using a plugin, please upgrade to the latest version or report the issue to the plugin maintainer. To disable these warnings, set -Dmaven.project.sourceRoots.warningsDisabled=true on the command line, in the .mvn/maven.config file, or in project POM properties.
2026-04-12 02:38:15,148 [Worker-25: Building] WARN  o.apache.maven.project.MavenProject - Plugin is modifying testCompileSourceRoots through add(), which will not work in Maven 4.0.0. Use MavenProject.addTestCompileSourceRoot()/removeTestCompileSourceRoot() methods instead. If using a plugin, please upgrade to the latest version or report the issue to the plugin maintainer. To disable these warnings, set -Dmaven.project.sourceRoots.warningsDisabled=true on the command line, in the .mvn/maven.config file, or in project POM properties.
2026-04-12 02:38:25,763 [Worker-25: Building] INFO  o.a.m.s.f.DefaultMavenResourcesFiltering - Copying 1 resource from src\main\resources to target\classes
2026-04-12 02:38:25,769 [Worker-25: Building] INFO  o.a.m.s.f.DefaultMavenResourcesFiltering - Copying 0 resource from src\main\resources to target\classes
2026-04-12 02:38:25,772 [Worker-25: Building] INFO  o.a.m.s.f.DefaultMavenResourcesFiltering - skip non existing resourceDirectory C:\Users\hp\Desktop\CMP404 Urban Flow Project\districtservice\src\test\resources
2026-04-12 02:38:25,772 [Worker-25: Building] WARN  o.apache.maven.project.MavenProject - Plugin is modifying compileSourceRoots through clear(), which will not work in Maven 4.0.0. Use MavenProject.addCompileSourceRoot()/removeCompileSourceRoot() methods instead. If using a plugin, please upgrade to the latest version or report the issue to the plugin maintainer. To disable these warnings, set -Dmaven.project.sourceRoots.warningsDisabled=true on the command line, in the .mvn/maven.config file, or in project POM properties.
2026-04-12 02:38:25,773 [Worker-25: Building] WARN  o.apache.maven.project.MavenProject - Plugin is modifying compileSourceRoots through add(), which will not work in Maven 4.0.0. Use MavenProject.addCompileSourceRoot()/removeCompileSourceRoot() methods instead. If using a plugin, please upgrade to the latest version or report the issue to the plugin maintainer. To disable these warnings, set -Dmaven.project.sourceRoots.warningsDisabled=true on the command line, in the .mvn/maven.config file, or in project POM properties.
2026-04-12 02:38:25,773 [Worker-25: Building] WARN  o.apache.maven.project.MavenProject - Plugin is modifying testCompileSourceRoots through clear(), which will not work in Maven 4.0.0. Use MavenProject.addTestCompileSourceRoot()/removeTestCompileSourceRoot() methods instead. If using a plugin, please upgrade to the latest version or report the issue to the plugin maintainer. To disable these warnings, set -Dmaven.project.sourceRoots.warningsDisabled=true on the command line, in the .mvn/maven.config file, or in project POM properties.
2026-04-12 02:38:25,774 [Worker-25: Building] WARN  o.apache.maven.project.MavenProject - Plugin is modifying testCompileSourceRoots through add(), which will not work in Maven 4.0.0. Use MavenProject.addTestCompileSourceRoot()/removeTestCompileSourceRoot() methods instead. If using a plugin, please upgrade to the latest version or report the issue to the plugin maintainer. To disable these warnings, set -Dmaven.project.sourceRoots.warningsDisabled=true on the command line, in the .mvn/maven.config file, or in project POM properties.
2026-04-12 02:53:15,139 [Worker-28: Building] INFO  o.a.m.s.f.DefaultMavenResourcesFiltering - Copying 1 resource from src\main\resources to target\classes
2026-04-12 02:53:15,148 [Worker-28: Building] INFO  o.a.m.s.f.DefaultMavenResourcesFiltering - Copying 0 resource from src\main\resources to target\classes
2026-04-12 02:53:15,151 [Worker-28: Building] INFO  o.a.m.s.f.DefaultMavenResourcesFiltering - skip non existing resourceDirectory C:\Users\hp\Desktop\CMP404 Urban Flow Project\districtservice\src\test\resources
2026-04-12 02:53:15,152 [Worker-28: Building] WARN  o.apache.maven.project.MavenProject - Plugin is modifying compileSourceRoots through clear(), which will not work in Maven 4.0.0. Use MavenProject.addCompileSourceRoot()/removeCompileSourceRoot() methods instead. If using a plugin, please upgrade to the latest version or report the issue to the plugin maintainer. To disable these warnings, set -Dmaven.project.sourceRoots.warningsDisabled=true on the command line, in the .mvn/maven.config file, or in project POM properties.
2026-04-12 02:53:15,153 [Worker-28: Building] WARN  o.apache.maven.project.MavenProject - Plugin is modifying compileSourceRoots through add(), which will not work in Maven 4.0.0. Use MavenProject.addCompileSourceRoot()/removeCompileSourceRoot() methods instead. If using a plugin, please upgrade to the latest version or report the issue to the plugin maintainer. To disable these warnings, set -Dmaven.project.sourceRoots.warningsDisabled=true on the command line, in the .mvn/maven.config file, or in project POM properties.
2026-04-12 02:53:15,154 [Worker-28: Building] WARN  o.apache.maven.project.MavenProject - Plugin is modifying testCompileSourceRoots through clear(), which will not work in Maven 4.0.0. Use MavenProject.addTestCompileSourceRoot()/removeTestCompileSourceRoot() methods instead. If using a plugin, please upgrade to the latest version or report the issue to the plugin maintainer. To disable these warnings, set -Dmaven.project.sourceRoots.warningsDisabled=true on the command line, in the .mvn/maven.config file, or in project POM properties.
2026-04-12 02:53:15,154 [Worker-28: Building] WARN  o.apache.maven.project.MavenProject - Plugin is modifying testCompileSourceRoots through add(), which will not work in Maven 4.0.0. Use MavenProject.addTestCompileSourceRoot()/removeTestCompileSourceRoot() methods instead. If using a plugin, please upgrade to the latest version or report the issue to the plugin maintainer. To disable these warnings, set -Dmaven.project.sourceRoots.warningsDisabled=true on the command line, in the .mvn/maven.config file, or in project POM properties.
2026-04-12 02:56:36,971 [Worker-17: Building] INFO  o.a.m.s.f.DefaultMavenResourcesFiltering - Copying 1 resource from src\main\resources to target\classes
2026-04-12 02:56:36,978 [Worker-17: Building] INFO  o.a.m.s.f.DefaultMavenResourcesFiltering - Copying 0 resource from src\main\resources to target\classes
2026-04-12 02:56:36,982 [Worker-17: Building] INFO  o.a.m.s.f.DefaultMavenResourcesFiltering - skip non existing resourceDirectory C:\Users\hp\Desktop\CMP404 Urban Flow Project\districtservice\src\test\resources
2026-04-12 02:56:36,982 [Worker-17: Building] WARN  o.apache.maven.project.MavenProject - Plugin is modifying compileSourceRoots through clear(), which will not work in Maven 4.0.0. Use MavenProject.addCompileSourceRoot()/removeCompileSourceRoot() methods instead. If using a plugin, please upgrade to the latest version or report the issue to the plugin maintainer. To disable these warnings, set -Dmaven.project.sourceRoots.warningsDisabled=true on the command line, in the .mvn/maven.config file, or in project POM properties.
2026-04-12 02:56:36,983 [Worker-17: Building] WARN  o.apache.maven.project.MavenProject - Plugin is modifying compileSourceRoots through add(), which will not work in Maven 4.0.0. Use MavenProject.addCompileSourceRoot()/removeCompileSourceRoot() methods instead. If using a plugin, please upgrade to the latest version or report the issue to the plugin maintainer. To disable these warnings, set -Dmaven.project.sourceRoots.warningsDisabled=true on the command line, in the .mvn/maven.config file, or in project POM properties.
2026-04-12 02:56:36,983 [Worker-17: Building] WARN  o.apache.maven.project.MavenProject - Plugin is modifying testCompileSourceRoots through clear(), which will not work in Maven 4.0.0. Use MavenProject.addTestCompileSourceRoot()/removeTestCompileSourceRoot() methods instead. If using a plugin, please upgrade to the latest version or report the issue to the plugin maintainer. To disable these warnings, set -Dmaven.project.sourceRoots.warningsDisabled=true on the command line, in the .mvn/maven.config file, or in project POM properties.
2026-04-12 02:56:36,984 [Worker-17: Building] WARN  o.apache.maven.project.MavenProject - Plugin is modifying testCompileSourceRoots through add(), which will not work in Maven 4.0.0. Use MavenProject.addTestCompileSourceRoot()/removeTestCompileSourceRoot() methods instead. If using a plugin, please upgrade to the latest version or report the issue to the plugin maintainer. To disable these warnings, set -Dmaven.project.sourceRoots.warningsDisabled=true on the command line, in the .mvn/maven.config file, or in project POM properties.
2026-04-12 03:00:50,826 [Worker-35: Building] INFO  o.a.m.s.f.DefaultMavenResourcesFiltering - Copying 1 resource from src\main\resources to target\classes
2026-04-12 03:00:50,835 [Worker-35: Building] INFO  o.a.m.s.f.DefaultMavenResourcesFiltering - Copying 0 resource from src\main\resources to target\classes
2026-04-12 03:00:50,838 [Worker-35: Building] INFO  o.a.m.s.f.DefaultMavenResourcesFiltering - skip non existing resourceDirectory C:\Users\hp\Desktop\CMP404 Urban Flow Project\districtservice\src\test\resources
2026-04-12 03:00:50,838 [Worker-35: Building] WARN  o.apache.maven.project.MavenProject - Plugin is modifying compileSourceRoots through clear(), which will not work in Maven 4.0.0. Use MavenProject.addCompileSourceRoot()/removeCompileSourceRoot() methods instead. If using a plugin, please upgrade to the latest version or report the issue to the plugin maintainer. To disable these warnings, set -Dmaven.project.sourceRoots.warningsDisabled=true on the command line, in the .mvn/maven.config file, or in project POM properties.
2026-04-12 03:00:50,839 [Worker-35: Building] WARN  o.apache.maven.project.MavenProject - Plugin is modifying compileSourceRoots through add(), which will not work in Maven 4.0.0. Use MavenProject.addCompileSourceRoot()/removeCompileSourceRoot() methods instead. If using a plugin, please upgrade to the latest version or report the issue to the plugin maintainer. To disable these warnings, set -Dmaven.project.sourceRoots.warningsDisabled=true on the command line, in the .mvn/maven.config file, or in project POM properties.
2026-04-12 03:00:50,839 [Worker-35: Building] WARN  o.apache.maven.project.MavenProject - Plugin is modifying testCompileSourceRoots through clear(), which will not work in Maven 4.0.0. Use MavenProject.addTestCompileSourceRoot()/removeTestCompileSourceRoot() methods instead. If using a plugin, please upgrade to the latest version or report the issue to the plugin maintainer. To disable these warnings, set -Dmaven.project.sourceRoots.warningsDisabled=true on the command line, in the .mvn/maven.config file, or in project POM properties.
2026-04-12 03:00:50,840 [Worker-35: Building] WARN  o.apache.maven.project.MavenProject - Plugin is modifying testCompileSourceRoots through add(), which will not work in Maven 4.0.0. Use MavenProject.addTestCompileSourceRoot()/removeTestCompileSourceRoot() methods instead. If using a plugin, please upgrade to the latest version or report the issue to the plugin maintainer. To disable these warnings, set -Dmaven.project.sourceRoots.warningsDisabled=true on the command line, in the .mvn/maven.config file, or in project POM properties.
2026-04-12 03:02:24,436 [Worker-33: Building] INFO  o.a.m.s.f.DefaultMavenResourcesFiltering - Copying 1 resource from src\main\resources to target\classes
2026-04-12 03:02:24,441 [Worker-33: Building] INFO  o.a.m.s.f.DefaultMavenResourcesFiltering - Copying 0 resource from src\main\resources to target\classes
2026-04-12 03:02:24,445 [Worker-33: Building] INFO  o.a.m.s.f.DefaultMavenResourcesFiltering - skip non existing resourceDirectory C:\Users\hp\Desktop\CMP404 Urban Flow Project\districtservice\src\test\resources
2026-04-12 03:02:24,445 [Worker-33: Building] WARN  o.apache.maven.project.MavenProject - Plugin is modifying compileSourceRoots through clear(), which will not work in Maven 4.0.0. Use MavenProject.addCompileSourceRoot()/removeCompileSourceRoot() methods instead. If using a plugin, please upgrade to the latest version or report the issue to the plugin maintainer. To disable these warnings, set -Dmaven.project.sourceRoots.warningsDisabled=true on the command line, in the .mvn/maven.config file, or in project POM properties.
2026-04-12 03:02:24,446 [Worker-33: Building] WARN  o.apache.maven.project.MavenProject - Plugin is modifying compileSourceRoots through add(), which will not work in Maven 4.0.0. Use MavenProject.addCompileSourceRoot()/removeCompileSourceRoot() methods instead. If using a plugin, please upgrade to the latest version or report the issue to the plugin maintainer. To disable these warnings, set -Dmaven.project.sourceRoots.warningsDisabled=true on the command line, in the .mvn/maven.config file, or in project POM properties.
2026-04-12 03:02:24,447 [Worker-33: Building] WARN  o.apache.maven.project.MavenProject - Plugin is modifying testCompileSourceRoots through clear(), which will not work in Maven 4.0.0. Use MavenProject.addTestCompileSourceRoot()/removeTestCompileSourceRoot() methods instead. If using a plugin, please upgrade to the latest version or report the issue to the plugin maintainer. To disable these warnings, set -Dmaven.project.sourceRoots.warningsDisabled=true on the command line, in the .mvn/maven.config file, or in project POM properties.
2026-04-12 03:02:24,447 [Worker-33: Building] WARN  o.apache.maven.project.MavenProject - Plugin is modifying testCompileSourceRoots through add(), which will not work in Maven 4.0.0. Use MavenProject.addTestCompileSourceRoot()/removeTestCompileSourceRoot() methods instead. If using a plugin, please upgrade to the latest version or report the issue to the plugin maintainer. To disable these warnings, set -Dmaven.project.sourceRoots.warningsDisabled=true on the command line, in the .mvn/maven.config file, or in project POM properties.
2026-04-12 19:37:51,157 [Worker-52: Building] INFO  o.a.m.s.f.DefaultMavenResourcesFiltering - Copying 1 resource from src\main\resources to target\classes
2026-04-12 19:37:51,198 [Worker-52: Building] INFO  o.a.m.s.f.DefaultMavenResourcesFiltering - Copying 0 resource from src\main\resources to target\classes
2026-04-12 19:37:51,203 [Worker-52: Building] INFO  o.a.m.s.f.DefaultMavenResourcesFiltering - skip non existing resourceDirectory C:\Users\hp\Desktop\CMP404 Urban Flow Project\districtservice\src\test\resources
2026-04-12 19:37:51,204 [Worker-52: Building] WARN  o.apache.maven.project.MavenProject - Plugin is modifying compileSourceRoots through clear(), which will not work in Maven 4.0.0. Use MavenProject.addCompileSourceRoot()/removeCompileSourceRoot() methods instead. If using a plugin, please upgrade to the latest version or report the issue to the plugin maintainer. To disable these warnings, set -Dmaven.project.sourceRoots.warningsDisabled=true on the command line, in the .mvn/maven.config file, or in project POM properties.
2026-04-12 19:37:51,207 [Worker-52: Building] WARN  o.apache.maven.project.MavenProject - Plugin is modifying compileSourceRoots through add(), which will not work in Maven 4.0.0. Use MavenProject.addCompileSourceRoot()/removeCompileSourceRoot() methods instead. If using a plugin, please upgrade to the latest version or report the issue to the plugin maintainer. To disable these warnings, set -Dmaven.project.sourceRoots.warningsDisabled=true on the command line, in the .mvn/maven.config file, or in project POM properties.
2026-04-12 19:37:51,208 [Worker-52: Building] WARN  o.apache.maven.project.MavenProject - Plugin is modifying testCompileSourceRoots through clear(), which will not work in Maven 4.0.0. Use MavenProject.addTestCompileSourceRoot()/removeTestCompileSourceRoot() methods instead. If using a plugin, please upgrade to the latest version or report the issue to the plugin maintainer. To disable these warnings, set -Dmaven.project.sourceRoots.warningsDisabled=true on the command line, in the .mvn/maven.config file, or in project POM properties.
2026-04-12 19:37:51,210 [Worker-52: Building] WARN  o.apache.maven.project.MavenProject - Plugin is modifying testCompileSourceRoots through add(), which will not work in Maven 4.0.0. Use MavenProject.addTestCompileSourceRoot()/removeTestCompileSourceRoot() methods instead. If using a plugin, please upgrade to the latest version or report the issue to the plugin maintainer. To disable these warnings, set -Dmaven.project.sourceRoots.warningsDisabled=true on the command line, in the .mvn/maven.config file, or in project POM properties.
2026-04-12 19:38:04,046 [Worker-44: Building] INFO  o.a.m.s.f.DefaultMavenResourcesFiltering - Copying 1 resource from src\main\resources to target\classes
2026-04-12 19:38:04,062 [Worker-44: Building] INFO  o.a.m.s.f.DefaultMavenResourcesFiltering - Copying 0 resource from src\main\resources to target\classes
2026-04-12 19:38:04,070 [Worker-44: Building] INFO  o.a.m.s.f.DefaultMavenResourcesFiltering - skip non existing resourceDirectory C:\Users\hp\Desktop\CMP404 Urban Flow Project\districtservice\src\test\resources
2026-04-12 19:38:04,070 [Worker-44: Building] WARN  o.apache.maven.project.MavenProject - Plugin is modifying compileSourceRoots through clear(), which will not work in Maven 4.0.0. Use MavenProject.addCompileSourceRoot()/removeCompileSourceRoot() methods instead. If using a plugin, please upgrade to the latest version or report the issue to the plugin maintainer. To disable these warnings, set -Dmaven.project.sourceRoots.warningsDisabled=true on the command line, in the .mvn/maven.config file, or in project POM properties.
2026-04-12 19:38:04,072 [Worker-44: Building] WARN  o.apache.maven.project.MavenProject - Plugin is modifying compileSourceRoots through add(), which will not work in Maven 4.0.0. Use MavenProject.addCompileSourceRoot()/removeCompileSourceRoot() methods instead. If using a plugin, please upgrade to the latest version or report the issue to the plugin maintainer. To disable these warnings, set -Dmaven.project.sourceRoots.warningsDisabled=true on the command line, in the .mvn/maven.config file, or in project POM properties.
2026-04-12 19:38:04,072 [Worker-44: Building] WARN  o.apache.maven.project.MavenProject - Plugin is modifying testCompileSourceRoots through clear(), which will not work in Maven 4.0.0. Use MavenProject.addTestCompileSourceRoot()/removeTestCompileSourceRoot() methods instead. If using a plugin, please upgrade to the latest version or report the issue to the plugin maintainer. To disable these warnings, set -Dmaven.project.sourceRoots.warningsDisabled=true on the command line, in the .mvn/maven.config file, or in project POM properties.
2026-04-12 19:38:04,073 [Worker-44: Building] WARN  o.apache.maven.project.MavenProject - Plugin is modifying testCompileSourceRoots through add(), which will not work in Maven 4.0.0. Use MavenProject.addTestCompileSourceRoot()/removeTestCompileSourceRoot() methods instead. If using a plugin, please upgrade to the latest version or report the issue to the plugin maintainer. To disable these warnings, set -Dmaven.project.sourceRoots.warningsDisabled=true on the command line, in the .mvn/maven.config file, or in project POM properties.
2026-04-12 19:38:11,830 [Worker-52: Building] INFO  o.a.m.s.f.DefaultMavenResourcesFiltering - Copying 1 resource from src\main\resources to target\classes
2026-04-12 19:38:11,843 [Worker-52: Building] INFO  o.a.m.s.f.DefaultMavenResourcesFiltering - Copying 0 resource from src\main\resources to target\classes
2026-04-12 19:38:11,846 [Worker-52: Building] INFO  o.a.m.s.f.DefaultMavenResourcesFiltering - skip non existing resourceDirectory C:\Users\hp\Desktop\CMP404 Urban Flow Project\districtservice\src\test\resources
2026-04-12 19:38:11,847 [Worker-52: Building] WARN  o.apache.maven.project.MavenProject - Plugin is modifying compileSourceRoots through clear(), which will not work in Maven 4.0.0. Use MavenProject.addCompileSourceRoot()/removeCompileSourceRoot() methods instead. If using a plugin, please upgrade to the latest version or report the issue to the plugin maintainer. To disable these warnings, set -Dmaven.project.sourceRoots.warningsDisabled=true on the command line, in the .mvn/maven.config file, or in project POM properties.
2026-04-12 19:38:11,848 [Worker-52: Building] WARN  o.apache.maven.project.MavenProject - Plugin is modifying compileSourceRoots through add(), which will not work in Maven 4.0.0. Use MavenProject.addCompileSourceRoot()/removeCompileSourceRoot() methods instead. If using a plugin, please upgrade to the latest version or report the issue to the plugin maintainer. To disable these warnings, set -Dmaven.project.sourceRoots.warningsDisabled=true on the command line, in the .mvn/maven.config file, or in project POM properties.
2026-04-12 19:38:11,849 [Worker-52: Building] WARN  o.apache.maven.project.MavenProject - Plugin is modifying testCompileSourceRoots through clear(), which will not work in Maven 4.0.0. Use MavenProject.addTestCompileSourceRoot()/removeTestCompileSourceRoot() methods instead. If using a plugin, please upgrade to the latest version or report the issue to the plugin maintainer. To disable these warnings, set -Dmaven.project.sourceRoots.warningsDisabled=true on the command line, in the .mvn/maven.config file, or in project POM properties.
2026-04-12 19:38:11,850 [Worker-52: Building] WARN  o.apache.maven.project.MavenProject - Plugin is modifying testCompileSourceRoots through add(), which will not work in Maven 4.0.0. Use MavenProject.addTestCompileSourceRoot()/removeTestCompileSourceRoot() methods instead. If using a plugin, please upgrade to the latest version or report the issue to the plugin maintainer. To disable these warnings, set -Dmaven.project.sourceRoots.warningsDisabled=true on the command line, in the .mvn/maven.config file, or in project POM properties.
2026-04-12 19:38:39,521 [Worker-49: Building] INFO  o.a.m.s.f.DefaultMavenResourcesFiltering - Copying 1 resource from src\main\resources to target\classes
2026-04-12 19:38:39,536 [Worker-49: Building] INFO  o.a.m.s.f.DefaultMavenResourcesFiltering - Copying 0 resource from src\main\resources to target\classes
2026-04-12 19:38:39,541 [Worker-49: Building] INFO  o.a.m.s.f.DefaultMavenResourcesFiltering - skip non existing resourceDirectory C:\Users\hp\Desktop\CMP404 Urban Flow Project\districtservice\src\test\resources
2026-04-12 19:38:39,541 [Worker-49: Building] WARN  o.apache.maven.project.MavenProject - Plugin is modifying compileSourceRoots through clear(), which will not work in Maven 4.0.0. Use MavenProject.addCompileSourceRoot()/removeCompileSourceRoot() methods instead. If using a plugin, please upgrade to the latest version or report the issue to the plugin maintainer. To disable these warnings, set -Dmaven.project.sourceRoots.warningsDisabled=true on the command line, in the .mvn/maven.config file, or in project POM properties.
2026-04-12 19:38:39,542 [Worker-49: Building] WARN  o.apache.maven.project.MavenProject - Plugin is modifying compileSourceRoots through add(), which will not work in Maven 4.0.0. Use MavenProject.addCompileSourceRoot()/removeCompileSourceRoot() methods instead. If using a plugin, please upgrade to the latest version or report the issue to the plugin maintainer. To disable these warnings, set -Dmaven.project.sourceRoots.warningsDisabled=true on the command line, in the .mvn/maven.config file, or in project POM properties.
2026-04-12 19:38:39,543 [Worker-49: Building] WARN  o.apache.maven.project.MavenProject - Plugin is modifying testCompileSourceRoots through clear(), which will not work in Maven 4.0.0. Use MavenProject.addTestCompileSourceRoot()/removeTestCompileSourceRoot() methods instead. If using a plugin, please upgrade to the latest version or report the issue to the plugin maintainer. To disable these warnings, set -Dmaven.project.sourceRoots.warningsDisabled=true on the command line, in the .mvn/maven.config file, or in project POM properties.
2026-04-12 19:38:39,543 [Worker-49: Building] WARN  o.apache.maven.project.MavenProject - Plugin is modifying testCompileSourceRoots through add(), which will not work in Maven 4.0.0. Use MavenProject.addTestCompileSourceRoot()/removeTestCompileSourceRoot() methods instead. If using a plugin, please upgrade to the latest version or report the issue to the plugin maintainer. To disable these warnings, set -Dmaven.project.sourceRoots.warningsDisabled=true on the command line, in the .mvn/maven.config file, or in project POM properties.
2026-04-12 19:38:59,566 [Worker-44: Building] INFO  o.a.m.s.f.DefaultMavenResourcesFiltering - Copying 1 resource from src\main\resources to target\classes
2026-04-12 19:38:59,575 [Worker-44: Building] INFO  o.a.m.s.f.DefaultMavenResourcesFiltering - Copying 0 resource from src\main\resources to target\classes
2026-04-12 19:38:59,579 [Worker-44: Building] INFO  o.a.m.s.f.DefaultMavenResourcesFiltering - skip non existing resourceDirectory C:\Users\hp\Desktop\CMP404 Urban Flow Project\districtservice\src\test\resources
2026-04-12 19:38:59,579 [Worker-44: Building] WARN  o.apache.maven.project.MavenProject - Plugin is modifying compileSourceRoots through clear(), which will not work in Maven 4.0.0. Use MavenProject.addCompileSourceRoot()/removeCompileSourceRoot() methods instead. If using a plugin, please upgrade to the latest version or report the issue to the plugin maintainer. To disable these warnings, set -Dmaven.project.sourceRoots.warningsDisabled=true on the command line, in the .mvn/maven.config file, or in project POM properties.
2026-04-12 19:38:59,580 [Worker-44: Building] WARN  o.apache.maven.project.MavenProject - Plugin is modifying compileSourceRoots through add(), which will not work in Maven 4.0.0. Use MavenProject.addCompileSourceRoot()/removeCompileSourceRoot() methods instead. If using a plugin, please upgrade to the latest version or report the issue to the plugin maintainer. To disable these warnings, set -Dmaven.project.sourceRoots.warningsDisabled=true on the command line, in the .mvn/maven.config file, or in project POM properties.
2026-04-12 19:38:59,582 [Worker-44: Building] WARN  o.apache.maven.project.MavenProject - Plugin is modifying testCompileSourceRoots through clear(), which will not work in Maven 4.0.0. Use MavenProject.addTestCompileSourceRoot()/removeTestCompileSourceRoot() methods instead. If using a plugin, please upgrade to the latest version or report the issue to the plugin maintainer. To disable these warnings, set -Dmaven.project.sourceRoots.warningsDisabled=true on the command line, in the .mvn/maven.config file, or in project POM properties.
2026-04-12 19:38:59,583 [Worker-44: Building] WARN  o.apache.maven.project.MavenProject - Plugin is modifying testCompileSourceRoots through add(), which will not work in Maven 4.0.0. Use MavenProject.addTestCompileSourceRoot()/removeTestCompileSourceRoot() methods instead. If using a plugin, please upgrade to the latest version or report the issue to the plugin maintainer. To disable these warnings, set -Dmaven.project.sourceRoots.warningsDisabled=true on the command line, in the .mvn/maven.config file, or in project POM properties.
2026-04-12 19:42:59,650 [Worker-53: Building] INFO  o.a.m.s.f.DefaultMavenResourcesFiltering - Copying 1 resource from src\main\resources to target\classes
2026-04-12 19:42:59,684 [Worker-53: Building] INFO  o.a.m.s.f.DefaultMavenResourcesFiltering - Copying 0 resource from src\main\resources to target\classes
2026-04-12 19:42:59,696 [Worker-53: Building] INFO  o.a.m.s.f.DefaultMavenResourcesFiltering - skip non existing resourceDirectory C:\Users\hp\Desktop\CMP404 Urban Flow Project\districtservice\src\test\resources
2026-04-12 19:42:59,699 [Worker-53: Building] WARN  o.apache.maven.project.MavenProject - Plugin is modifying compileSourceRoots through clear(), which will not work in Maven 4.0.0. Use MavenProject.addCompileSourceRoot()/removeCompileSourceRoot() methods instead. If using a plugin, please upgrade to the latest version or report the issue to the plugin maintainer. To disable these warnings, set -Dmaven.project.sourceRoots.warningsDisabled=true on the command line, in the .mvn/maven.config file, or in project POM properties.
2026-04-12 19:42:59,699 [Worker-53: Building] WARN  o.apache.maven.project.MavenProject - Plugin is modifying compileSourceRoots through add(), which will not work in Maven 4.0.0. Use MavenProject.addCompileSourceRoot()/removeCompileSourceRoot() methods instead. If using a plugin, please upgrade to the latest version or report the issue to the plugin maintainer. To disable these warnings, set -Dmaven.project.sourceRoots.warningsDisabled=true on the command line, in the .mvn/maven.config file, or in project POM properties.
2026-04-12 19:42:59,700 [Worker-53: Building] WARN  o.apache.maven.project.MavenProject - Plugin is modifying testCompileSourceRoots through clear(), which will not work in Maven 4.0.0. Use MavenProject.addTestCompileSourceRoot()/removeTestCompileSourceRoot() methods instead. If using a plugin, please upgrade to the latest version or report the issue to the plugin maintainer. To disable these warnings, set -Dmaven.project.sourceRoots.warningsDisabled=true on the command line, in the .mvn/maven.config file, or in project POM properties.
2026-04-12 19:42:59,702 [Worker-53: Building] WARN  o.apache.maven.project.MavenProject - Plugin is modifying testCompileSourceRoots through add(), which will not work in Maven 4.0.0. Use MavenProject.addTestCompileSourceRoot()/removeTestCompileSourceRoot() methods instead. If using a plugin, please upgrade to the latest version or report the issue to the plugin maintainer. To disable these warnings, set -Dmaven.project.sourceRoots.warningsDisabled=true on the command line, in the .mvn/maven.config file, or in project POM properties.
2026-04-12 19:43:12,040 [Worker-52: Building] INFO  o.a.m.s.f.DefaultMavenResourcesFiltering - Copying 1 resource from src\main\resources to target\classes
2026-04-12 19:43:12,047 [Worker-52: Building] INFO  o.a.m.s.f.DefaultMavenResourcesFiltering - Copying 0 resource from src\main\resources to target\classes
2026-04-12 19:43:12,051 [Worker-52: Building] INFO  o.a.m.s.f.DefaultMavenResourcesFiltering - skip non existing resourceDirectory C:\Users\hp\Desktop\CMP404 Urban Flow Project\districtservice\src\test\resources
2026-04-12 19:43:12,052 [Worker-52: Building] WARN  o.apache.maven.project.MavenProject - Plugin is modifying compileSourceRoots through clear(), which will not work in Maven 4.0.0. Use MavenProject.addCompileSourceRoot()/removeCompileSourceRoot() methods instead. If using a plugin, please upgrade to the latest version or report the issue to the plugin maintainer. To disable these warnings, set -Dmaven.project.sourceRoots.warningsDisabled=true on the command line, in the .mvn/maven.config file, or in project POM properties.
2026-04-12 19:43:12,053 [Worker-52: Building] WARN  o.apache.maven.project.MavenProject - Plugin is modifying compileSourceRoots through add(), which will not work in Maven 4.0.0. Use MavenProject.addCompileSourceRoot()/removeCompileSourceRoot() methods instead. If using a plugin, please upgrade to the latest version or report the issue to the plugin maintainer. To disable these warnings, set -Dmaven.project.sourceRoots.warningsDisabled=true on the command line, in the .mvn/maven.config file, or in project POM properties.
2026-04-12 19:43:12,054 [Worker-52: Building] WARN  o.apache.maven.project.MavenProject - Plugin is modifying testCompileSourceRoots through clear(), which will not work in Maven 4.0.0. Use MavenProject.addTestCompileSourceRoot()/removeTestCompileSourceRoot() methods instead. If using a plugin, please upgrade to the latest version or report the issue to the plugin maintainer. To disable these warnings, set -Dmaven.project.sourceRoots.warningsDisabled=true on the command line, in the .mvn/maven.config file, or in project POM properties.
2026-04-12 19:43:12,055 [Worker-52: Building] WARN  o.apache.maven.project.MavenProject - Plugin is modifying testCompileSourceRoots through add(), which will not work in Maven 4.0.0. Use MavenProject.addTestCompileSourceRoot()/removeTestCompileSourceRoot() methods instead. If using a plugin, please upgrade to the latest version or report the issue to the plugin maintainer. To disable these warnings, set -Dmaven.project.sourceRoots.warningsDisabled=true on the command line, in the .mvn/maven.config file, or in project POM properties.
2026-04-12 20:47:32,539 [Worker-63: Building] INFO  o.a.m.s.f.DefaultMavenResourcesFiltering - Copying 1 resource from src\main\resources to target\classes
2026-04-12 20:47:32,557 [Worker-63: Building] INFO  o.a.m.s.f.DefaultMavenResourcesFiltering - Copying 0 resource from src\main\resources to target\classes
2026-04-12 20:47:32,561 [Worker-63: Building] INFO  o.a.m.s.f.DefaultMavenResourcesFiltering - skip non existing resourceDirectory C:\Users\hp\Desktop\CMP404 Urban Flow Project\districtservice\src\test\resources
2026-04-12 20:47:32,561 [Worker-63: Building] WARN  o.apache.maven.project.MavenProject - Plugin is modifying compileSourceRoots through clear(), which will not work in Maven 4.0.0. Use MavenProject.addCompileSourceRoot()/removeCompileSourceRoot() methods instead. If using a plugin, please upgrade to the latest version or report the issue to the plugin maintainer. To disable these warnings, set -Dmaven.project.sourceRoots.warningsDisabled=true on the command line, in the .mvn/maven.config file, or in project POM properties.
2026-04-12 20:47:32,565 [Worker-63: Building] WARN  o.apache.maven.project.MavenProject - Plugin is modifying compileSourceRoots through add(), which will not work in Maven 4.0.0. Use MavenProject.addCompileSourceRoot()/removeCompileSourceRoot() methods instead. If using a plugin, please upgrade to the latest version or report the issue to the plugin maintainer. To disable these warnings, set -Dmaven.project.sourceRoots.warningsDisabled=true on the command line, in the .mvn/maven.config file, or in project POM properties.
2026-04-12 20:47:32,566 [Worker-63: Building] WARN  o.apache.maven.project.MavenProject - Plugin is modifying testCompileSourceRoots through clear(), which will not work in Maven 4.0.0. Use MavenProject.addTestCompileSourceRoot()/removeTestCompileSourceRoot() methods instead. If using a plugin, please upgrade to the latest version or report the issue to the plugin maintainer. To disable these warnings, set -Dmaven.project.sourceRoots.warningsDisabled=true on the command line, in the .mvn/maven.config file, or in project POM properties.
2026-04-12 20:47:32,568 [Worker-63: Building] WARN  o.apache.maven.project.MavenProject - Plugin is modifying testCompileSourceRoots through add(), which will not work in Maven 4.0.0. Use MavenProject.addTestCompileSourceRoot()/removeTestCompileSourceRoot() methods instead. If using a plugin, please upgrade to the latest version or report the issue to the plugin maintainer. To disable these warnings, set -Dmaven.project.sourceRoots.warningsDisabled=true on the command line, in the .mvn/maven.config file, or in project POM properties.
2026-04-12 20:48:31,426 [main] INFO  o.e.m2e.actions.ExecutePomAction - Creating new launch configuration
2026-04-12 20:49:16,037 [Worker-63: Launching districtservice] INFO  o.eclipse.m2e.core.internal.Bundles - getClasspathEntries(Bundle=org.eclipse.m2e.maven.runtime_3.9.1200.20260112-2306 [648])
2026-04-12 20:49:16,040 [Worker-63: Launching districtservice] INFO  o.eclipse.m2e.core.internal.Bundles - 	Entry: C:\Users\hp\.p2\pool\plugins\org.eclipse.m2e.maven.runtime_3.9.1200.20260112-2306
2026-04-12 20:49:16,041 [Worker-63: Launching districtservice] INFO  o.eclipse.m2e.core.internal.Bundles - 	Entry: C:\Users\hp\.p2\pool\plugins\org.eclipse.m2e.maven.runtime_3.9.1200.20260112-2306\jars\aopalliance-1.0.jar
2026-04-12 20:49:16,041 [Worker-63: Launching districtservice] INFO  o.eclipse.m2e.core.internal.Bundles - 	Entry: C:\Users\hp\.p2\pool\plugins\org.eclipse.m2e.maven.runtime_3.9.1200.20260112-2306\jars\asm-9.9.jar
2026-04-12 20:49:16,041 [Worker-63: Launching districtservice] INFO  o.eclipse.m2e.core.internal.Bundles - 	Entry: C:\Users\hp\.p2\pool\plugins\org.eclipse.m2e.maven.runtime_3.9.1200.20260112-2306\jars\error_prone_annotations-2.41.0.jar
2026-04-12 20:49:16,041 [Worker-63: Launching districtservice] INFO  o.eclipse.m2e.core.internal.Bundles - 	Entry: C:\Users\hp\.p2\pool\plugins\org.eclipse.m2e.maven.runtime_3.9.1200.20260112-2306\jars\gson-2.13.2.jar
2026-04-12 20:49:16,041 [Worker-63: Launching districtservice] INFO  o.eclipse.m2e.core.internal.Bundles - 	Entry: C:\Users\hp\.p2\pool\plugins\org.eclipse.m2e.maven.runtime_3.9.1200.20260112-2306\jars\guice-5.1.0-classes.jar
2026-04-12 20:49:16,043 [Worker-63: Launching districtservice] INFO  o.eclipse.m2e.core.internal.Bundles - 	Entry: C:\Users\hp\.p2\pool\plugins\org.eclipse.m2e.maven.runtime_3.9.1200.20260112-2306\jars\httpclient-4.5.14.jar
2026-04-12 20:49:16,043 [Worker-63: Launching districtservice] INFO  o.eclipse.m2e.core.internal.Bundles - 	Entry: C:\Users\hp\.p2\pool\plugins\org.eclipse.m2e.maven.runtime_3.9.1200.20260112-2306\jars\httpcore-4.4.16.jar
2026-04-12 20:49:16,043 [Worker-63: Launching districtservice] INFO  o.eclipse.m2e.core.internal.Bundles - 	Entry: C:\Users\hp\.p2\pool\plugins\org.eclipse.m2e.maven.runtime_3.9.1200.20260112-2306\jars\jansi-2.4.2.jar
2026-04-12 20:49:16,043 [Worker-63: Launching districtservice] INFO  o.eclipse.m2e.core.internal.Bundles - 	Entry: C:\Users\hp\.p2\pool\plugins\org.eclipse.m2e.maven.runtime_3.9.1200.20260112-2306\jars\jcl-over-slf4j-1.7.36.jar
2026-04-12 20:49:16,043 [Worker-63: Launching districtservice] INFO  o.eclipse.m2e.core.internal.Bundles - 	Entry: C:\Users\hp\.p2\pool\plugins\org.eclipse.m2e.maven.runtime_3.9.1200.20260112-2306\jars\maven-artifact-3.9.12.jar
2026-04-12 20:49:16,043 [Worker-63: Launching districtservice] INFO  o.eclipse.m2e.core.internal.Bundles - 	Entry: C:\Users\hp\.p2\pool\plugins\org.eclipse.m2e.maven.runtime_3.9.1200.20260112-2306\jars\maven-builder-support-3.9.12.jar
2026-04-12 20:49:16,044 [Worker-63: Launching districtservice] INFO  o.eclipse.m2e.core.internal.Bundles - 	Entry: C:\Users\hp\.p2\pool\plugins\org.eclipse.m2e.maven.runtime_3.9.1200.20260112-2306\jars\maven-compat-3.9.12.jar
2026-04-12 20:49:16,044 [Worker-63: Launching districtservice] INFO  o.eclipse.m2e.core.internal.Bundles - 	Entry: C:\Users\hp\.p2\pool\plugins\org.eclipse.m2e.maven.runtime_3.9.1200.20260112-2306\jars\maven-core-3.9.12.jar
2026-04-12 20:49:16,044 [Worker-63: Launching districtservice] INFO  o.eclipse.m2e.core.internal.Bundles - 	Entry: C:\Users\hp\.p2\pool\plugins\org.eclipse.m2e.maven.runtime_3.9.1200.20260112-2306\jars\maven-embedder-3.9.12.jar
2026-04-12 20:49:16,044 [Worker-63: Launching districtservice] INFO  o.eclipse.m2e.core.internal.Bundles - 	Entry: C:\Users\hp\.p2\pool\plugins\org.eclipse.m2e.maven.runtime_3.9.1200.20260112-2306\jars\maven-model-3.9.12.jar
2026-04-12 20:49:16,044 [Worker-63: Launching districtservice] INFO  o.eclipse.m2e.core.internal.Bundles - 	Entry: C:\Users\hp\.p2\pool\plugins\org.eclipse.m2e.maven.runtime_3.9.1200.20260112-2306\jars\maven-model-builder-3.9.12.jar
2026-04-12 20:49:16,044 [Worker-63: Launching districtservice] INFO  o.eclipse.m2e.core.internal.Bundles - 	Entry: C:\Users\hp\.p2\pool\plugins\org.eclipse.m2e.maven.runtime_3.9.1200.20260112-2306\jars\maven-plugin-api-3.9.12.jar
2026-04-12 20:49:16,045 [Worker-63: Launching districtservice] INFO  o.eclipse.m2e.core.internal.Bundles - 	Entry: C:\Users\hp\.p2\pool\plugins\org.eclipse.m2e.maven.runtime_3.9.1200.20260112-2306\jars\maven-repository-metadata-3.9.12.jar
2026-04-12 20:49:16,045 [Worker-63: Launching districtservice] INFO  o.eclipse.m2e.core.internal.Bundles - 	Entry: C:\Users\hp\.p2\pool\plugins\org.eclipse.m2e.maven.runtime_3.9.1200.20260112-2306\jars\maven-resolver-api-1.9.25.jar
2026-04-12 20:49:16,045 [Worker-63: Launching districtservice] INFO  o.eclipse.m2e.core.internal.Bundles - 	Entry: C:\Users\hp\.p2\pool\plugins\org.eclipse.m2e.maven.runtime_3.9.1200.20260112-2306\jars\maven-resolver-connector-basic-1.9.25.jar
2026-04-12 20:49:16,045 [Worker-63: Launching districtservice] INFO  o.eclipse.m2e.core.internal.Bundles - 	Entry: C:\Users\hp\.p2\pool\plugins\org.eclipse.m2e.maven.runtime_3.9.1200.20260112-2306\jars\maven-resolver-impl-1.9.25.jar
2026-04-12 20:49:16,045 [Worker-63: Launching districtservice] INFO  o.eclipse.m2e.core.internal.Bundles - 	Entry: C:\Users\hp\.p2\pool\plugins\org.eclipse.m2e.maven.runtime_3.9.1200.20260112-2306\jars\maven-resolver-named-locks-1.9.25.jar
2026-04-12 20:49:16,045 [Worker-63: Launching districtservice] INFO  o.eclipse.m2e.core.internal.Bundles - 	Entry: C:\Users\hp\.p2\pool\plugins\org.eclipse.m2e.maven.runtime_3.9.1200.20260112-2306\jars\maven-resolver-provider-3.9.12.jar
2026-04-12 20:49:16,046 [Worker-63: Launching districtservice] INFO  o.eclipse.m2e.core.internal.Bundles - 	Entry: C:\Users\hp\.p2\pool\plugins\org.eclipse.m2e.maven.runtime_3.9.1200.20260112-2306\jars\maven-resolver-spi-1.9.25.jar
2026-04-12 20:49:16,046 [Worker-63: Launching districtservice] INFO  o.eclipse.m2e.core.internal.Bundles - 	Entry: C:\Users\hp\.p2\pool\plugins\org.eclipse.m2e.maven.runtime_3.9.1200.20260112-2306\jars\maven-resolver-transport-file-1.9.25.jar
2026-04-12 20:49:16,046 [Worker-63: Launching districtservice] INFO  o.eclipse.m2e.core.internal.Bundles - 	Entry: C:\Users\hp\.p2\pool\plugins\org.eclipse.m2e.maven.runtime_3.9.1200.20260112-2306\jars\maven-resolver-transport-http-1.9.25.jar
2026-04-12 20:49:16,046 [Worker-63: Launching districtservice] INFO  o.eclipse.m2e.core.internal.Bundles - 	Entry: C:\Users\hp\.p2\pool\plugins\org.eclipse.m2e.maven.runtime_3.9.1200.20260112-2306\jars\maven-resolver-transport-wagon-1.9.25.jar
2026-04-12 20:49:16,046 [Worker-63: Launching districtservice] INFO  o.eclipse.m2e.core.internal.Bundles - 	Entry: C:\Users\hp\.p2\pool\plugins\org.eclipse.m2e.maven.runtime_3.9.1200.20260112-2306\jars\maven-resolver-util-1.9.25.jar
2026-04-12 20:49:16,046 [Worker-63: Launching districtservice] INFO  o.eclipse.m2e.core.internal.Bundles - 	Entry: C:\Users\hp\.p2\pool\plugins\org.eclipse.m2e.maven.runtime_3.9.1200.20260112-2306\jars\maven-settings-3.9.12.jar
2026-04-12 20:49:16,047 [Worker-63: Launching districtservice] INFO  o.eclipse.m2e.core.internal.Bundles - 	Entry: C:\Users\hp\.p2\pool\plugins\org.eclipse.m2e.maven.runtime_3.9.1200.20260112-2306\jars\maven-settings-builder-3.9.12.jar
2026-04-12 20:49:16,047 [Worker-63: Launching districtservice] INFO  o.eclipse.m2e.core.internal.Bundles - 	Entry: C:\Users\hp\.p2\pool\plugins\org.eclipse.m2e.maven.runtime_3.9.1200.20260112-2306\jars\maven-shared-utils-3.4.2.jar
2026-04-12 20:49:16,047 [Worker-63: Launching districtservice] INFO  o.eclipse.m2e.core.internal.Bundles - 	Entry: C:\Users\hp\.p2\pool\plugins\org.eclipse.m2e.maven.runtime_3.9.1200.20260112-2306\jars\org.eclipse.sisu.inject-0.9.0.M4.jar
2026-04-12 20:49:16,047 [Worker-63: Launching districtservice] INFO  o.eclipse.m2e.core.internal.Bundles - 	Entry: C:\Users\hp\.p2\pool\plugins\org.eclipse.m2e.maven.runtime_3.9.1200.20260112-2306\jars\org.eclipse.sisu.plexus-0.9.0.M4.jar
2026-04-12 20:49:16,047 [Worker-63: Launching districtservice] INFO  o.eclipse.m2e.core.internal.Bundles - 	Entry: C:\Users\hp\.p2\pool\plugins\org.eclipse.m2e.maven.runtime_3.9.1200.20260112-2306\jars\plexus-build-api-0.0.7.jar
2026-04-12 20:49:16,047 [Worker-63: Launching districtservice] INFO  o.eclipse.m2e.core.internal.Bundles - 	Entry: C:\Users\hp\.p2\pool\plugins\org.eclipse.m2e.maven.runtime_3.9.1200.20260112-2306\jars\plexus-build-api-1.2.0.jar
2026-04-12 20:49:16,047 [Worker-63: Launching districtservice] INFO  o.eclipse.m2e.core.internal.Bundles - 	Entry: C:\Users\hp\.p2\pool\plugins\org.eclipse.m2e.maven.runtime_3.9.1200.20260112-2306\jars\plexus-cipher-2.0.jar
2026-04-12 20:49:16,047 [Worker-63: Launching districtservice] INFO  o.eclipse.m2e.core.internal.Bundles - 	Entry: C:\Users\hp\.p2\pool\plugins\org.eclipse.m2e.maven.runtime_3.9.1200.20260112-2306\jars\plexus-classworlds-2.9.0.jar
2026-04-12 20:49:16,048 [Worker-63: Launching districtservice] INFO  o.eclipse.m2e.core.internal.Bundles - 	Entry: C:\Users\hp\.p2\pool\plugins\org.eclipse.m2e.maven.runtime_3.9.1200.20260112-2306\jars\plexus-component-annotations-2.2.0.jar
2026-04-12 20:49:16,048 [Worker-63: Launching districtservice] INFO  o.eclipse.m2e.core.internal.Bundles - 	Entry: C:\Users\hp\.p2\pool\plugins\org.eclipse.m2e.maven.runtime_3.9.1200.20260112-2306\jars\plexus-interpolation-1.29.jar
2026-04-12 20:49:16,049 [Worker-63: Launching districtservice] INFO  o.eclipse.m2e.core.internal.Bundles - 	Entry: C:\Users\hp\.p2\pool\plugins\org.eclipse.m2e.maven.runtime_3.9.1200.20260112-2306\jars\plexus-sec-dispatcher-2.0.jar
2026-04-12 20:49:16,049 [Worker-63: Launching districtservice] INFO  o.eclipse.m2e.core.internal.Bundles - 	Entry: C:\Users\hp\.p2\pool\plugins\org.eclipse.m2e.maven.runtime_3.9.1200.20260112-2306\jars\plexus-utils-3.6.0.jar
2026-04-12 20:49:16,049 [Worker-63: Launching districtservice] INFO  o.eclipse.m2e.core.internal.Bundles - 	Entry: C:\Users\hp\.p2\pool\plugins\org.eclipse.m2e.maven.runtime_3.9.1200.20260112-2306\jars\wagon-file-3.5.3.jar
2026-04-12 20:49:16,049 [Worker-63: Launching districtservice] INFO  o.eclipse.m2e.core.internal.Bundles - 	Entry: C:\Users\hp\.p2\pool\plugins\org.eclipse.m2e.maven.runtime_3.9.1200.20260112-2306\jars\wagon-http-3.5.3.jar
2026-04-12 20:49:16,049 [Worker-63: Launching districtservice] INFO  o.eclipse.m2e.core.internal.Bundles - 	Entry: C:\Users\hp\.p2\pool\plugins\org.eclipse.m2e.maven.runtime_3.9.1200.20260112-2306\jars\wagon-http-shared-3.5.3.jar
2026-04-12 20:49:16,049 [Worker-63: Launching districtservice] INFO  o.eclipse.m2e.core.internal.Bundles - 	Entry: C:\Users\hp\.p2\pool\plugins\org.eclipse.m2e.maven.runtime_3.9.1200.20260112-2306\jars\wagon-provider-api-3.5.3.jar
2026-04-12 20:49:16,051 [Worker-63: Launching districtservice] INFO  o.eclipse.m2e.core.internal.Bundles - getClasspathEntries(Bundle=com.google.guava_33.5.0.jre [18])
2026-04-12 20:49:16,052 [Worker-63: Launching districtservice] INFO  o.eclipse.m2e.core.internal.Bundles - 	Entry: C:\Users\hp\.p2\pool\plugins\com.google.guava_33.5.0.jre.jar
2026-04-12 20:49:16,052 [Worker-63: Launching districtservice] INFO  o.eclipse.m2e.core.internal.Bundles - getClasspathEntries(Bundle=slf4j.api_2.0.17 [1013])
2026-04-12 20:49:16,053 [Worker-63: Launching districtservice] INFO  o.eclipse.m2e.core.internal.Bundles - 	Entry: C:\Users\hp\.p2\pool\plugins\slf4j.api_2.0.17.jar
2026-04-12 20:49:16,053 [Worker-63: Launching districtservice] INFO  o.eclipse.m2e.core.internal.Bundles - getClasspathEntries(Bundle=jakarta.inject.jakarta.inject-api_1.0.5 [35])
2026-04-12 20:49:16,054 [Worker-63: Launching districtservice] INFO  o.eclipse.m2e.core.internal.Bundles - 	Entry: C:\Users\hp\.p2\pool\plugins\jakarta.inject.jakarta.inject-api_1.0.5.jar
2026-04-12 20:49:16,054 [Worker-63: Launching districtservice] INFO  o.eclipse.m2e.core.internal.Bundles - getClasspathEntries(Bundle=jakarta.annotation-api_1.3.5 [31])
2026-04-12 20:49:16,054 [Worker-63: Launching districtservice] INFO  o.eclipse.m2e.core.internal.Bundles - 	Entry: C:\Users\hp\.p2\pool\plugins\jakarta.annotation-api_1.3.5.jar
2026-04-12 20:49:16,054 [Worker-63: Launching districtservice] INFO  o.eclipse.m2e.core.internal.Bundles - getClasspathEntries(Bundle=org.apache.commons.cli_1.11.0 [83])
2026-04-12 20:49:16,055 [Worker-63: Launching districtservice] INFO  o.eclipse.m2e.core.internal.Bundles - 	Entry: C:\Users\hp\.p2\pool\plugins\org.apache.commons.cli_1.11.0.jar
2026-04-12 20:49:16,055 [Worker-63: Launching districtservice] INFO  o.eclipse.m2e.core.internal.Bundles - getClasspathEntries(Bundle=org.apache.commons.commons-codec_1.21.0 [85])
2026-04-12 20:49:16,056 [Worker-63: Launching districtservice] INFO  o.eclipse.m2e.core.internal.Bundles - 	Entry: C:\Users\hp\.p2\pool\plugins\org.apache.commons.commons-codec_1.21.0.jar
2026-04-12 20:49:16,057 [Worker-63: Launching districtservice] INFO  o.eclipse.m2e.core.internal.Bundles - getClasspathEntries(Bundle=com.google.guava.failureaccess_1.0.3 [19])
2026-04-12 20:49:16,062 [Worker-63: Launching districtservice] INFO  o.eclipse.m2e.core.internal.Bundles - 	Entry: C:\Users\hp\.p2\pool\plugins\com.google.guava.failureaccess_1.0.3.jar
2026-04-12 20:49:16,070 [Worker-63: Launching districtservice] INFO  o.e.m.i.launch.MavenLaunchDelegate - Run build in "C:\Users\hp\Desktop\CMP404 Urban Flow Project\districtservice":
2026-04-12 20:49:16,071 [Worker-63: Launching districtservice] INFO  o.e.m.i.launch.MavenLaunchDelegate -  mvn  -B -Dstyle.color=always clean package
2026-04-12 20:49:39,074 [main] INFO  o.e.m2e.actions.ExecutePomAction - Creating new launch configuration
2026-04-12 20:52:23,676 [main] INFO  o.e.m2e.actions.ExecutePomAction - Creating new launch configuration
2026-04-12 20:52:37,254 [Worker-64: Launching districtservice (2)] INFO  o.eclipse.m2e.core.internal.Bundles - getClasspathEntries(Bundle=org.eclipse.m2e.maven.runtime_3.9.1200.20260112-2306 [648])
2026-04-12 20:52:37,255 [Worker-64: Launching districtservice (2)] INFO  o.eclipse.m2e.core.internal.Bundles - 	Entry: C:\Users\hp\.p2\pool\plugins\org.eclipse.m2e.maven.runtime_3.9.1200.20260112-2306
2026-04-12 20:52:37,256 [Worker-64: Launching districtservice (2)] INFO  o.eclipse.m2e.core.internal.Bundles - 	Entry: C:\Users\hp\.p2\pool\plugins\org.eclipse.m2e.maven.runtime_3.9.1200.20260112-2306\jars\aopalliance-1.0.jar
2026-04-12 20:52:37,256 [Worker-64: Launching districtservice (2)] INFO  o.eclipse.m2e.core.internal.Bundles - 	Entry: C:\Users\hp\.p2\pool\plugins\org.eclipse.m2e.maven.runtime_3.9.1200.20260112-2306\jars\asm-9.9.jar
2026-04-12 20:52:37,256 [Worker-64: Launching districtservice (2)] INFO  o.eclipse.m2e.core.internal.Bundles - 	Entry: C:\Users\hp\.p2\pool\plugins\org.eclipse.m2e.maven.runtime_3.9.1200.20260112-2306\jars\error_prone_annotations-2.41.0.jar
2026-04-12 20:52:37,256 [Worker-64: Launching districtservice (2)] INFO  o.eclipse.m2e.core.internal.Bundles - 	Entry: C:\Users\hp\.p2\pool\plugins\org.eclipse.m2e.maven.runtime_3.9.1200.20260112-2306\jars\gson-2.13.2.jar
2026-04-12 20:52:37,257 [Worker-64: Launching districtservice (2)] INFO  o.eclipse.m2e.core.internal.Bundles - 	Entry: C:\Users\hp\.p2\pool\plugins\org.eclipse.m2e.maven.runtime_3.9.1200.20260112-2306\jars\guice-5.1.0-classes.jar
2026-04-12 20:52:37,257 [Worker-64: Launching districtservice (2)] INFO  o.eclipse.m2e.core.internal.Bundles - 	Entry: C:\Users\hp\.p2\pool\plugins\org.eclipse.m2e.maven.runtime_3.9.1200.20260112-2306\jars\httpclient-4.5.14.jar
2026-04-12 20:52:37,257 [Worker-64: Launching districtservice (2)] INFO  o.eclipse.m2e.core.internal.Bundles - 	Entry: C:\Users\hp\.p2\pool\plugins\org.eclipse.m2e.maven.runtime_3.9.1200.20260112-2306\jars\httpcore-4.4.16.jar
2026-04-12 20:52:37,257 [Worker-64: Launching districtservice (2)] INFO  o.eclipse.m2e.core.internal.Bundles - 	Entry: C:\Users\hp\.p2\pool\plugins\org.eclipse.m2e.maven.runtime_3.9.1200.20260112-2306\jars\jansi-2.4.2.jar
2026-04-12 20:52:37,257 [Worker-64: Launching districtservice (2)] INFO  o.eclipse.m2e.core.internal.Bundles - 	Entry: C:\Users\hp\.p2\pool\plugins\org.eclipse.m2e.maven.runtime_3.9.1200.20260112-2306\jars\jcl-over-slf4j-1.7.36.jar
2026-04-12 20:52:37,258 [Worker-64: Launching districtservice (2)] INFO  o.eclipse.m2e.core.internal.Bundles - 	Entry: C:\Users\hp\.p2\pool\plugins\org.eclipse.m2e.maven.runtime_3.9.1200.20260112-2306\jars\maven-artifact-3.9.12.jar
2026-04-12 20:52:37,258 [Worker-64: Launching districtservice (2)] INFO  o.eclipse.m2e.core.internal.Bundles - 	Entry: C:\Users\hp\.p2\pool\plugins\org.eclipse.m2e.maven.runtime_3.9.1200.20260112-2306\jars\maven-builder-support-3.9.12.jar
2026-04-12 20:52:37,258 [Worker-64: Launching districtservice (2)] INFO  o.eclipse.m2e.core.internal.Bundles - 	Entry: C:\Users\hp\.p2\pool\plugins\org.eclipse.m2e.maven.runtime_3.9.1200.20260112-2306\jars\maven-compat-3.9.12.jar
2026-04-12 20:52:37,259 [Worker-64: Launching districtservice (2)] INFO  o.eclipse.m2e.core.internal.Bundles - 	Entry: C:\Users\hp\.p2\pool\plugins\org.eclipse.m2e.maven.runtime_3.9.1200.20260112-2306\jars\maven-core-3.9.12.jar
2026-04-12 20:52:37,259 [Worker-64: Launching districtservice (2)] INFO  o.eclipse.m2e.core.internal.Bundles - 	Entry: C:\Users\hp\.p2\pool\plugins\org.eclipse.m2e.maven.runtime_3.9.1200.20260112-2306\jars\maven-embedder-3.9.12.jar
2026-04-12 20:52:37,259 [Worker-64: Launching districtservice (2)] INFO  o.eclipse.m2e.core.internal.Bundles - 	Entry: C:\Users\hp\.p2\pool\plugins\org.eclipse.m2e.maven.runtime_3.9.1200.20260112-2306\jars\maven-model-3.9.12.jar
2026-04-12 20:52:37,260 [Worker-64: Launching districtservice (2)] INFO  o.eclipse.m2e.core.internal.Bundles - 	Entry: C:\Users\hp\.p2\pool\plugins\org.eclipse.m2e.maven.runtime_3.9.1200.20260112-2306\jars\maven-model-builder-3.9.12.jar
2026-04-12 20:52:37,260 [Worker-64: Launching districtservice (2)] INFO  o.eclipse.m2e.core.internal.Bundles - 	Entry: C:\Users\hp\.p2\pool\plugins\org.eclipse.m2e.maven.runtime_3.9.1200.20260112-2306\jars\maven-plugin-api-3.9.12.jar
2026-04-12 20:52:37,260 [Worker-64: Launching districtservice (2)] INFO  o.eclipse.m2e.core.internal.Bundles - 	Entry: C:\Users\hp\.p2\pool\plugins\org.eclipse.m2e.maven.runtime_3.9.1200.20260112-2306\jars\maven-repository-metadata-3.9.12.jar
2026-04-12 20:52:37,260 [Worker-64: Launching districtservice (2)] INFO  o.eclipse.m2e.core.internal.Bundles - 	Entry: C:\Users\hp\.p2\pool\plugins\org.eclipse.m2e.maven.runtime_3.9.1200.20260112-2306\jars\maven-resolver-api-1.9.25.jar
2026-04-12 20:52:37,260 [Worker-64: Launching districtservice (2)] INFO  o.eclipse.m2e.core.internal.Bundles - 	Entry: C:\Users\hp\.p2\pool\plugins\org.eclipse.m2e.maven.runtime_3.9.1200.20260112-2306\jars\maven-resolver-connector-basic-1.9.25.jar
2026-04-12 20:52:37,260 [Worker-64: Launching districtservice (2)] INFO  o.eclipse.m2e.core.internal.Bundles - 	Entry: C:\Users\hp\.p2\pool\plugins\org.eclipse.m2e.maven.runtime_3.9.1200.20260112-2306\jars\maven-resolver-impl-1.9.25.jar
2026-04-12 20:52:37,260 [Worker-64: Launching districtservice (2)] INFO  o.eclipse.m2e.core.internal.Bundles - 	Entry: C:\Users\hp\.p2\pool\plugins\org.eclipse.m2e.maven.runtime_3.9.1200.20260112-2306\jars\maven-resolver-named-locks-1.9.25.jar
2026-04-12 20:52:37,260 [Worker-64: Launching districtservice (2)] INFO  o.eclipse.m2e.core.internal.Bundles - 	Entry: C:\Users\hp\.p2\pool\plugins\org.eclipse.m2e.maven.runtime_3.9.1200.20260112-2306\jars\maven-resolver-provider-3.9.12.jar
2026-04-12 20:52:37,260 [Worker-64: Launching districtservice (2)] INFO  o.eclipse.m2e.core.internal.Bundles - 	Entry: C:\Users\hp\.p2\pool\plugins\org.eclipse.m2e.maven.runtime_3.9.1200.20260112-2306\jars\maven-resolver-spi-1.9.25.jar
2026-04-12 20:52:37,260 [Worker-64: Launching districtservice (2)] INFO  o.eclipse.m2e.core.internal.Bundles - 	Entry: C:\Users\hp\.p2\pool\plugins\org.eclipse.m2e.maven.runtime_3.9.1200.20260112-2306\jars\maven-resolver-transport-file-1.9.25.jar
2026-04-12 20:52:37,262 [Worker-64: Launching districtservice (2)] INFO  o.eclipse.m2e.core.internal.Bundles - 	Entry: C:\Users\hp\.p2\pool\plugins\org.eclipse.m2e.maven.runtime_3.9.1200.20260112-2306\jars\maven-resolver-transport-http-1.9.25.jar
2026-04-12 20:52:37,262 [Worker-64: Launching districtservice (2)] INFO  o.eclipse.m2e.core.internal.Bundles - 	Entry: C:\Users\hp\.p2\pool\plugins\org.eclipse.m2e.maven.runtime_3.9.1200.20260112-2306\jars\maven-resolver-transport-wagon-1.9.25.jar
2026-04-12 20:52:37,262 [Worker-64: Launching districtservice (2)] INFO  o.eclipse.m2e.core.internal.Bundles - 	Entry: C:\Users\hp\.p2\pool\plugins\org.eclipse.m2e.maven.runtime_3.9.1200.20260112-2306\jars\maven-resolver-util-1.9.25.jar
2026-04-12 20:52:37,262 [Worker-64: Launching districtservice (2)] INFO  o.eclipse.m2e.core.internal.Bundles - 	Entry: C:\Users\hp\.p2\pool\plugins\org.eclipse.m2e.maven.runtime_3.9.1200.20260112-2306\jars\maven-settings-3.9.12.jar
2026-04-12 20:52:37,262 [Worker-64: Launching districtservice (2)] INFO  o.eclipse.m2e.core.internal.Bundles - 	Entry: C:\Users\hp\.p2\pool\plugins\org.eclipse.m2e.maven.runtime_3.9.1200.20260112-2306\jars\maven-settings-builder-3.9.12.jar
2026-04-12 20:52:37,262 [Worker-64: Launching districtservice (2)] INFO  o.eclipse.m2e.core.internal.Bundles - 	Entry: C:\Users\hp\.p2\pool\plugins\org.eclipse.m2e.maven.runtime_3.9.1200.20260112-2306\jars\maven-shared-utils-3.4.2.jar
2026-04-12 20:52:37,262 [Worker-64: Launching districtservice (2)] INFO  o.eclipse.m2e.core.internal.Bundles - 	Entry: C:\Users\hp\.p2\pool\plugins\org.eclipse.m2e.maven.runtime_3.9.1200.20260112-2306\jars\org.eclipse.sisu.inject-0.9.0.M4.jar
2026-04-12 20:52:37,262 [Worker-64: Launching districtservice (2)] INFO  o.eclipse.m2e.core.internal.Bundles - 	Entry: C:\Users\hp\.p2\pool\plugins\org.eclipse.m2e.maven.runtime_3.9.1200.20260112-2306\jars\org.eclipse.sisu.plexus-0.9.0.M4.jar
2026-04-12 20:52:37,263 [Worker-64: Launching districtservice (2)] INFO  o.eclipse.m2e.core.internal.Bundles - 	Entry: C:\Users\hp\.p2\pool\plugins\org.eclipse.m2e.maven.runtime_3.9.1200.20260112-2306\jars\plexus-build-api-0.0.7.jar
2026-04-12 20:52:37,263 [Worker-64: Launching districtservice (2)] INFO  o.eclipse.m2e.core.internal.Bundles - 	Entry: C:\Users\hp\.p2\pool\plugins\org.eclipse.m2e.maven.runtime_3.9.1200.20260112-2306\jars\plexus-build-api-1.2.0.jar
2026-04-12 20:52:37,263 [Worker-64: Launching districtservice (2)] INFO  o.eclipse.m2e.core.internal.Bundles - 	Entry: C:\Users\hp\.p2\pool\plugins\org.eclipse.m2e.maven.runtime_3.9.1200.20260112-2306\jars\plexus-cipher-2.0.jar
2026-04-12 20:52:37,263 [Worker-64: Launching districtservice (2)] INFO  o.eclipse.m2e.core.internal.Bundles - 	Entry: C:\Users\hp\.p2\pool\plugins\org.eclipse.m2e.maven.runtime_3.9.1200.20260112-2306\jars\plexus-classworlds-2.9.0.jar
2026-04-12 20:52:37,263 [Worker-64: Launching districtservice (2)] INFO  o.eclipse.m2e.core.internal.Bundles - 	Entry: C:\Users\hp\.p2\pool\plugins\org.eclipse.m2e.maven.runtime_3.9.1200.20260112-2306\jars\plexus-component-annotations-2.2.0.jar
2026-04-12 20:52:37,263 [Worker-64: Launching districtservice (2)] INFO  o.eclipse.m2e.core.internal.Bundles - 	Entry: C:\Users\hp\.p2\pool\plugins\org.eclipse.m2e.maven.runtime_3.9.1200.20260112-2306\jars\plexus-interpolation-1.29.jar
2026-04-12 20:52:37,263 [Worker-64: Launching districtservice (2)] INFO  o.eclipse.m2e.core.internal.Bundles - 	Entry: C:\Users\hp\.p2\pool\plugins\org.eclipse.m2e.maven.runtime_3.9.1200.20260112-2306\jars\plexus-sec-dispatcher-2.0.jar
2026-04-12 20:52:37,263 [Worker-64: Launching districtservice (2)] INFO  o.eclipse.m2e.core.internal.Bundles - 	Entry: C:\Users\hp\.p2\pool\plugins\org.eclipse.m2e.maven.runtime_3.9.1200.20260112-2306\jars\plexus-utils-3.6.0.jar
2026-04-12 20:52:37,263 [Worker-64: Launching districtservice (2)] INFO  o.eclipse.m2e.core.internal.Bundles - 	Entry: C:\Users\hp\.p2\pool\plugins\org.eclipse.m2e.maven.runtime_3.9.1200.20260112-2306\jars\wagon-file-3.5.3.jar
2026-04-12 20:52:37,264 [Worker-64: Launching districtservice (2)] INFO  o.eclipse.m2e.core.internal.Bundles - 	Entry: C:\Users\hp\.p2\pool\plugins\org.eclipse.m2e.maven.runtime_3.9.1200.20260112-2306\jars\wagon-http-3.5.3.jar
2026-04-12 20:52:37,264 [Worker-64: Launching districtservice (2)] INFO  o.eclipse.m2e.core.internal.Bundles - 	Entry: C:\Users\hp\.p2\pool\plugins\org.eclipse.m2e.maven.runtime_3.9.1200.20260112-2306\jars\wagon-http-shared-3.5.3.jar
2026-04-12 20:52:37,264 [Worker-64: Launching districtservice (2)] INFO  o.eclipse.m2e.core.internal.Bundles - 	Entry: C:\Users\hp\.p2\pool\plugins\org.eclipse.m2e.maven.runtime_3.9.1200.20260112-2306\jars\wagon-provider-api-3.5.3.jar
2026-04-12 20:52:37,264 [Worker-64: Launching districtservice (2)] INFO  o.eclipse.m2e.core.internal.Bundles - getClasspathEntries(Bundle=com.google.guava_33.5.0.jre [18])
2026-04-12 20:52:37,265 [Worker-64: Launching districtservice (2)] INFO  o.eclipse.m2e.core.internal.Bundles - 	Entry: C:\Users\hp\.p2\pool\plugins\com.google.guava_33.5.0.jre.jar
2026-04-12 20:52:37,265 [Worker-64: Launching districtservice (2)] INFO  o.eclipse.m2e.core.internal.Bundles - getClasspathEntries(Bundle=slf4j.api_2.0.17 [1013])
2026-04-12 20:52:37,265 [Worker-64: Launching districtservice (2)] INFO  o.eclipse.m2e.core.internal.Bundles - 	Entry: C:\Users\hp\.p2\pool\plugins\slf4j.api_2.0.17.jar
2026-04-12 20:52:37,266 [Worker-64: Launching districtservice (2)] INFO  o.eclipse.m2e.core.internal.Bundles - getClasspathEntries(Bundle=jakarta.inject.jakarta.inject-api_1.0.5 [35])
2026-04-12 20:52:37,266 [Worker-64: Launching districtservice (2)] INFO  o.eclipse.m2e.core.internal.Bundles - 	Entry: C:\Users\hp\.p2\pool\plugins\jakarta.inject.jakarta.inject-api_1.0.5.jar
2026-04-12 20:52:37,266 [Worker-64: Launching districtservice (2)] INFO  o.eclipse.m2e.core.internal.Bundles - getClasspathEntries(Bundle=jakarta.annotation-api_1.3.5 [31])
2026-04-12 20:52:37,267 [Worker-64: Launching districtservice (2)] INFO  o.eclipse.m2e.core.internal.Bundles - 	Entry: C:\Users\hp\.p2\pool\plugins\jakarta.annotation-api_1.3.5.jar
2026-04-12 20:52:37,267 [Worker-64: Launching districtservice (2)] INFO  o.eclipse.m2e.core.internal.Bundles - getClasspathEntries(Bundle=org.apache.commons.cli_1.11.0 [83])
2026-04-12 20:52:37,267 [Worker-64: Launching districtservice (2)] INFO  o.eclipse.m2e.core.internal.Bundles - 	Entry: C:\Users\hp\.p2\pool\plugins\org.apache.commons.cli_1.11.0.jar
2026-04-12 20:52:37,267 [Worker-64: Launching districtservice (2)] INFO  o.eclipse.m2e.core.internal.Bundles - getClasspathEntries(Bundle=org.apache.commons.commons-codec_1.21.0 [85])
2026-04-12 20:52:37,267 [Worker-64: Launching districtservice (2)] INFO  o.eclipse.m2e.core.internal.Bundles - 	Entry: C:\Users\hp\.p2\pool\plugins\org.apache.commons.commons-codec_1.21.0.jar
2026-04-12 20:52:37,267 [Worker-64: Launching districtservice (2)] INFO  o.eclipse.m2e.core.internal.Bundles - getClasspathEntries(Bundle=com.google.guava.failureaccess_1.0.3 [19])
2026-04-12 20:52:37,268 [Worker-64: Launching districtservice (2)] INFO  o.eclipse.m2e.core.internal.Bundles - 	Entry: C:\Users\hp\.p2\pool\plugins\com.google.guava.failureaccess_1.0.3.jar
2026-04-12 20:52:37,269 [Worker-64: Launching districtservice (2)] INFO  o.e.m.i.launch.MavenLaunchDelegate - Run build in "C:\Users\hp\Desktop\CMP404 Urban Flow Project\districtservice":
2026-04-12 20:52:37,269 [Worker-64: Launching districtservice (2)] INFO  o.e.m.i.launch.MavenLaunchDelegate -  mvn  -B -Dstyle.color=always clean package -DskipTests
2026-04-12 20:53:20,227 [main] INFO  o.e.m2e.actions.ExecutePomAction - Creating new launch configuration
2026-04-12 20:54:29,537 [Worker-68: Launching districtservice (3)] INFO  o.eclipse.m2e.core.internal.Bundles - getClasspathEntries(Bundle=org.eclipse.m2e.maven.runtime_3.9.1200.20260112-2306 [648])
2026-04-12 20:54:29,538 [Worker-68: Launching districtservice (3)] INFO  o.eclipse.m2e.core.internal.Bundles - 	Entry: C:\Users\hp\.p2\pool\plugins\org.eclipse.m2e.maven.runtime_3.9.1200.20260112-2306
2026-04-12 20:54:29,538 [Worker-68: Launching districtservice (3)] INFO  o.eclipse.m2e.core.internal.Bundles - 	Entry: C:\Users\hp\.p2\pool\plugins\org.eclipse.m2e.maven.runtime_3.9.1200.20260112-2306\jars\aopalliance-1.0.jar
2026-04-12 20:54:29,538 [Worker-68: Launching districtservice (3)] INFO  o.eclipse.m2e.core.internal.Bundles - 	Entry: C:\Users\hp\.p2\pool\plugins\org.eclipse.m2e.maven.runtime_3.9.1200.20260112-2306\jars\asm-9.9.jar
2026-04-12 20:54:29,538 [Worker-68: Launching districtservice (3)] INFO  o.eclipse.m2e.core.internal.Bundles - 	Entry: C:\Users\hp\.p2\pool\plugins\org.eclipse.m2e.maven.runtime_3.9.1200.20260112-2306\jars\error_prone_annotations-2.41.0.jar
2026-04-12 20:54:29,538 [Worker-68: Launching districtservice (3)] INFO  o.eclipse.m2e.core.internal.Bundles - 	Entry: C:\Users\hp\.p2\pool\plugins\org.eclipse.m2e.maven.runtime_3.9.1200.20260112-2306\jars\gson-2.13.2.jar
2026-04-12 20:54:29,538 [Worker-68: Launching districtservice (3)] INFO  o.eclipse.m2e.core.internal.Bundles - 	Entry: C:\Users\hp\.p2\pool\plugins\org.eclipse.m2e.maven.runtime_3.9.1200.20260112-2306\jars\guice-5.1.0-classes.jar
2026-04-12 20:54:29,539 [Worker-68: Launching districtservice (3)] INFO  o.eclipse.m2e.core.internal.Bundles - 	Entry: C:\Users\hp\.p2\pool\plugins\org.eclipse.m2e.maven.runtime_3.9.1200.20260112-2306\jars\httpclient-4.5.14.jar
2026-04-12 20:54:29,539 [Worker-68: Launching districtservice (3)] INFO  o.eclipse.m2e.core.internal.Bundles - 	Entry: C:\Users\hp\.p2\pool\plugins\org.eclipse.m2e.maven.runtime_3.9.1200.20260112-2306\jars\httpcore-4.4.16.jar
2026-04-12 20:54:29,539 [Worker-68: Launching districtservice (3)] INFO  o.eclipse.m2e.core.internal.Bundles - 	Entry: C:\Users\hp\.p2\pool\plugins\org.eclipse.m2e.maven.runtime_3.9.1200.20260112-2306\jars\jansi-2.4.2.jar
2026-04-12 20:54:29,539 [Worker-68: Launching districtservice (3)] INFO  o.eclipse.m2e.core.internal.Bundles - 	Entry: C:\Users\hp\.p2\pool\plugins\org.eclipse.m2e.maven.runtime_3.9.1200.20260112-2306\jars\jcl-over-slf4j-1.7.36.jar
2026-04-12 20:54:29,539 [Worker-68: Launching districtservice (3)] INFO  o.eclipse.m2e.core.internal.Bundles - 	Entry: C:\Users\hp\.p2\pool\plugins\org.eclipse.m2e.maven.runtime_3.9.1200.20260112-2306\jars\maven-artifact-3.9.12.jar
2026-04-12 20:54:29,539 [Worker-68: Launching districtservice (3)] INFO  o.eclipse.m2e.core.internal.Bundles - 	Entry: C:\Users\hp\.p2\pool\plugins\org.eclipse.m2e.maven.runtime_3.9.1200.20260112-2306\jars\maven-builder-support-3.9.12.jar
2026-04-12 20:54:29,539 [Worker-68: Launching districtservice (3)] INFO  o.eclipse.m2e.core.internal.Bundles - 	Entry: C:\Users\hp\.p2\pool\plugins\org.eclipse.m2e.maven.runtime_3.9.1200.20260112-2306\jars\maven-compat-3.9.12.jar
2026-04-12 20:54:29,539 [Worker-68: Launching districtservice (3)] INFO  o.eclipse.m2e.core.internal.Bundles - 	Entry: C:\Users\hp\.p2\pool\plugins\org.eclipse.m2e.maven.runtime_3.9.1200.20260112-2306\jars\maven-core-3.9.12.jar
2026-04-12 20:54:29,540 [Worker-68: Launching districtservice (3)] INFO  o.eclipse.m2e.core.internal.Bundles - 	Entry: C:\Users\hp\.p2\pool\plugins\org.eclipse.m2e.maven.runtime_3.9.1200.20260112-2306\jars\maven-embedder-3.9.12.jar
2026-04-12 20:54:29,540 [Worker-68: Launching districtservice (3)] INFO  o.eclipse.m2e.core.internal.Bundles - 	Entry: C:\Users\hp\.p2\pool\plugins\org.eclipse.m2e.maven.runtime_3.9.1200.20260112-2306\jars\maven-model-3.9.12.jar
2026-04-12 20:54:29,540 [Worker-68: Launching districtservice (3)] INFO  o.eclipse.m2e.core.internal.Bundles - 	Entry: C:\Users\hp\.p2\pool\plugins\org.eclipse.m2e.maven.runtime_3.9.1200.20260112-2306\jars\maven-model-builder-3.9.12.jar
2026-04-12 20:54:29,540 [Worker-68: Launching districtservice (3)] INFO  o.eclipse.m2e.core.internal.Bundles - 	Entry: C:\Users\hp\.p2\pool\plugins\org.eclipse.m2e.maven.runtime_3.9.1200.20260112-2306\jars\maven-plugin-api-3.9.12.jar
2026-04-12 20:54:29,540 [Worker-68: Launching districtservice (3)] INFO  o.eclipse.m2e.core.internal.Bundles - 	Entry: C:\Users\hp\.p2\pool\plugins\org.eclipse.m2e.maven.runtime_3.9.1200.20260112-2306\jars\maven-repository-metadata-3.9.12.jar
2026-04-12 20:54:29,540 [Worker-68: Launching districtservice (3)] INFO  o.eclipse.m2e.core.internal.Bundles - 	Entry: C:\Users\hp\.p2\pool\plugins\org.eclipse.m2e.maven.runtime_3.9.1200.20260112-2306\jars\maven-resolver-api-1.9.25.jar
2026-04-12 20:54:29,540 [Worker-68: Launching districtservice (3)] INFO  o.eclipse.m2e.core.internal.Bundles - 	Entry: C:\Users\hp\.p2\pool\plugins\org.eclipse.m2e.maven.runtime_3.9.1200.20260112-2306\jars\maven-resolver-connector-basic-1.9.25.jar
2026-04-12 20:54:29,540 [Worker-68: Launching districtservice (3)] INFO  o.eclipse.m2e.core.internal.Bundles - 	Entry: C:\Users\hp\.p2\pool\plugins\org.eclipse.m2e.maven.runtime_3.9.1200.20260112-2306\jars\maven-resolver-impl-1.9.25.jar
2026-04-12 20:54:29,540 [Worker-68: Launching districtservice (3)] INFO  o.eclipse.m2e.core.internal.Bundles - 	Entry: C:\Users\hp\.p2\pool\plugins\org.eclipse.m2e.maven.runtime_3.9.1200.20260112-2306\jars\maven-resolver-named-locks-1.9.25.jar
2026-04-12 20:54:29,540 [Worker-68: Launching districtservice (3)] INFO  o.eclipse.m2e.core.internal.Bundles - 	Entry: C:\Users\hp\.p2\pool\plugins\org.eclipse.m2e.maven.runtime_3.9.1200.20260112-2306\jars\maven-resolver-provider-3.9.12.jar
2026-04-12 20:54:29,540 [Worker-68: Launching districtservice (3)] INFO  o.eclipse.m2e.core.internal.Bundles - 	Entry: C:\Users\hp\.p2\pool\plugins\org.eclipse.m2e.maven.runtime_3.9.1200.20260112-2306\jars\maven-resolver-spi-1.9.25.jar
2026-04-12 20:54:29,540 [Worker-68: Launching districtservice (3)] INFO  o.eclipse.m2e.core.internal.Bundles - 	Entry: C:\Users\hp\.p2\pool\plugins\org.eclipse.m2e.maven.runtime_3.9.1200.20260112-2306\jars\maven-resolver-transport-file-1.9.25.jar
2026-04-12 20:54:29,542 [Worker-68: Launching districtservice (3)] INFO  o.eclipse.m2e.core.internal.Bundles - 	Entry: C:\Users\hp\.p2\pool\plugins\org.eclipse.m2e.maven.runtime_3.9.1200.20260112-2306\jars\maven-resolver-transport-http-1.9.25.jar
2026-04-12 20:54:29,542 [Worker-68: Launching districtservice (3)] INFO  o.eclipse.m2e.core.internal.Bundles - 	Entry: C:\Users\hp\.p2\pool\plugins\org.eclipse.m2e.maven.runtime_3.9.1200.20260112-2306\jars\maven-resolver-transport-wagon-1.9.25.jar
2026-04-12 20:54:29,542 [Worker-68: Launching districtservice (3)] INFO  o.eclipse.m2e.core.internal.Bundles - 	Entry: C:\Users\hp\.p2\pool\plugins\org.eclipse.m2e.maven.runtime_3.9.1200.20260112-2306\jars\maven-resolver-util-1.9.25.jar
2026-04-12 20:54:29,542 [Worker-68: Launching districtservice (3)] INFO  o.eclipse.m2e.core.internal.Bundles - 	Entry: C:\Users\hp\.p2\pool\plugins\org.eclipse.m2e.maven.runtime_3.9.1200.20260112-2306\jars\maven-settings-3.9.12.jar
2026-04-12 20:54:29,543 [Worker-68: Launching districtservice (3)] INFO  o.eclipse.m2e.core.internal.Bundles - 	Entry: C:\Users\hp\.p2\pool\plugins\org.eclipse.m2e.maven.runtime_3.9.1200.20260112-2306\jars\maven-settings-builder-3.9.12.jar
2026-04-12 20:54:29,543 [Worker-68: Launching districtservice (3)] INFO  o.eclipse.m2e.core.internal.Bundles - 	Entry: C:\Users\hp\.p2\pool\plugins\org.eclipse.m2e.maven.runtime_3.9.1200.20260112-2306\jars\maven-shared-utils-3.4.2.jar
2026-04-12 20:54:29,543 [Worker-68: Launching districtservice (3)] INFO  o.eclipse.m2e.core.internal.Bundles - 	Entry: C:\Users\hp\.p2\pool\plugins\org.eclipse.m2e.maven.runtime_3.9.1200.20260112-2306\jars\org.eclipse.sisu.inject-0.9.0.M4.jar
2026-04-12 20:54:29,543 [Worker-68: Launching districtservice (3)] INFO  o.eclipse.m2e.core.internal.Bundles - 	Entry: C:\Users\hp\.p2\pool\plugins\org.eclipse.m2e.maven.runtime_3.9.1200.20260112-2306\jars\org.eclipse.sisu.plexus-0.9.0.M4.jar
2026-04-12 20:54:29,544 [Worker-68: Launching districtservice (3)] INFO  o.eclipse.m2e.core.internal.Bundles - 	Entry: C:\Users\hp\.p2\pool\plugins\org.eclipse.m2e.maven.runtime_3.9.1200.20260112-2306\jars\plexus-build-api-0.0.7.jar
2026-04-12 20:54:29,544 [Worker-68: Launching districtservice (3)] INFO  o.eclipse.m2e.core.internal.Bundles - 	Entry: C:\Users\hp\.p2\pool\plugins\org.eclipse.m2e.maven.runtime_3.9.1200.20260112-2306\jars\plexus-build-api-1.2.0.jar
2026-04-12 20:54:29,544 [Worker-68: Launching districtservice (3)] INFO  o.eclipse.m2e.core.internal.Bundles - 	Entry: C:\Users\hp\.p2\pool\plugins\org.eclipse.m2e.maven.runtime_3.9.1200.20260112-2306\jars\plexus-cipher-2.0.jar
2026-04-12 20:54:29,544 [Worker-68: Launching districtservice (3)] INFO  o.eclipse.m2e.core.internal.Bundles - 	Entry: C:\Users\hp\.p2\pool\plugins\org.eclipse.m2e.maven.runtime_3.9.1200.20260112-2306\jars\plexus-classworlds-2.9.0.jar
2026-04-12 20:54:29,545 [Worker-68: Launching districtservice (3)] INFO  o.eclipse.m2e.core.internal.Bundles - 	Entry: C:\Users\hp\.p2\pool\plugins\org.eclipse.m2e.maven.runtime_3.9.1200.20260112-2306\jars\plexus-component-annotations-2.2.0.jar
2026-04-12 20:54:29,545 [Worker-68: Launching districtservice (3)] INFO  o.eclipse.m2e.core.internal.Bundles - 	Entry: C:\Users\hp\.p2\pool\plugins\org.eclipse.m2e.maven.runtime_3.9.1200.20260112-2306\jars\plexus-interpolation-1.29.jar
2026-04-12 20:54:29,545 [Worker-68: Launching districtservice (3)] INFO  o.eclipse.m2e.core.internal.Bundles - 	Entry: C:\Users\hp\.p2\pool\plugins\org.eclipse.m2e.maven.runtime_3.9.1200.20260112-2306\jars\plexus-sec-dispatcher-2.0.jar
2026-04-12 20:54:29,545 [Worker-68: Launching districtservice (3)] INFO  o.eclipse.m2e.core.internal.Bundles - 	Entry: C:\Users\hp\.p2\pool\plugins\org.eclipse.m2e.maven.runtime_3.9.1200.20260112-2306\jars\plexus-utils-3.6.0.jar
2026-04-12 20:54:29,545 [Worker-68: Launching districtservice (3)] INFO  o.eclipse.m2e.core.internal.Bundles - 	Entry: C:\Users\hp\.p2\pool\plugins\org.eclipse.m2e.maven.runtime_3.9.1200.20260112-2306\jars\wagon-file-3.5.3.jar
2026-04-12 20:54:29,545 [Worker-68: Launching districtservice (3)] INFO  o.eclipse.m2e.core.internal.Bundles - 	Entry: C:\Users\hp\.p2\pool\plugins\org.eclipse.m2e.maven.runtime_3.9.1200.20260112-2306\jars\wagon-http-3.5.3.jar
2026-04-12 20:54:29,546 [Worker-68: Launching districtservice (3)] INFO  o.eclipse.m2e.core.internal.Bundles - 	Entry: C:\Users\hp\.p2\pool\plugins\org.eclipse.m2e.maven.runtime_3.9.1200.20260112-2306\jars\wagon-http-shared-3.5.3.jar
2026-04-12 20:54:29,546 [Worker-68: Launching districtservice (3)] INFO  o.eclipse.m2e.core.internal.Bundles - 	Entry: C:\Users\hp\.p2\pool\plugins\org.eclipse.m2e.maven.runtime_3.9.1200.20260112-2306\jars\wagon-provider-api-3.5.3.jar
2026-04-12 20:54:29,546 [Worker-68: Launching districtservice (3)] INFO  o.eclipse.m2e.core.internal.Bundles - getClasspathEntries(Bundle=com.google.guava_33.5.0.jre [18])
2026-04-12 20:54:29,547 [Worker-68: Launching districtservice (3)] INFO  o.eclipse.m2e.core.internal.Bundles - 	Entry: C:\Users\hp\.p2\pool\plugins\com.google.guava_33.5.0.jre.jar
2026-04-12 20:54:29,547 [Worker-68: Launching districtservice (3)] INFO  o.eclipse.m2e.core.internal.Bundles - getClasspathEntries(Bundle=slf4j.api_2.0.17 [1013])
2026-04-12 20:54:29,547 [Worker-68: Launching districtservice (3)] INFO  o.eclipse.m2e.core.internal.Bundles - 	Entry: C:\Users\hp\.p2\pool\plugins\slf4j.api_2.0.17.jar
2026-04-12 20:54:29,547 [Worker-68: Launching districtservice (3)] INFO  o.eclipse.m2e.core.internal.Bundles - getClasspathEntries(Bundle=jakarta.inject.jakarta.inject-api_1.0.5 [35])
2026-04-12 20:54:29,547 [Worker-68: Launching districtservice (3)] INFO  o.eclipse.m2e.core.internal.Bundles - 	Entry: C:\Users\hp\.p2\pool\plugins\jakarta.inject.jakarta.inject-api_1.0.5.jar
2026-04-12 20:54:29,547 [Worker-68: Launching districtservice (3)] INFO  o.eclipse.m2e.core.internal.Bundles - getClasspathEntries(Bundle=jakarta.annotation-api_1.3.5 [31])
2026-04-12 20:54:29,548 [Worker-68: Launching districtservice (3)] INFO  o.eclipse.m2e.core.internal.Bundles - 	Entry: C:\Users\hp\.p2\pool\plugins\jakarta.annotation-api_1.3.5.jar
2026-04-12 20:54:29,548 [Worker-68: Launching districtservice (3)] INFO  o.eclipse.m2e.core.internal.Bundles - getClasspathEntries(Bundle=org.apache.commons.cli_1.11.0 [83])
2026-04-12 20:54:29,548 [Worker-68: Launching districtservice (3)] INFO  o.eclipse.m2e.core.internal.Bundles - 	Entry: C:\Users\hp\.p2\pool\plugins\org.apache.commons.cli_1.11.0.jar
2026-04-12 20:54:29,548 [Worker-68: Launching districtservice (3)] INFO  o.eclipse.m2e.core.internal.Bundles - getClasspathEntries(Bundle=org.apache.commons.commons-codec_1.21.0 [85])
2026-04-12 20:54:29,548 [Worker-68: Launching districtservice (3)] INFO  o.eclipse.m2e.core.internal.Bundles - 	Entry: C:\Users\hp\.p2\pool\plugins\org.apache.commons.commons-codec_1.21.0.jar
2026-04-12 20:54:29,548 [Worker-68: Launching districtservice (3)] INFO  o.eclipse.m2e.core.internal.Bundles - getClasspathEntries(Bundle=com.google.guava.failureaccess_1.0.3 [19])
2026-04-12 20:54:29,549 [Worker-68: Launching districtservice (3)] INFO  o.eclipse.m2e.core.internal.Bundles - 	Entry: C:\Users\hp\.p2\pool\plugins\com.google.guava.failureaccess_1.0.3.jar
2026-04-12 20:54:29,551 [Worker-68: Launching districtservice (3)] INFO  o.e.m.i.launch.MavenLaunchDelegate - Run build in "C:\Users\hp\Desktop\CMP404 Urban Flow Project\districtservice":
2026-04-12 20:54:29,551 [Worker-68: Launching districtservice (3)] INFO  o.e.m.i.launch.MavenLaunchDelegate -  mvn  -B -Dstyle.color=always azure-webapp:deploy
2026-04-12 20:58:28,199 [Worker-69: Building] INFO  o.e.m.c.i.l.LifecycleMappingFactory - Using org.eclipse.m2e.jdt.JarLifecycleMapping lifecycle mapping for MavenProject: com.example:districtservice:0.0.1-SNAPSHOT @ C:\Users\hp\Desktop\CMP404 Urban Flow Project\districtservice\pom.xml.
2026-04-12 20:58:29,487 [Worker-69: Building] INFO  o.a.m.s.f.DefaultMavenResourcesFiltering - Copying 0 resource from src\main\resources to target\classes
2026-04-12 20:58:29,489 [Worker-69: Building] INFO  o.a.m.s.f.DefaultMavenResourcesFiltering - Copying 0 resource from src\main\resources to target\classes
2026-04-12 20:58:29,500 [Worker-69: Building] INFO  o.a.m.s.f.DefaultMavenResourcesFiltering - skip non existing resourceDirectory C:\Users\hp\Desktop\CMP404 Urban Flow Project\districtservice\src\test\resources
2026-04-12 20:58:29,548 [Worker-69: Building] WARN  o.apache.maven.project.MavenProject - Plugin is modifying compileSourceRoots through clear(), which will not work in Maven 4.0.0. Use MavenProject.addCompileSourceRoot()/removeCompileSourceRoot() methods instead. If using a plugin, please upgrade to the latest version or report the issue to the plugin maintainer. To disable these warnings, set -Dmaven.project.sourceRoots.warningsDisabled=true on the command line, in the .mvn/maven.config file, or in project POM properties.
2026-04-12 20:58:29,549 [Worker-69: Building] WARN  o.apache.maven.project.MavenProject - Plugin is modifying compileSourceRoots through add(), which will not work in Maven 4.0.0. Use MavenProject.addCompileSourceRoot()/removeCompileSourceRoot() methods instead. If using a plugin, please upgrade to the latest version or report the issue to the plugin maintainer. To disable these warnings, set -Dmaven.project.sourceRoots.warningsDisabled=true on the command line, in the .mvn/maven.config file, or in project POM properties.
2026-04-12 20:58:29,550 [Worker-69: Building] WARN  o.apache.maven.project.MavenProject - Plugin is modifying testCompileSourceRoots through clear(), which will not work in Maven 4.0.0. Use MavenProject.addTestCompileSourceRoot()/removeTestCompileSourceRoot() methods instead. If using a plugin, please upgrade to the latest version or report the issue to the plugin maintainer. To disable these warnings, set -Dmaven.project.sourceRoots.warningsDisabled=true on the command line, in the .mvn/maven.config file, or in project POM properties.
2026-04-12 20:58:29,552 [Worker-69: Building] WARN  o.apache.maven.project.MavenProject - Plugin is modifying testCompileSourceRoots through add(), which will not work in Maven 4.0.0. Use MavenProject.addTestCompileSourceRoot()/removeTestCompileSourceRoot() methods instead. If using a plugin, please upgrade to the latest version or report the issue to the plugin maintainer. To disable these warnings, set -Dmaven.project.sourceRoots.warningsDisabled=true on the command line, in the .mvn/maven.config file, or in project POM properties.
2026-04-12 20:59:40,363 [Worker-75: Building] INFO  o.e.m.c.i.l.LifecycleMappingFactory - Using org.eclipse.m2e.jdt.JarLifecycleMapping lifecycle mapping for MavenProject: com.example:districtservice:0.0.1-SNAPSHOT @ C:\Users\hp\Desktop\CMP404 Urban Flow Project\districtservice\pom.xml.
2026-04-12 20:59:41,280 [Worker-75: Building] INFO  o.a.m.s.f.DefaultMavenResourcesFiltering - Copying 1 resource from src\main\resources to target\classes
2026-04-12 20:59:41,407 [Worker-75: Building] INFO  o.a.m.s.f.DefaultMavenResourcesFiltering - Copying 0 resource from src\main\resources to target\classes
2026-04-12 20:59:41,420 [Worker-75: Building] INFO  o.a.m.s.f.DefaultMavenResourcesFiltering - skip non existing resourceDirectory C:\Users\hp\Desktop\CMP404 Urban Flow Project\districtservice\src\test\resources
2026-04-12 20:59:41,448 [Worker-75: Building] WARN  o.apache.maven.project.MavenProject - Plugin is modifying compileSourceRoots through clear(), which will not work in Maven 4.0.0. Use MavenProject.addCompileSourceRoot()/removeCompileSourceRoot() methods instead. If using a plugin, please upgrade to the latest version or report the issue to the plugin maintainer. To disable these warnings, set -Dmaven.project.sourceRoots.warningsDisabled=true on the command line, in the .mvn/maven.config file, or in project POM properties.
2026-04-12 20:59:41,449 [Worker-75: Building] WARN  o.apache.maven.project.MavenProject - Plugin is modifying compileSourceRoots through add(), which will not work in Maven 4.0.0. Use MavenProject.addCompileSourceRoot()/removeCompileSourceRoot() methods instead. If using a plugin, please upgrade to the latest version or report the issue to the plugin maintainer. To disable these warnings, set -Dmaven.project.sourceRoots.warningsDisabled=true on the command line, in the .mvn/maven.config file, or in project POM properties.
2026-04-12 20:59:41,450 [Worker-75: Building] WARN  o.apache.maven.project.MavenProject - Plugin is modifying testCompileSourceRoots through clear(), which will not work in Maven 4.0.0. Use MavenProject.addTestCompileSourceRoot()/removeTestCompileSourceRoot() methods instead. If using a plugin, please upgrade to the latest version or report the issue to the plugin maintainer. To disable these warnings, set -Dmaven.project.sourceRoots.warningsDisabled=true on the command line, in the .mvn/maven.config file, or in project POM properties.
2026-04-12 20:59:41,452 [Worker-75: Building] WARN  o.apache.maven.project.MavenProject - Plugin is modifying testCompileSourceRoots through add(), which will not work in Maven 4.0.0. Use MavenProject.addTestCompileSourceRoot()/removeTestCompileSourceRoot() methods instead. If using a plugin, please upgrade to the latest version or report the issue to the plugin maintainer. To disable these warnings, set -Dmaven.project.sourceRoots.warningsDisabled=true on the command line, in the .mvn/maven.config file, or in project POM properties.
2026-04-12 21:00:06,205 [Worker-74: Building] INFO  o.e.m.c.i.l.LifecycleMappingFactory - Using org.eclipse.m2e.jdt.JarLifecycleMapping lifecycle mapping for MavenProject: com.example:districtservice:0.0.1-SNAPSHOT @ C:\Users\hp\Desktop\CMP404 Urban Flow Project\districtservice\pom.xml.
2026-04-12 21:00:06,796 [Worker-74: Building] INFO  o.a.m.s.f.DefaultMavenResourcesFiltering - Copying 0 resource from src\main\resources to target\classes
2026-04-12 21:00:06,797 [Worker-74: Building] INFO  o.a.m.s.f.DefaultMavenResourcesFiltering - Copying 0 resource from src\main\resources to target\classes
2026-04-12 21:00:06,805 [Worker-74: Building] INFO  o.a.m.s.f.DefaultMavenResourcesFiltering - skip non existing resourceDirectory C:\Users\hp\Desktop\CMP404 Urban Flow Project\districtservice\src\test\resources
2026-04-12 21:00:06,825 [Worker-74: Building] WARN  o.apache.maven.project.MavenProject - Plugin is modifying compileSourceRoots through clear(), which will not work in Maven 4.0.0. Use MavenProject.addCompileSourceRoot()/removeCompileSourceRoot() methods instead. If using a plugin, please upgrade to the latest version or report the issue to the plugin maintainer. To disable these warnings, set -Dmaven.project.sourceRoots.warningsDisabled=true on the command line, in the .mvn/maven.config file, or in project POM properties.
2026-04-12 21:00:06,826 [Worker-74: Building] WARN  o.apache.maven.project.MavenProject - Plugin is modifying compileSourceRoots through add(), which will not work in Maven 4.0.0. Use MavenProject.addCompileSourceRoot()/removeCompileSourceRoot() methods instead. If using a plugin, please upgrade to the latest version or report the issue to the plugin maintainer. To disable these warnings, set -Dmaven.project.sourceRoots.warningsDisabled=true on the command line, in the .mvn/maven.config file, or in project POM properties.
2026-04-12 21:00:06,826 [Worker-74: Building] WARN  o.apache.maven.project.MavenProject - Plugin is modifying testCompileSourceRoots through clear(), which will not work in Maven 4.0.0. Use MavenProject.addTestCompileSourceRoot()/removeTestCompileSourceRoot() methods instead. If using a plugin, please upgrade to the latest version or report the issue to the plugin maintainer. To disable these warnings, set -Dmaven.project.sourceRoots.warningsDisabled=true on the command line, in the .mvn/maven.config file, or in project POM properties.
2026-04-12 21:00:06,827 [Worker-74: Building] WARN  o.apache.maven.project.MavenProject - Plugin is modifying testCompileSourceRoots through add(), which will not work in Maven 4.0.0. Use MavenProject.addTestCompileSourceRoot()/removeTestCompileSourceRoot() methods instead. If using a plugin, please upgrade to the latest version or report the issue to the plugin maintainer. To disable these warnings, set -Dmaven.project.sourceRoots.warningsDisabled=true on the command line, in the .mvn/maven.config file, or in project POM properties.
2026-04-12 21:01:53,623 [Worker-69: Building] INFO  o.e.m.c.i.l.LifecycleMappingFactory - Using org.eclipse.m2e.jdt.JarLifecycleMapping lifecycle mapping for MavenProject: com.example:districtservice:0.0.1-SNAPSHOT @ C:\Users\hp\Desktop\CMP404 Urban Flow Project\districtservice\pom.xml.
2026-04-12 21:01:54,104 [Worker-69: Building] INFO  o.a.m.s.f.DefaultMavenResourcesFiltering - Copying 0 resource from src\main\resources to target\classes
2026-04-12 21:01:54,105 [Worker-69: Building] INFO  o.a.m.s.f.DefaultMavenResourcesFiltering - Copying 0 resource from src\main\resources to target\classes
2026-04-12 21:01:54,109 [Worker-69: Building] INFO  o.a.m.s.f.DefaultMavenResourcesFiltering - skip non existing resourceDirectory C:\Users\hp\Desktop\CMP404 Urban Flow Project\districtservice\src\test\resources
2026-04-12 21:01:54,122 [Worker-69: Building] WARN  o.apache.maven.project.MavenProject - Plugin is modifying compileSourceRoots through clear(), which will not work in Maven 4.0.0. Use MavenProject.addCompileSourceRoot()/removeCompileSourceRoot() methods instead. If using a plugin, please upgrade to the latest version or report the issue to the plugin maintainer. To disable these warnings, set -Dmaven.project.sourceRoots.warningsDisabled=true on the command line, in the .mvn/maven.config file, or in project POM properties.
2026-04-12 21:01:54,122 [Worker-69: Building] WARN  o.apache.maven.project.MavenProject - Plugin is modifying compileSourceRoots through add(), which will not work in Maven 4.0.0. Use MavenProject.addCompileSourceRoot()/removeCompileSourceRoot() methods instead. If using a plugin, please upgrade to the latest version or report the issue to the plugin maintainer. To disable these warnings, set -Dmaven.project.sourceRoots.warningsDisabled=true on the command line, in the .mvn/maven.config file, or in project POM properties.
2026-04-12 21:01:54,123 [Worker-69: Building] WARN  o.apache.maven.project.MavenProject - Plugin is modifying testCompileSourceRoots through clear(), which will not work in Maven 4.0.0. Use MavenProject.addTestCompileSourceRoot()/removeTestCompileSourceRoot() methods instead. If using a plugin, please upgrade to the latest version or report the issue to the plugin maintainer. To disable these warnings, set -Dmaven.project.sourceRoots.warningsDisabled=true on the command line, in the .mvn/maven.config file, or in project POM properties.
2026-04-12 21:01:54,124 [Worker-69: Building] WARN  o.apache.maven.project.MavenProject - Plugin is modifying testCompileSourceRoots through add(), which will not work in Maven 4.0.0. Use MavenProject.addTestCompileSourceRoot()/removeTestCompileSourceRoot() methods instead. If using a plugin, please upgrade to the latest version or report the issue to the plugin maintainer. To disable these warnings, set -Dmaven.project.sourceRoots.warningsDisabled=true on the command line, in the .mvn/maven.config file, or in project POM properties.
2026-04-12 21:03:41,124 [Worker-69: Building] INFO  o.e.m.c.i.l.LifecycleMappingFactory - Using org.eclipse.m2e.jdt.JarLifecycleMapping lifecycle mapping for MavenProject: com.example:districtservice:0.0.1-SNAPSHOT @ C:\Users\hp\Desktop\CMP404 Urban Flow Project\districtservice\pom.xml.
2026-04-12 21:03:41,616 [Worker-69: Building] INFO  o.a.m.s.f.DefaultMavenResourcesFiltering - Copying 0 resource from src\main\resources to target\classes
2026-04-12 21:03:41,617 [Worker-69: Building] INFO  o.a.m.s.f.DefaultMavenResourcesFiltering - Copying 0 resource from src\main\resources to target\classes
2026-04-12 21:03:41,623 [Worker-69: Building] INFO  o.a.m.s.f.DefaultMavenResourcesFiltering - skip non existing resourceDirectory C:\Users\hp\Desktop\CMP404 Urban Flow Project\districtservice\src\test\resources
2026-04-12 21:03:41,637 [Worker-69: Building] WARN  o.apache.maven.project.MavenProject - Plugin is modifying compileSourceRoots through clear(), which will not work in Maven 4.0.0. Use MavenProject.addCompileSourceRoot()/removeCompileSourceRoot() methods instead. If using a plugin, please upgrade to the latest version or report the issue to the plugin maintainer. To disable these warnings, set -Dmaven.project.sourceRoots.warningsDisabled=true on the command line, in the .mvn/maven.config file, or in project POM properties.
2026-04-12 21:03:41,637 [Worker-69: Building] WARN  o.apache.maven.project.MavenProject - Plugin is modifying compileSourceRoots through add(), which will not work in Maven 4.0.0. Use MavenProject.addCompileSourceRoot()/removeCompileSourceRoot() methods instead. If using a plugin, please upgrade to the latest version or report the issue to the plugin maintainer. To disable these warnings, set -Dmaven.project.sourceRoots.warningsDisabled=true on the command line, in the .mvn/maven.config file, or in project POM properties.
2026-04-12 21:03:41,638 [Worker-69: Building] WARN  o.apache.maven.project.MavenProject - Plugin is modifying testCompileSourceRoots through clear(), which will not work in Maven 4.0.0. Use MavenProject.addTestCompileSourceRoot()/removeTestCompileSourceRoot() methods instead. If using a plugin, please upgrade to the latest version or report the issue to the plugin maintainer. To disable these warnings, set -Dmaven.project.sourceRoots.warningsDisabled=true on the command line, in the .mvn/maven.config file, or in project POM properties.
2026-04-12 21:03:41,638 [Worker-69: Building] WARN  o.apache.maven.project.MavenProject - Plugin is modifying testCompileSourceRoots through add(), which will not work in Maven 4.0.0. Use MavenProject.addTestCompileSourceRoot()/removeTestCompileSourceRoot() methods instead. If using a plugin, please upgrade to the latest version or report the issue to the plugin maintainer. To disable these warnings, set -Dmaven.project.sourceRoots.warningsDisabled=true on the command line, in the .mvn/maven.config file, or in project POM properties.
2026-04-12 21:05:35,897 [Worker-69: Building] INFO  o.e.m.c.i.l.LifecycleMappingFactory - Using org.eclipse.m2e.jdt.JarLifecycleMapping lifecycle mapping for MavenProject: com.example:districtservice:0.0.1-SNAPSHOT @ C:\Users\hp\Desktop\CMP404 Urban Flow Project\districtservice\pom.xml.
2026-04-12 21:05:36,413 [Worker-69: Building] INFO  o.a.m.s.f.DefaultMavenResourcesFiltering - Copying 0 resource from src\main\resources to target\classes
2026-04-12 21:05:36,414 [Worker-69: Building] INFO  o.a.m.s.f.DefaultMavenResourcesFiltering - Copying 0 resource from src\main\resources to target\classes
2026-04-12 21:05:36,418 [Worker-69: Building] INFO  o.a.m.s.f.DefaultMavenResourcesFiltering - skip non existing resourceDirectory C:\Users\hp\Desktop\CMP404 Urban Flow Project\districtservice\src\test\resources
2026-04-12 21:05:36,431 [Worker-69: Building] WARN  o.apache.maven.project.MavenProject - Plugin is modifying compileSourceRoots through clear(), which will not work in Maven 4.0.0. Use MavenProject.addCompileSourceRoot()/removeCompileSourceRoot() methods instead. If using a plugin, please upgrade to the latest version or report the issue to the plugin maintainer. To disable these warnings, set -Dmaven.project.sourceRoots.warningsDisabled=true on the command line, in the .mvn/maven.config file, or in project POM properties.
2026-04-12 21:05:36,432 [Worker-69: Building] WARN  o.apache.maven.project.MavenProject - Plugin is modifying compileSourceRoots through add(), which will not work in Maven 4.0.0. Use MavenProject.addCompileSourceRoot()/removeCompileSourceRoot() methods instead. If using a plugin, please upgrade to the latest version or report the issue to the plugin maintainer. To disable these warnings, set -Dmaven.project.sourceRoots.warningsDisabled=true on the command line, in the .mvn/maven.config file, or in project POM properties.
2026-04-12 21:05:36,433 [Worker-69: Building] WARN  o.apache.maven.project.MavenProject - Plugin is modifying testCompileSourceRoots through clear(), which will not work in Maven 4.0.0. Use MavenProject.addTestCompileSourceRoot()/removeTestCompileSourceRoot() methods instead. If using a plugin, please upgrade to the latest version or report the issue to the plugin maintainer. To disable these warnings, set -Dmaven.project.sourceRoots.warningsDisabled=true on the command line, in the .mvn/maven.config file, or in project POM properties.
2026-04-12 21:05:36,433 [Worker-69: Building] WARN  o.apache.maven.project.MavenProject - Plugin is modifying testCompileSourceRoots through add(), which will not work in Maven 4.0.0. Use MavenProject.addTestCompileSourceRoot()/removeTestCompileSourceRoot() methods instead. If using a plugin, please upgrade to the latest version or report the issue to the plugin maintainer. To disable these warnings, set -Dmaven.project.sourceRoots.warningsDisabled=true on the command line, in the .mvn/maven.config file, or in project POM properties.
2026-04-12 21:05:54,544 [Worker-79: Updating Maven Project] INFO  o.e.m.c.i.p.ProjectConfigurationManager - Update started
2026-04-12 21:05:54,914 [Worker-79: Updating Maven Project] INFO  o.e.m.c.i.l.LifecycleMappingFactory - Using org.eclipse.m2e.jdt.JarLifecycleMapping lifecycle mapping for MavenProject: com.example:districtservice:0.0.1-SNAPSHOT @ C:\Users\hp\Desktop\CMP404 Urban Flow Project\districtservice\pom.xml.
2026-04-12 21:05:55,351 [Worker-79: Updating Maven Project] INFO  o.e.m.j.i.AbstractJavaProjectConfigurator - Adding source folder /districtservice/src/main/java
2026-04-12 21:05:55,352 [Worker-79: Updating Maven Project] INFO  o.e.m.j.i.AbstractJavaProjectConfigurator - Adding resource folder /districtservice/src/main/resources
2026-04-12 21:05:55,353 [Worker-79: Updating Maven Project] INFO  o.e.m.j.i.AbstractJavaProjectConfigurator - Adding resource folder /districtservice/src/main/resources
2026-04-12 21:05:55,353 [Worker-79: Updating Maven Project] INFO  o.e.m.j.i.AbstractJavaProjectConfigurator - Adding source folder /districtservice/src/test/java
2026-04-12 21:05:55,353 [Worker-79: Updating Maven Project] INFO  o.e.m.j.i.AbstractJavaProjectConfigurator - Adding resource folder /districtservice/src/test/resources
2026-04-12 21:05:55,567 [Worker-79: Updating Maven Project] WARN  o.apache.maven.project.MavenProject - Plugin is modifying compileSourceRoots through clear(), which will not work in Maven 4.0.0. Use MavenProject.addCompileSourceRoot()/removeCompileSourceRoot() methods instead. If using a plugin, please upgrade to the latest version or report the issue to the plugin maintainer. To disable these warnings, set -Dmaven.project.sourceRoots.warningsDisabled=true on the command line, in the .mvn/maven.config file, or in project POM properties.
2026-04-12 21:05:55,568 [Worker-79: Updating Maven Project] WARN  o.apache.maven.project.MavenProject - Plugin is modifying compileSourceRoots through add(), which will not work in Maven 4.0.0. Use MavenProject.addCompileSourceRoot()/removeCompileSourceRoot() methods instead. If using a plugin, please upgrade to the latest version or report the issue to the plugin maintainer. To disable these warnings, set -Dmaven.project.sourceRoots.warningsDisabled=true on the command line, in the .mvn/maven.config file, or in project POM properties.
2026-04-12 21:05:55,569 [Worker-79: Updating Maven Project] WARN  o.apache.maven.project.MavenProject - Plugin is modifying testCompileSourceRoots through clear(), which will not work in Maven 4.0.0. Use MavenProject.addTestCompileSourceRoot()/removeTestCompileSourceRoot() methods instead. If using a plugin, please upgrade to the latest version or report the issue to the plugin maintainer. To disable these warnings, set -Dmaven.project.sourceRoots.warningsDisabled=true on the command line, in the .mvn/maven.config file, or in project POM properties.
2026-04-12 21:05:55,569 [Worker-79: Updating Maven Project] WARN  o.apache.maven.project.MavenProject - Plugin is modifying testCompileSourceRoots through add(), which will not work in Maven 4.0.0. Use MavenProject.addTestCompileSourceRoot()/removeTestCompileSourceRoot() methods instead. If using a plugin, please upgrade to the latest version or report the issue to the plugin maintainer. To disable these warnings, set -Dmaven.project.sourceRoots.warningsDisabled=true on the command line, in the .mvn/maven.config file, or in project POM properties.
2026-04-12 21:05:55,630 [Worker-79: Updating Maven Project] INFO  o.e.m.c.i.p.ProjectConfigurationManager - Update completed for 1 poms: local refresh takes 0.00 sec, refresh facades takes 0.00 sec, update config takes 0.00 sec 
2026-04-12 21:05:55,998 [Worker-78: Building] INFO  o.a.m.s.f.DefaultMavenResourcesFiltering - Copying 1 resource from src\main\resources to target\classes
2026-04-12 21:05:56,034 [Worker-78: Building] INFO  o.a.m.s.f.DefaultMavenResourcesFiltering - Copying 0 resource from src\main\resources to target\classes
2026-04-12 21:05:56,040 [Worker-78: Building] INFO  o.a.m.s.f.DefaultMavenResourcesFiltering - skip non existing resourceDirectory C:\Users\hp\Desktop\CMP404 Urban Flow Project\districtservice\src\test\resources
2026-04-12 21:05:56,060 [Worker-78: Building] WARN  o.apache.maven.project.MavenProject - Plugin is modifying compileSourceRoots through clear(), which will not work in Maven 4.0.0. Use MavenProject.addCompileSourceRoot()/removeCompileSourceRoot() methods instead. If using a plugin, please upgrade to the latest version or report the issue to the plugin maintainer. To disable these warnings, set -Dmaven.project.sourceRoots.warningsDisabled=true on the command line, in the .mvn/maven.config file, or in project POM properties.
2026-04-12 21:05:56,062 [Worker-78: Building] WARN  o.apache.maven.project.MavenProject - Plugin is modifying compileSourceRoots through add(), which will not work in Maven 4.0.0. Use MavenProject.addCompileSourceRoot()/removeCompileSourceRoot() methods instead. If using a plugin, please upgrade to the latest version or report the issue to the plugin maintainer. To disable these warnings, set -Dmaven.project.sourceRoots.warningsDisabled=true on the command line, in the .mvn/maven.config file, or in project POM properties.
2026-04-12 21:05:56,062 [Worker-78: Building] WARN  o.apache.maven.project.MavenProject - Plugin is modifying testCompileSourceRoots through clear(), which will not work in Maven 4.0.0. Use MavenProject.addTestCompileSourceRoot()/removeTestCompileSourceRoot() methods instead. If using a plugin, please upgrade to the latest version or report the issue to the plugin maintainer. To disable these warnings, set -Dmaven.project.sourceRoots.warningsDisabled=true on the command line, in the .mvn/maven.config file, or in project POM properties.
2026-04-12 21:05:56,063 [Worker-78: Building] WARN  o.apache.maven.project.MavenProject - Plugin is modifying testCompileSourceRoots through add(), which will not work in Maven 4.0.0. Use MavenProject.addTestCompileSourceRoot()/removeTestCompileSourceRoot() methods instead. If using a plugin, please upgrade to the latest version or report the issue to the plugin maintainer. To disable these warnings, set -Dmaven.project.sourceRoots.warningsDisabled=true on the command line, in the .mvn/maven.config file, or in project POM properties.
2026-04-12 21:06:08,391 [main] INFO  o.e.m2e.actions.ExecutePomAction - Creating new launch configuration
2026-04-12 21:06:19,869 [Worker-69: Launching districtservice (4)] INFO  o.eclipse.m2e.core.internal.Bundles - getClasspathEntries(Bundle=org.eclipse.m2e.maven.runtime_3.9.1200.20260112-2306 [648])
2026-04-12 21:06:19,870 [Worker-69: Launching districtservice (4)] INFO  o.eclipse.m2e.core.internal.Bundles - 	Entry: C:\Users\hp\.p2\pool\plugins\org.eclipse.m2e.maven.runtime_3.9.1200.20260112-2306
2026-04-12 21:06:19,872 [Worker-69: Launching districtservice (4)] INFO  o.eclipse.m2e.core.internal.Bundles - 	Entry: C:\Users\hp\.p2\pool\plugins\org.eclipse.m2e.maven.runtime_3.9.1200.20260112-2306\jars\aopalliance-1.0.jar
2026-04-12 21:06:19,872 [Worker-69: Launching districtservice (4)] INFO  o.eclipse.m2e.core.internal.Bundles - 	Entry: C:\Users\hp\.p2\pool\plugins\org.eclipse.m2e.maven.runtime_3.9.1200.20260112-2306\jars\asm-9.9.jar
2026-04-12 21:06:19,872 [Worker-69: Launching districtservice (4)] INFO  o.eclipse.m2e.core.internal.Bundles - 	Entry: C:\Users\hp\.p2\pool\plugins\org.eclipse.m2e.maven.runtime_3.9.1200.20260112-2306\jars\error_prone_annotations-2.41.0.jar
2026-04-12 21:06:19,872 [Worker-69: Launching districtservice (4)] INFO  o.eclipse.m2e.core.internal.Bundles - 	Entry: C:\Users\hp\.p2\pool\plugins\org.eclipse.m2e.maven.runtime_3.9.1200.20260112-2306\jars\gson-2.13.2.jar
2026-04-12 21:06:19,872 [Worker-69: Launching districtservice (4)] INFO  o.eclipse.m2e.core.internal.Bundles - 	Entry: C:\Users\hp\.p2\pool\plugins\org.eclipse.m2e.maven.runtime_3.9.1200.20260112-2306\jars\guice-5.1.0-classes.jar
2026-04-12 21:06:19,872 [Worker-69: Launching districtservice (4)] INFO  o.eclipse.m2e.core.internal.Bundles - 	Entry: C:\Users\hp\.p2\pool\plugins\org.eclipse.m2e.maven.runtime_3.9.1200.20260112-2306\jars\httpclient-4.5.14.jar
2026-04-12 21:06:19,872 [Worker-69: Launching districtservice (4)] INFO  o.eclipse.m2e.core.internal.Bundles - 	Entry: C:\Users\hp\.p2\pool\plugins\org.eclipse.m2e.maven.runtime_3.9.1200.20260112-2306\jars\httpcore-4.4.16.jar
2026-04-12 21:06:19,872 [Worker-69: Launching districtservice (4)] INFO  o.eclipse.m2e.core.internal.Bundles - 	Entry: C:\Users\hp\.p2\pool\plugins\org.eclipse.m2e.maven.runtime_3.9.1200.20260112-2306\jars\jansi-2.4.2.jar
2026-04-12 21:06:19,872 [Worker-69: Launching districtservice (4)] INFO  o.eclipse.m2e.core.internal.Bundles - 	Entry: C:\Users\hp\.p2\pool\plugins\org.eclipse.m2e.maven.runtime_3.9.1200.20260112-2306\jars\jcl-over-slf4j-1.7.36.jar
2026-04-12 21:06:19,872 [Worker-69: Launching districtservice (4)] INFO  o.eclipse.m2e.core.internal.Bundles - 	Entry: C:\Users\hp\.p2\pool\plugins\org.eclipse.m2e.maven.runtime_3.9.1200.20260112-2306\jars\maven-artifact-3.9.12.jar
2026-04-12 21:06:19,873 [Worker-69: Launching districtservice (4)] INFO  o.eclipse.m2e.core.internal.Bundles - 	Entry: C:\Users\hp\.p2\pool\plugins\org.eclipse.m2e.maven.runtime_3.9.1200.20260112-2306\jars\maven-builder-support-3.9.12.jar
2026-04-12 21:06:19,873 [Worker-69: Launching districtservice (4)] INFO  o.eclipse.m2e.core.internal.Bundles - 	Entry: C:\Users\hp\.p2\pool\plugins\org.eclipse.m2e.maven.runtime_3.9.1200.20260112-2306\jars\maven-compat-3.9.12.jar
2026-04-12 21:06:19,873 [Worker-69: Launching districtservice (4)] INFO  o.eclipse.m2e.core.internal.Bundles - 	Entry: C:\Users\hp\.p2\pool\plugins\org.eclipse.m2e.maven.runtime_3.9.1200.20260112-2306\jars\maven-core-3.9.12.jar
2026-04-12 21:06:19,873 [Worker-69: Launching districtservice (4)] INFO  o.eclipse.m2e.core.internal.Bundles - 	Entry: C:\Users\hp\.p2\pool\plugins\org.eclipse.m2e.maven.runtime_3.9.1200.20260112-2306\jars\maven-embedder-3.9.12.jar
2026-04-12 21:06:19,873 [Worker-69: Launching districtservice (4)] INFO  o.eclipse.m2e.core.internal.Bundles - 	Entry: C:\Users\hp\.p2\pool\plugins\org.eclipse.m2e.maven.runtime_3.9.1200.20260112-2306\jars\maven-model-3.9.12.jar
2026-04-12 21:06:19,873 [Worker-69: Launching districtservice (4)] INFO  o.eclipse.m2e.core.internal.Bundles - 	Entry: C:\Users\hp\.p2\pool\plugins\org.eclipse.m2e.maven.runtime_3.9.1200.20260112-2306\jars\maven-model-builder-3.9.12.jar
2026-04-12 21:06:19,874 [Worker-69: Launching districtservice (4)] INFO  o.eclipse.m2e.core.internal.Bundles - 	Entry: C:\Users\hp\.p2\pool\plugins\org.eclipse.m2e.maven.runtime_3.9.1200.20260112-2306\jars\maven-plugin-api-3.9.12.jar
2026-04-12 21:06:19,874 [Worker-69: Launching districtservice (4)] INFO  o.eclipse.m2e.core.internal.Bundles - 	Entry: C:\Users\hp\.p2\pool\plugins\org.eclipse.m2e.maven.runtime_3.9.1200.20260112-2306\jars\maven-repository-metadata-3.9.12.jar
2026-04-12 21:06:19,874 [Worker-69: Launching districtservice (4)] INFO  o.eclipse.m2e.core.internal.Bundles - 	Entry: C:\Users\hp\.p2\pool\plugins\org.eclipse.m2e.maven.runtime_3.9.1200.20260112-2306\jars\maven-resolver-api-1.9.25.jar
2026-04-12 21:06:19,874 [Worker-69: Launching districtservice (4)] INFO  o.eclipse.m2e.core.internal.Bundles - 	Entry: C:\Users\hp\.p2\pool\plugins\org.eclipse.m2e.maven.runtime_3.9.1200.20260112-2306\jars\maven-resolver-connector-basic-1.9.25.jar
2026-04-12 21:06:19,874 [Worker-69: Launching districtservice (4)] INFO  o.eclipse.m2e.core.internal.Bundles - 	Entry: C:\Users\hp\.p2\pool\plugins\org.eclipse.m2e.maven.runtime_3.9.1200.20260112-2306\jars\maven-resolver-impl-1.9.25.jar
2026-04-12 21:06:19,874 [Worker-69: Launching districtservice (4)] INFO  o.eclipse.m2e.core.internal.Bundles - 	Entry: C:\Users\hp\.p2\pool\plugins\org.eclipse.m2e.maven.runtime_3.9.1200.20260112-2306\jars\maven-resolver-named-locks-1.9.25.jar
2026-04-12 21:06:19,874 [Worker-69: Launching districtservice (4)] INFO  o.eclipse.m2e.core.internal.Bundles - 	Entry: C:\Users\hp\.p2\pool\plugins\org.eclipse.m2e.maven.runtime_3.9.1200.20260112-2306\jars\maven-resolver-provider-3.9.12.jar
2026-04-12 21:06:19,875 [Worker-69: Launching districtservice (4)] INFO  o.eclipse.m2e.core.internal.Bundles - 	Entry: C:\Users\hp\.p2\pool\plugins\org.eclipse.m2e.maven.runtime_3.9.1200.20260112-2306\jars\maven-resolver-spi-1.9.25.jar
2026-04-12 21:06:19,875 [Worker-69: Launching districtservice (4)] INFO  o.eclipse.m2e.core.internal.Bundles - 	Entry: C:\Users\hp\.p2\pool\plugins\org.eclipse.m2e.maven.runtime_3.9.1200.20260112-2306\jars\maven-resolver-transport-file-1.9.25.jar
2026-04-12 21:06:19,875 [Worker-69: Launching districtservice (4)] INFO  o.eclipse.m2e.core.internal.Bundles - 	Entry: C:\Users\hp\.p2\pool\plugins\org.eclipse.m2e.maven.runtime_3.9.1200.20260112-2306\jars\maven-resolver-transport-http-1.9.25.jar
2026-04-12 21:06:19,875 [Worker-69: Launching districtservice (4)] INFO  o.eclipse.m2e.core.internal.Bundles - 	Entry: C:\Users\hp\.p2\pool\plugins\org.eclipse.m2e.maven.runtime_3.9.1200.20260112-2306\jars\maven-resolver-transport-wagon-1.9.25.jar
2026-04-12 21:06:19,875 [Worker-69: Launching districtservice (4)] INFO  o.eclipse.m2e.core.internal.Bundles - 	Entry: C:\Users\hp\.p2\pool\plugins\org.eclipse.m2e.maven.runtime_3.9.1200.20260112-2306\jars\maven-resolver-util-1.9.25.jar
2026-04-12 21:06:19,875 [Worker-69: Launching districtservice (4)] INFO  o.eclipse.m2e.core.internal.Bundles - 	Entry: C:\Users\hp\.p2\pool\plugins\org.eclipse.m2e.maven.runtime_3.9.1200.20260112-2306\jars\maven-settings-3.9.12.jar
2026-04-12 21:06:19,875 [Worker-69: Launching districtservice (4)] INFO  o.eclipse.m2e.core.internal.Bundles - 	Entry: C:\Users\hp\.p2\pool\plugins\org.eclipse.m2e.maven.runtime_3.9.1200.20260112-2306\jars\maven-settings-builder-3.9.12.jar
2026-04-12 21:06:19,875 [Worker-69: Launching districtservice (4)] INFO  o.eclipse.m2e.core.internal.Bundles - 	Entry: C:\Users\hp\.p2\pool\plugins\org.eclipse.m2e.maven.runtime_3.9.1200.20260112-2306\jars\maven-shared-utils-3.4.2.jar
2026-04-12 21:06:19,876 [Worker-69: Launching districtservice (4)] INFO  o.eclipse.m2e.core.internal.Bundles - 	Entry: C:\Users\hp\.p2\pool\plugins\org.eclipse.m2e.maven.runtime_3.9.1200.20260112-2306\jars\org.eclipse.sisu.inject-0.9.0.M4.jar
2026-04-12 21:06:19,876 [Worker-69: Launching districtservice (4)] INFO  o.eclipse.m2e.core.internal.Bundles - 	Entry: C:\Users\hp\.p2\pool\plugins\org.eclipse.m2e.maven.runtime_3.9.1200.20260112-2306\jars\org.eclipse.sisu.plexus-0.9.0.M4.jar
2026-04-12 21:06:19,876 [Worker-69: Launching districtservice (4)] INFO  o.eclipse.m2e.core.internal.Bundles - 	Entry: C:\Users\hp\.p2\pool\plugins\org.eclipse.m2e.maven.runtime_3.9.1200.20260112-2306\jars\plexus-build-api-0.0.7.jar
2026-04-12 21:06:19,876 [Worker-69: Launching districtservice (4)] INFO  o.eclipse.m2e.core.internal.Bundles - 	Entry: C:\Users\hp\.p2\pool\plugins\org.eclipse.m2e.maven.runtime_3.9.1200.20260112-2306\jars\plexus-build-api-1.2.0.jar
2026-04-12 21:06:19,876 [Worker-69: Launching districtservice (4)] INFO  o.eclipse.m2e.core.internal.Bundles - 	Entry: C:\Users\hp\.p2\pool\plugins\org.eclipse.m2e.maven.runtime_3.9.1200.20260112-2306\jars\plexus-cipher-2.0.jar
2026-04-12 21:06:19,876 [Worker-69: Launching districtservice (4)] INFO  o.eclipse.m2e.core.internal.Bundles - 	Entry: C:\Users\hp\.p2\pool\plugins\org.eclipse.m2e.maven.runtime_3.9.1200.20260112-2306\jars\plexus-classworlds-2.9.0.jar
2026-04-12 21:06:19,876 [Worker-69: Launching districtservice (4)] INFO  o.eclipse.m2e.core.internal.Bundles - 	Entry: C:\Users\hp\.p2\pool\plugins\org.eclipse.m2e.maven.runtime_3.9.1200.20260112-2306\jars\plexus-component-annotations-2.2.0.jar
2026-04-12 21:06:19,876 [Worker-69: Launching districtservice (4)] INFO  o.eclipse.m2e.core.internal.Bundles - 	Entry: C:\Users\hp\.p2\pool\plugins\org.eclipse.m2e.maven.runtime_3.9.1200.20260112-2306\jars\plexus-interpolation-1.29.jar
2026-04-12 21:06:19,877 [Worker-69: Launching districtservice (4)] INFO  o.eclipse.m2e.core.internal.Bundles - 	Entry: C:\Users\hp\.p2\pool\plugins\org.eclipse.m2e.maven.runtime_3.9.1200.20260112-2306\jars\plexus-sec-dispatcher-2.0.jar
2026-04-12 21:06:19,877 [Worker-69: Launching districtservice (4)] INFO  o.eclipse.m2e.core.internal.Bundles - 	Entry: C:\Users\hp\.p2\pool\plugins\org.eclipse.m2e.maven.runtime_3.9.1200.20260112-2306\jars\plexus-utils-3.6.0.jar
2026-04-12 21:06:19,877 [Worker-69: Launching districtservice (4)] INFO  o.eclipse.m2e.core.internal.Bundles - 	Entry: C:\Users\hp\.p2\pool\plugins\org.eclipse.m2e.maven.runtime_3.9.1200.20260112-2306\jars\wagon-file-3.5.3.jar
2026-04-12 21:06:19,877 [Worker-69: Launching districtservice (4)] INFO  o.eclipse.m2e.core.internal.Bundles - 	Entry: C:\Users\hp\.p2\pool\plugins\org.eclipse.m2e.maven.runtime_3.9.1200.20260112-2306\jars\wagon-http-3.5.3.jar
2026-04-12 21:06:19,877 [Worker-69: Launching districtservice (4)] INFO  o.eclipse.m2e.core.internal.Bundles - 	Entry: C:\Users\hp\.p2\pool\plugins\org.eclipse.m2e.maven.runtime_3.9.1200.20260112-2306\jars\wagon-http-shared-3.5.3.jar
2026-04-12 21:06:19,877 [Worker-69: Launching districtservice (4)] INFO  o.eclipse.m2e.core.internal.Bundles - 	Entry: C:\Users\hp\.p2\pool\plugins\org.eclipse.m2e.maven.runtime_3.9.1200.20260112-2306\jars\wagon-provider-api-3.5.3.jar
2026-04-12 21:06:19,878 [Worker-69: Launching districtservice (4)] INFO  o.eclipse.m2e.core.internal.Bundles - getClasspathEntries(Bundle=com.google.guava_33.5.0.jre [18])
2026-04-12 21:06:19,878 [Worker-69: Launching districtservice (4)] INFO  o.eclipse.m2e.core.internal.Bundles - 	Entry: C:\Users\hp\.p2\pool\plugins\com.google.guava_33.5.0.jre.jar
2026-04-12 21:06:19,878 [Worker-69: Launching districtservice (4)] INFO  o.eclipse.m2e.core.internal.Bundles - getClasspathEntries(Bundle=slf4j.api_2.0.17 [1013])
2026-04-12 21:06:19,879 [Worker-69: Launching districtservice (4)] INFO  o.eclipse.m2e.core.internal.Bundles - 	Entry: C:\Users\hp\.p2\pool\plugins\slf4j.api_2.0.17.jar
2026-04-12 21:06:19,879 [Worker-69: Launching districtservice (4)] INFO  o.eclipse.m2e.core.internal.Bundles - getClasspathEntries(Bundle=jakarta.inject.jakarta.inject-api_1.0.5 [35])
2026-04-12 21:06:19,879 [Worker-69: Launching districtservice (4)] INFO  o.eclipse.m2e.core.internal.Bundles - 	Entry: C:\Users\hp\.p2\pool\plugins\jakarta.inject.jakarta.inject-api_1.0.5.jar
2026-04-12 21:06:19,879 [Worker-69: Launching districtservice (4)] INFO  o.eclipse.m2e.core.internal.Bundles - getClasspathEntries(Bundle=jakarta.annotation-api_1.3.5 [31])
2026-04-12 21:06:19,880 [Worker-69: Launching districtservice (4)] INFO  o.eclipse.m2e.core.internal.Bundles - 	Entry: C:\Users\hp\.p2\pool\plugins\jakarta.annotation-api_1.3.5.jar
2026-04-12 21:06:19,880 [Worker-69: Launching districtservice (4)] INFO  o.eclipse.m2e.core.internal.Bundles - getClasspathEntries(Bundle=org.apache.commons.cli_1.11.0 [83])
2026-04-12 21:06:19,880 [Worker-69: Launching districtservice (4)] INFO  o.eclipse.m2e.core.internal.Bundles - 	Entry: C:\Users\hp\.p2\pool\plugins\org.apache.commons.cli_1.11.0.jar
2026-04-12 21:06:19,880 [Worker-69: Launching districtservice (4)] INFO  o.eclipse.m2e.core.internal.Bundles - getClasspathEntries(Bundle=org.apache.commons.commons-codec_1.21.0 [85])
2026-04-12 21:06:19,880 [Worker-69: Launching districtservice (4)] INFO  o.eclipse.m2e.core.internal.Bundles - 	Entry: C:\Users\hp\.p2\pool\plugins\org.apache.commons.commons-codec_1.21.0.jar
2026-04-12 21:06:19,880 [Worker-69: Launching districtservice (4)] INFO  o.eclipse.m2e.core.internal.Bundles - getClasspathEntries(Bundle=com.google.guava.failureaccess_1.0.3 [19])
2026-04-12 21:06:19,882 [Worker-69: Launching districtservice (4)] INFO  o.eclipse.m2e.core.internal.Bundles - 	Entry: C:\Users\hp\.p2\pool\plugins\com.google.guava.failureaccess_1.0.3.jar
2026-04-12 21:06:19,884 [Worker-69: Launching districtservice (4)] INFO  o.e.m.i.launch.MavenLaunchDelegate - Run build in "C:\Users\hp\Desktop\CMP404 Urban Flow Project\districtservice":
2026-04-12 21:06:19,884 [Worker-69: Launching districtservice (4)] INFO  o.e.m.i.launch.MavenLaunchDelegate -  mvn  -B -Dstyle.color=always clean package -DskipTests
2026-04-12 21:07:22,524 [main] INFO  o.e.m2e.actions.ExecutePomAction - Creating new launch configuration
2026-04-12 21:07:34,889 [Worker-78: Launching districtservice (5)] INFO  o.eclipse.m2e.core.internal.Bundles - getClasspathEntries(Bundle=org.eclipse.m2e.maven.runtime_3.9.1200.20260112-2306 [648])
2026-04-12 21:07:34,890 [Worker-78: Launching districtservice (5)] INFO  o.eclipse.m2e.core.internal.Bundles - 	Entry: C:\Users\hp\.p2\pool\plugins\org.eclipse.m2e.maven.runtime_3.9.1200.20260112-2306
2026-04-12 21:07:34,890 [Worker-78: Launching districtservice (5)] INFO  o.eclipse.m2e.core.internal.Bundles - 	Entry: C:\Users\hp\.p2\pool\plugins\org.eclipse.m2e.maven.runtime_3.9.1200.20260112-2306\jars\aopalliance-1.0.jar
2026-04-12 21:07:34,890 [Worker-78: Launching districtservice (5)] INFO  o.eclipse.m2e.core.internal.Bundles - 	Entry: C:\Users\hp\.p2\pool\plugins\org.eclipse.m2e.maven.runtime_3.9.1200.20260112-2306\jars\asm-9.9.jar
2026-04-12 21:07:34,890 [Worker-78: Launching districtservice (5)] INFO  o.eclipse.m2e.core.internal.Bundles - 	Entry: C:\Users\hp\.p2\pool\plugins\org.eclipse.m2e.maven.runtime_3.9.1200.20260112-2306\jars\error_prone_annotations-2.41.0.jar
2026-04-12 21:07:34,890 [Worker-78: Launching districtservice (5)] INFO  o.eclipse.m2e.core.internal.Bundles - 	Entry: C:\Users\hp\.p2\pool\plugins\org.eclipse.m2e.maven.runtime_3.9.1200.20260112-2306\jars\gson-2.13.2.jar
2026-04-12 21:07:34,890 [Worker-78: Launching districtservice (5)] INFO  o.eclipse.m2e.core.internal.Bundles - 	Entry: C:\Users\hp\.p2\pool\plugins\org.eclipse.m2e.maven.runtime_3.9.1200.20260112-2306\jars\guice-5.1.0-classes.jar
2026-04-12 21:07:34,892 [Worker-78: Launching districtservice (5)] INFO  o.eclipse.m2e.core.internal.Bundles - 	Entry: C:\Users\hp\.p2\pool\plugins\org.eclipse.m2e.maven.runtime_3.9.1200.20260112-2306\jars\httpclient-4.5.14.jar
2026-04-12 21:07:34,892 [Worker-78: Launching districtservice (5)] INFO  o.eclipse.m2e.core.internal.Bundles - 	Entry: C:\Users\hp\.p2\pool\plugins\org.eclipse.m2e.maven.runtime_3.9.1200.20260112-2306\jars\httpcore-4.4.16.jar
2026-04-12 21:07:34,892 [Worker-78: Launching districtservice (5)] INFO  o.eclipse.m2e.core.internal.Bundles - 	Entry: C:\Users\hp\.p2\pool\plugins\org.eclipse.m2e.maven.runtime_3.9.1200.20260112-2306\jars\jansi-2.4.2.jar
2026-04-12 21:07:34,892 [Worker-78: Launching districtservice (5)] INFO  o.eclipse.m2e.core.internal.Bundles - 	Entry: C:\Users\hp\.p2\pool\plugins\org.eclipse.m2e.maven.runtime_3.9.1200.20260112-2306\jars\jcl-over-slf4j-1.7.36.jar
2026-04-12 21:07:34,892 [Worker-78: Launching districtservice (5)] INFO  o.eclipse.m2e.core.internal.Bundles - 	Entry: C:\Users\hp\.p2\pool\plugins\org.eclipse.m2e.maven.runtime_3.9.1200.20260112-2306\jars\maven-artifact-3.9.12.jar
2026-04-12 21:07:34,892 [Worker-78: Launching districtservice (5)] INFO  o.eclipse.m2e.core.internal.Bundles - 	Entry: C:\Users\hp\.p2\pool\plugins\org.eclipse.m2e.maven.runtime_3.9.1200.20260112-2306\jars\maven-builder-support-3.9.12.jar
2026-04-12 21:07:34,892 [Worker-78: Launching districtservice (5)] INFO  o.eclipse.m2e.core.internal.Bundles - 	Entry: C:\Users\hp\.p2\pool\plugins\org.eclipse.m2e.maven.runtime_3.9.1200.20260112-2306\jars\maven-compat-3.9.12.jar
2026-04-12 21:07:34,892 [Worker-78: Launching districtservice (5)] INFO  o.eclipse.m2e.core.internal.Bundles - 	Entry: C:\Users\hp\.p2\pool\plugins\org.eclipse.m2e.maven.runtime_3.9.1200.20260112-2306\jars\maven-core-3.9.12.jar
2026-04-12 21:07:34,892 [Worker-78: Launching districtservice (5)] INFO  o.eclipse.m2e.core.internal.Bundles - 	Entry: C:\Users\hp\.p2\pool\plugins\org.eclipse.m2e.maven.runtime_3.9.1200.20260112-2306\jars\maven-embedder-3.9.12.jar
2026-04-12 21:07:34,892 [Worker-78: Launching districtservice (5)] INFO  o.eclipse.m2e.core.internal.Bundles - 	Entry: C:\Users\hp\.p2\pool\plugins\org.eclipse.m2e.maven.runtime_3.9.1200.20260112-2306\jars\maven-model-3.9.12.jar
2026-04-12 21:07:34,893 [Worker-78: Launching districtservice (5)] INFO  o.eclipse.m2e.core.internal.Bundles - 	Entry: C:\Users\hp\.p2\pool\plugins\org.eclipse.m2e.maven.runtime_3.9.1200.20260112-2306\jars\maven-model-builder-3.9.12.jar
2026-04-12 21:07:34,893 [Worker-78: Launching districtservice (5)] INFO  o.eclipse.m2e.core.internal.Bundles - 	Entry: C:\Users\hp\.p2\pool\plugins\org.eclipse.m2e.maven.runtime_3.9.1200.20260112-2306\jars\maven-plugin-api-3.9.12.jar
2026-04-12 21:07:34,893 [Worker-78: Launching districtservice (5)] INFO  o.eclipse.m2e.core.internal.Bundles - 	Entry: C:\Users\hp\.p2\pool\plugins\org.eclipse.m2e.maven.runtime_3.9.1200.20260112-2306\jars\maven-repository-metadata-3.9.12.jar
2026-04-12 21:07:34,893 [Worker-78: Launching districtservice (5)] INFO  o.eclipse.m2e.core.internal.Bundles - 	Entry: C:\Users\hp\.p2\pool\plugins\org.eclipse.m2e.maven.runtime_3.9.1200.20260112-2306\jars\maven-resolver-api-1.9.25.jar
2026-04-12 21:07:34,893 [Worker-78: Launching districtservice (5)] INFO  o.eclipse.m2e.core.internal.Bundles - 	Entry: C:\Users\hp\.p2\pool\plugins\org.eclipse.m2e.maven.runtime_3.9.1200.20260112-2306\jars\maven-resolver-connector-basic-1.9.25.jar
2026-04-12 21:07:34,894 [Worker-78: Launching districtservice (5)] INFO  o.eclipse.m2e.core.internal.Bundles - 	Entry: C:\Users\hp\.p2\pool\plugins\org.eclipse.m2e.maven.runtime_3.9.1200.20260112-2306\jars\maven-resolver-impl-1.9.25.jar
2026-04-12 21:07:34,894 [Worker-78: Launching districtservice (5)] INFO  o.eclipse.m2e.core.internal.Bundles - 	Entry: C:\Users\hp\.p2\pool\plugins\org.eclipse.m2e.maven.runtime_3.9.1200.20260112-2306\jars\maven-resolver-named-locks-1.9.25.jar
2026-04-12 21:07:34,894 [Worker-78: Launching districtservice (5)] INFO  o.eclipse.m2e.core.internal.Bundles - 	Entry: C:\Users\hp\.p2\pool\plugins\org.eclipse.m2e.maven.runtime_3.9.1200.20260112-2306\jars\maven-resolver-provider-3.9.12.jar
2026-04-12 21:07:34,895 [Worker-78: Launching districtservice (5)] INFO  o.eclipse.m2e.core.internal.Bundles - 	Entry: C:\Users\hp\.p2\pool\plugins\org.eclipse.m2e.maven.runtime_3.9.1200.20260112-2306\jars\maven-resolver-spi-1.9.25.jar
2026-04-12 21:07:34,895 [Worker-78: Launching districtservice (5)] INFO  o.eclipse.m2e.core.internal.Bundles - 	Entry: C:\Users\hp\.p2\pool\plugins\org.eclipse.m2e.maven.runtime_3.9.1200.20260112-2306\jars\maven-resolver-transport-file-1.9.25.jar
2026-04-12 21:07:34,895 [Worker-78: Launching districtservice (5)] INFO  o.eclipse.m2e.core.internal.Bundles - 	Entry: C:\Users\hp\.p2\pool\plugins\org.eclipse.m2e.maven.runtime_3.9.1200.20260112-2306\jars\maven-resolver-transport-http-1.9.25.jar
2026-04-12 21:07:34,896 [Worker-78: Launching districtservice (5)] INFO  o.eclipse.m2e.core.internal.Bundles - 	Entry: C:\Users\hp\.p2\pool\plugins\org.eclipse.m2e.maven.runtime_3.9.1200.20260112-2306\jars\maven-resolver-transport-wagon-1.9.25.jar
2026-04-12 21:07:34,896 [Worker-78: Launching districtservice (5)] INFO  o.eclipse.m2e.core.internal.Bundles - 	Entry: C:\Users\hp\.p2\pool\plugins\org.eclipse.m2e.maven.runtime_3.9.1200.20260112-2306\jars\maven-resolver-util-1.9.25.jar
2026-04-12 21:07:34,896 [Worker-78: Launching districtservice (5)] INFO  o.eclipse.m2e.core.internal.Bundles - 	Entry: C:\Users\hp\.p2\pool\plugins\org.eclipse.m2e.maven.runtime_3.9.1200.20260112-2306\jars\maven-settings-3.9.12.jar
2026-04-12 21:07:34,897 [Worker-78: Launching districtservice (5)] INFO  o.eclipse.m2e.core.internal.Bundles - 	Entry: C:\Users\hp\.p2\pool\plugins\org.eclipse.m2e.maven.runtime_3.9.1200.20260112-2306\jars\maven-settings-builder-3.9.12.jar
2026-04-12 21:07:34,897 [Worker-78: Launching districtservice (5)] INFO  o.eclipse.m2e.core.internal.Bundles - 	Entry: C:\Users\hp\.p2\pool\plugins\org.eclipse.m2e.maven.runtime_3.9.1200.20260112-2306\jars\maven-shared-utils-3.4.2.jar
2026-04-12 21:07:34,897 [Worker-78: Launching districtservice (5)] INFO  o.eclipse.m2e.core.internal.Bundles - 	Entry: C:\Users\hp\.p2\pool\plugins\org.eclipse.m2e.maven.runtime_3.9.1200.20260112-2306\jars\org.eclipse.sisu.inject-0.9.0.M4.jar
2026-04-12 21:07:34,897 [Worker-78: Launching districtservice (5)] INFO  o.eclipse.m2e.core.internal.Bundles - 	Entry: C:\Users\hp\.p2\pool\plugins\org.eclipse.m2e.maven.runtime_3.9.1200.20260112-2306\jars\org.eclipse.sisu.plexus-0.9.0.M4.jar
2026-04-12 21:07:34,897 [Worker-78: Launching districtservice (5)] INFO  o.eclipse.m2e.core.internal.Bundles - 	Entry: C:\Users\hp\.p2\pool\plugins\org.eclipse.m2e.maven.runtime_3.9.1200.20260112-2306\jars\plexus-build-api-0.0.7.jar
2026-04-12 21:07:34,897 [Worker-78: Launching districtservice (5)] INFO  o.eclipse.m2e.core.internal.Bundles - 	Entry: C:\Users\hp\.p2\pool\plugins\org.eclipse.m2e.maven.runtime_3.9.1200.20260112-2306\jars\plexus-build-api-1.2.0.jar
2026-04-12 21:07:34,898 [Worker-78: Launching districtservice (5)] INFO  o.eclipse.m2e.core.internal.Bundles - 	Entry: C:\Users\hp\.p2\pool\plugins\org.eclipse.m2e.maven.runtime_3.9.1200.20260112-2306\jars\plexus-cipher-2.0.jar
2026-04-12 21:07:34,898 [Worker-78: Launching districtservice (5)] INFO  o.eclipse.m2e.core.internal.Bundles - 	Entry: C:\Users\hp\.p2\pool\plugins\org.eclipse.m2e.maven.runtime_3.9.1200.20260112-2306\jars\plexus-classworlds-2.9.0.jar
2026-04-12 21:07:34,898 [Worker-78: Launching districtservice (5)] INFO  o.eclipse.m2e.core.internal.Bundles - 	Entry: C:\Users\hp\.p2\pool\plugins\org.eclipse.m2e.maven.runtime_3.9.1200.20260112-2306\jars\plexus-component-annotations-2.2.0.jar
2026-04-12 21:07:34,898 [Worker-78: Launching districtservice (5)] INFO  o.eclipse.m2e.core.internal.Bundles - 	Entry: C:\Users\hp\.p2\pool\plugins\org.eclipse.m2e.maven.runtime_3.9.1200.20260112-2306\jars\plexus-interpolation-1.29.jar
2026-04-12 21:07:34,898 [Worker-78: Launching districtservice (5)] INFO  o.eclipse.m2e.core.internal.Bundles - 	Entry: C:\Users\hp\.p2\pool\plugins\org.eclipse.m2e.maven.runtime_3.9.1200.20260112-2306\jars\plexus-sec-dispatcher-2.0.jar
2026-04-12 21:07:34,899 [Worker-78: Launching districtservice (5)] INFO  o.eclipse.m2e.core.internal.Bundles - 	Entry: C:\Users\hp\.p2\pool\plugins\org.eclipse.m2e.maven.runtime_3.9.1200.20260112-2306\jars\plexus-utils-3.6.0.jar
2026-04-12 21:07:34,899 [Worker-78: Launching districtservice (5)] INFO  o.eclipse.m2e.core.internal.Bundles - 	Entry: C:\Users\hp\.p2\pool\plugins\org.eclipse.m2e.maven.runtime_3.9.1200.20260112-2306\jars\wagon-file-3.5.3.jar
2026-04-12 21:07:34,899 [Worker-78: Launching districtservice (5)] INFO  o.eclipse.m2e.core.internal.Bundles - 	Entry: C:\Users\hp\.p2\pool\plugins\org.eclipse.m2e.maven.runtime_3.9.1200.20260112-2306\jars\wagon-http-3.5.3.jar
2026-04-12 21:07:34,899 [Worker-78: Launching districtservice (5)] INFO  o.eclipse.m2e.core.internal.Bundles - 	Entry: C:\Users\hp\.p2\pool\plugins\org.eclipse.m2e.maven.runtime_3.9.1200.20260112-2306\jars\wagon-http-shared-3.5.3.jar
2026-04-12 21:07:34,899 [Worker-78: Launching districtservice (5)] INFO  o.eclipse.m2e.core.internal.Bundles - 	Entry: C:\Users\hp\.p2\pool\plugins\org.eclipse.m2e.maven.runtime_3.9.1200.20260112-2306\jars\wagon-provider-api-3.5.3.jar
2026-04-12 21:07:34,900 [Worker-78: Launching districtservice (5)] INFO  o.eclipse.m2e.core.internal.Bundles - getClasspathEntries(Bundle=com.google.guava_33.5.0.jre [18])
2026-04-12 21:07:34,900 [Worker-78: Launching districtservice (5)] INFO  o.eclipse.m2e.core.internal.Bundles - 	Entry: C:\Users\hp\.p2\pool\plugins\com.google.guava_33.5.0.jre.jar
2026-04-12 21:07:34,900 [Worker-78: Launching districtservice (5)] INFO  o.eclipse.m2e.core.internal.Bundles - getClasspathEntries(Bundle=slf4j.api_2.0.17 [1013])
2026-04-12 21:07:34,902 [Worker-78: Launching districtservice (5)] INFO  o.eclipse.m2e.core.internal.Bundles - 	Entry: C:\Users\hp\.p2\pool\plugins\slf4j.api_2.0.17.jar
2026-04-12 21:07:34,902 [Worker-78: Launching districtservice (5)] INFO  o.eclipse.m2e.core.internal.Bundles - getClasspathEntries(Bundle=jakarta.inject.jakarta.inject-api_1.0.5 [35])
2026-04-12 21:07:34,903 [Worker-78: Launching districtservice (5)] INFO  o.eclipse.m2e.core.internal.Bundles - 	Entry: C:\Users\hp\.p2\pool\plugins\jakarta.inject.jakarta.inject-api_1.0.5.jar
2026-04-12 21:07:34,903 [Worker-78: Launching districtservice (5)] INFO  o.eclipse.m2e.core.internal.Bundles - getClasspathEntries(Bundle=jakarta.annotation-api_1.3.5 [31])
2026-04-12 21:07:34,903 [Worker-78: Launching districtservice (5)] INFO  o.eclipse.m2e.core.internal.Bundles - 	Entry: C:\Users\hp\.p2\pool\plugins\jakarta.annotation-api_1.3.5.jar
2026-04-12 21:07:34,903 [Worker-78: Launching districtservice (5)] INFO  o.eclipse.m2e.core.internal.Bundles - getClasspathEntries(Bundle=org.apache.commons.cli_1.11.0 [83])
2026-04-12 21:07:34,904 [Worker-78: Launching districtservice (5)] INFO  o.eclipse.m2e.core.internal.Bundles - 	Entry: C:\Users\hp\.p2\pool\plugins\org.apache.commons.cli_1.11.0.jar
2026-04-12 21:07:34,904 [Worker-78: Launching districtservice (5)] INFO  o.eclipse.m2e.core.internal.Bundles - getClasspathEntries(Bundle=org.apache.commons.commons-codec_1.21.0 [85])
2026-04-12 21:07:34,905 [Worker-78: Launching districtservice (5)] INFO  o.eclipse.m2e.core.internal.Bundles - 	Entry: C:\Users\hp\.p2\pool\plugins\org.apache.commons.commons-codec_1.21.0.jar
2026-04-12 21:07:34,905 [Worker-78: Launching districtservice (5)] INFO  o.eclipse.m2e.core.internal.Bundles - getClasspathEntries(Bundle=com.google.guava.failureaccess_1.0.3 [19])
2026-04-12 21:07:34,906 [Worker-78: Launching districtservice (5)] INFO  o.eclipse.m2e.core.internal.Bundles - 	Entry: C:\Users\hp\.p2\pool\plugins\com.google.guava.failureaccess_1.0.3.jar
2026-04-12 21:07:34,909 [Worker-78: Launching districtservice (5)] INFO  o.e.m.i.launch.MavenLaunchDelegate - Run build in "C:\Users\hp\Desktop\CMP404 Urban Flow Project\districtservice":
2026-04-12 21:07:34,909 [Worker-78: Launching districtservice (5)] INFO  o.e.m.i.launch.MavenLaunchDelegate -  mvn  -B -Dstyle.color=always azure-webapp:deploy
2026-04-12 21:21:09,957 [Worker-84: Building] INFO  o.e.m.c.i.l.LifecycleMappingFactory - Using org.eclipse.m2e.jdt.JarLifecycleMapping lifecycle mapping for MavenProject: com.example:districtservice:0.0.1-SNAPSHOT @ C:\Users\hp\Desktop\CMP404 Urban Flow Project\districtservice\pom.xml.
2026-04-12 21:21:10,697 [Worker-84: Building] INFO  o.a.m.s.f.DefaultMavenResourcesFiltering - Copying 0 resource from src\main\resources to target\classes
2026-04-12 21:21:10,698 [Worker-84: Building] INFO  o.a.m.s.f.DefaultMavenResourcesFiltering - Copying 0 resource from src\main\resources to target\classes
2026-04-12 21:21:10,703 [Worker-84: Building] INFO  o.a.m.s.f.DefaultMavenResourcesFiltering - skip non existing resourceDirectory C:\Users\hp\Desktop\CMP404 Urban Flow Project\districtservice\src\test\resources
2026-04-12 21:21:10,726 [Worker-84: Building] WARN  o.apache.maven.project.MavenProject - Plugin is modifying compileSourceRoots through clear(), which will not work in Maven 4.0.0. Use MavenProject.addCompileSourceRoot()/removeCompileSourceRoot() methods instead. If using a plugin, please upgrade to the latest version or report the issue to the plugin maintainer. To disable these warnings, set -Dmaven.project.sourceRoots.warningsDisabled=true on the command line, in the .mvn/maven.config file, or in project POM properties.
2026-04-12 21:21:10,727 [Worker-84: Building] WARN  o.apache.maven.project.MavenProject - Plugin is modifying compileSourceRoots through add(), which will not work in Maven 4.0.0. Use MavenProject.addCompileSourceRoot()/removeCompileSourceRoot() methods instead. If using a plugin, please upgrade to the latest version or report the issue to the plugin maintainer. To disable these warnings, set -Dmaven.project.sourceRoots.warningsDisabled=true on the command line, in the .mvn/maven.config file, or in project POM properties.
2026-04-12 21:21:10,728 [Worker-84: Building] WARN  o.apache.maven.project.MavenProject - Plugin is modifying testCompileSourceRoots through clear(), which will not work in Maven 4.0.0. Use MavenProject.addTestCompileSourceRoot()/removeTestCompileSourceRoot() methods instead. If using a plugin, please upgrade to the latest version or report the issue to the plugin maintainer. To disable these warnings, set -Dmaven.project.sourceRoots.warningsDisabled=true on the command line, in the .mvn/maven.config file, or in project POM properties.
2026-04-12 21:21:10,729 [Worker-84: Building] WARN  o.apache.maven.project.MavenProject - Plugin is modifying testCompileSourceRoots through add(), which will not work in Maven 4.0.0. Use MavenProject.addTestCompileSourceRoot()/removeTestCompileSourceRoot() methods instead. If using a plugin, please upgrade to the latest version or report the issue to the plugin maintainer. To disable these warnings, set -Dmaven.project.sourceRoots.warningsDisabled=true on the command line, in the .mvn/maven.config file, or in project POM properties.
2026-04-12 21:21:26,620 [main] INFO  o.e.m2e.actions.ExecutePomAction - Creating new launch configuration
2026-04-12 21:21:58,420 [main] INFO  o.e.m2e.actions.ExecutePomAction - Creating new launch configuration
2026-04-12 21:22:14,985 [Worker-85: Updating Maven Project] INFO  o.e.m.c.i.p.ProjectConfigurationManager - Update started
2026-04-12 21:22:15,293 [Worker-85: Updating Maven Project] INFO  o.e.m.c.i.l.LifecycleMappingFactory - Using org.eclipse.m2e.jdt.JarLifecycleMapping lifecycle mapping for MavenProject: com.example:districtservice:0.0.1-SNAPSHOT @ C:\Users\hp\Desktop\CMP404 Urban Flow Project\districtservice\pom.xml.
2026-04-12 21:22:15,744 [Worker-85: Updating Maven Project] INFO  o.e.m.j.i.AbstractJavaProjectConfigurator - Adding source folder /districtservice/src/main/java
2026-04-12 21:22:15,746 [Worker-85: Updating Maven Project] INFO  o.e.m.j.i.AbstractJavaProjectConfigurator - Adding resource folder /districtservice/src/main/resources
2026-04-12 21:22:15,747 [Worker-85: Updating Maven Project] INFO  o.e.m.j.i.AbstractJavaProjectConfigurator - Adding resource folder /districtservice/src/main/resources
2026-04-12 21:22:15,748 [Worker-85: Updating Maven Project] INFO  o.e.m.j.i.AbstractJavaProjectConfigurator - Adding source folder /districtservice/src/test/java
2026-04-12 21:22:15,749 [Worker-85: Updating Maven Project] INFO  o.e.m.j.i.AbstractJavaProjectConfigurator - Adding resource folder /districtservice/src/test/resources
2026-04-12 21:22:15,952 [Worker-85: Updating Maven Project] WARN  o.apache.maven.project.MavenProject - Plugin is modifying compileSourceRoots through clear(), which will not work in Maven 4.0.0. Use MavenProject.addCompileSourceRoot()/removeCompileSourceRoot() methods instead. If using a plugin, please upgrade to the latest version or report the issue to the plugin maintainer. To disable these warnings, set -Dmaven.project.sourceRoots.warningsDisabled=true on the command line, in the .mvn/maven.config file, or in project POM properties.
2026-04-12 21:22:15,953 [Worker-85: Updating Maven Project] WARN  o.apache.maven.project.MavenProject - Plugin is modifying compileSourceRoots through add(), which will not work in Maven 4.0.0. Use MavenProject.addCompileSourceRoot()/removeCompileSourceRoot() methods instead. If using a plugin, please upgrade to the latest version or report the issue to the plugin maintainer. To disable these warnings, set -Dmaven.project.sourceRoots.warningsDisabled=true on the command line, in the .mvn/maven.config file, or in project POM properties.
2026-04-12 21:22:15,954 [Worker-85: Updating Maven Project] WARN  o.apache.maven.project.MavenProject - Plugin is modifying testCompileSourceRoots through clear(), which will not work in Maven 4.0.0. Use MavenProject.addTestCompileSourceRoot()/removeTestCompileSourceRoot() methods instead. If using a plugin, please upgrade to the latest version or report the issue to the plugin maintainer. To disable these warnings, set -Dmaven.project.sourceRoots.warningsDisabled=true on the command line, in the .mvn/maven.config file, or in project POM properties.
2026-04-12 21:22:15,954 [Worker-85: Updating Maven Project] WARN  o.apache.maven.project.MavenProject - Plugin is modifying testCompileSourceRoots through add(), which will not work in Maven 4.0.0. Use MavenProject.addTestCompileSourceRoot()/removeTestCompileSourceRoot() methods instead. If using a plugin, please upgrade to the latest version or report the issue to the plugin maintainer. To disable these warnings, set -Dmaven.project.sourceRoots.warningsDisabled=true on the command line, in the .mvn/maven.config file, or in project POM properties.
2026-04-12 21:22:16,003 [Worker-85: Updating Maven Project] INFO  o.e.m.c.i.p.ProjectConfigurationManager - Update completed for 1 poms: local refresh takes 0.00 sec, refresh facades takes 0.00 sec, update config takes 0.00 sec 
2026-04-12 21:22:16,320 [Worker-83: Building] INFO  o.a.m.s.f.DefaultMavenResourcesFiltering - Copying 1 resource from src\main\resources to target\classes
2026-04-12 21:22:16,343 [Worker-83: Building] INFO  o.a.m.s.f.DefaultMavenResourcesFiltering - Copying 0 resource from src\main\resources to target\classes
2026-04-12 21:22:16,350 [Worker-83: Building] INFO  o.a.m.s.f.DefaultMavenResourcesFiltering - skip non existing resourceDirectory C:\Users\hp\Desktop\CMP404 Urban Flow Project\districtservice\src\test\resources
2026-04-12 21:22:16,371 [Worker-83: Building] WARN  o.apache.maven.project.MavenProject - Plugin is modifying compileSourceRoots through clear(), which will not work in Maven 4.0.0. Use MavenProject.addCompileSourceRoot()/removeCompileSourceRoot() methods instead. If using a plugin, please upgrade to the latest version or report the issue to the plugin maintainer. To disable these warnings, set -Dmaven.project.sourceRoots.warningsDisabled=true on the command line, in the .mvn/maven.config file, or in project POM properties.
2026-04-12 21:22:16,372 [Worker-83: Building] WARN  o.apache.maven.project.MavenProject - Plugin is modifying compileSourceRoots through add(), which will not work in Maven 4.0.0. Use MavenProject.addCompileSourceRoot()/removeCompileSourceRoot() methods instead. If using a plugin, please upgrade to the latest version or report the issue to the plugin maintainer. To disable these warnings, set -Dmaven.project.sourceRoots.warningsDisabled=true on the command line, in the .mvn/maven.config file, or in project POM properties.
2026-04-12 21:22:16,373 [Worker-83: Building] WARN  o.apache.maven.project.MavenProject - Plugin is modifying testCompileSourceRoots through clear(), which will not work in Maven 4.0.0. Use MavenProject.addTestCompileSourceRoot()/removeTestCompileSourceRoot() methods instead. If using a plugin, please upgrade to the latest version or report the issue to the plugin maintainer. To disable these warnings, set -Dmaven.project.sourceRoots.warningsDisabled=true on the command line, in the .mvn/maven.config file, or in project POM properties.
2026-04-12 21:22:16,373 [Worker-83: Building] WARN  o.apache.maven.project.MavenProject - Plugin is modifying testCompileSourceRoots through add(), which will not work in Maven 4.0.0. Use MavenProject.addTestCompileSourceRoot()/removeTestCompileSourceRoot() methods instead. If using a plugin, please upgrade to the latest version or report the issue to the plugin maintainer. To disable these warnings, set -Dmaven.project.sourceRoots.warningsDisabled=true on the command line, in the .mvn/maven.config file, or in project POM properties.
2026-04-12 21:22:24,454 [main] INFO  o.e.m2e.actions.ExecutePomAction - Creating new launch configuration
2026-04-12 21:22:36,586 [Worker-84: Launching districtservice (8)] INFO  o.eclipse.m2e.core.internal.Bundles - getClasspathEntries(Bundle=org.eclipse.m2e.maven.runtime_3.9.1200.20260112-2306 [648])
2026-04-12 21:22:36,586 [Worker-84: Launching districtservice (8)] INFO  o.eclipse.m2e.core.internal.Bundles - 	Entry: C:\Users\hp\.p2\pool\plugins\org.eclipse.m2e.maven.runtime_3.9.1200.20260112-2306
2026-04-12 21:22:36,587 [Worker-84: Launching districtservice (8)] INFO  o.eclipse.m2e.core.internal.Bundles - 	Entry: C:\Users\hp\.p2\pool\plugins\org.eclipse.m2e.maven.runtime_3.9.1200.20260112-2306\jars\aopalliance-1.0.jar
2026-04-12 21:22:36,587 [Worker-84: Launching districtservice (8)] INFO  o.eclipse.m2e.core.internal.Bundles - 	Entry: C:\Users\hp\.p2\pool\plugins\org.eclipse.m2e.maven.runtime_3.9.1200.20260112-2306\jars\asm-9.9.jar
2026-04-12 21:22:36,587 [Worker-84: Launching districtservice (8)] INFO  o.eclipse.m2e.core.internal.Bundles - 	Entry: C:\Users\hp\.p2\pool\plugins\org.eclipse.m2e.maven.runtime_3.9.1200.20260112-2306\jars\error_prone_annotations-2.41.0.jar
2026-04-12 21:22:36,587 [Worker-84: Launching districtservice (8)] INFO  o.eclipse.m2e.core.internal.Bundles - 	Entry: C:\Users\hp\.p2\pool\plugins\org.eclipse.m2e.maven.runtime_3.9.1200.20260112-2306\jars\gson-2.13.2.jar
2026-04-12 21:22:36,587 [Worker-84: Launching districtservice (8)] INFO  o.eclipse.m2e.core.internal.Bundles - 	Entry: C:\Users\hp\.p2\pool\plugins\org.eclipse.m2e.maven.runtime_3.9.1200.20260112-2306\jars\guice-5.1.0-classes.jar
2026-04-12 21:22:36,587 [Worker-84: Launching districtservice (8)] INFO  o.eclipse.m2e.core.internal.Bundles - 	Entry: C:\Users\hp\.p2\pool\plugins\org.eclipse.m2e.maven.runtime_3.9.1200.20260112-2306\jars\httpclient-4.5.14.jar
2026-04-12 21:22:36,587 [Worker-84: Launching districtservice (8)] INFO  o.eclipse.m2e.core.internal.Bundles - 	Entry: C:\Users\hp\.p2\pool\plugins\org.eclipse.m2e.maven.runtime_3.9.1200.20260112-2306\jars\httpcore-4.4.16.jar
2026-04-12 21:22:36,588 [Worker-84: Launching districtservice (8)] INFO  o.eclipse.m2e.core.internal.Bundles - 	Entry: C:\Users\hp\.p2\pool\plugins\org.eclipse.m2e.maven.runtime_3.9.1200.20260112-2306\jars\jansi-2.4.2.jar
2026-04-12 21:22:36,588 [Worker-84: Launching districtservice (8)] INFO  o.eclipse.m2e.core.internal.Bundles - 	Entry: C:\Users\hp\.p2\pool\plugins\org.eclipse.m2e.maven.runtime_3.9.1200.20260112-2306\jars\jcl-over-slf4j-1.7.36.jar
2026-04-12 21:22:36,588 [Worker-84: Launching districtservice (8)] INFO  o.eclipse.m2e.core.internal.Bundles - 	Entry: C:\Users\hp\.p2\pool\plugins\org.eclipse.m2e.maven.runtime_3.9.1200.20260112-2306\jars\maven-artifact-3.9.12.jar
2026-04-12 21:22:36,588 [Worker-84: Launching districtservice (8)] INFO  o.eclipse.m2e.core.internal.Bundles - 	Entry: C:\Users\hp\.p2\pool\plugins\org.eclipse.m2e.maven.runtime_3.9.1200.20260112-2306\jars\maven-builder-support-3.9.12.jar
2026-04-12 21:22:36,588 [Worker-84: Launching districtservice (8)] INFO  o.eclipse.m2e.core.internal.Bundles - 	Entry: C:\Users\hp\.p2\pool\plugins\org.eclipse.m2e.maven.runtime_3.9.1200.20260112-2306\jars\maven-compat-3.9.12.jar
2026-04-12 21:22:36,588 [Worker-84: Launching districtservice (8)] INFO  o.eclipse.m2e.core.internal.Bundles - 	Entry: C:\Users\hp\.p2\pool\plugins\org.eclipse.m2e.maven.runtime_3.9.1200.20260112-2306\jars\maven-core-3.9.12.jar
2026-04-12 21:22:36,588 [Worker-84: Launching districtservice (8)] INFO  o.eclipse.m2e.core.internal.Bundles - 	Entry: C:\Users\hp\.p2\pool\plugins\org.eclipse.m2e.maven.runtime_3.9.1200.20260112-2306\jars\maven-embedder-3.9.12.jar
2026-04-12 21:22:36,588 [Worker-84: Launching districtservice (8)] INFO  o.eclipse.m2e.core.internal.Bundles - 	Entry: C:\Users\hp\.p2\pool\plugins\org.eclipse.m2e.maven.runtime_3.9.1200.20260112-2306\jars\maven-model-3.9.12.jar
2026-04-12 21:22:36,588 [Worker-84: Launching districtservice (8)] INFO  o.eclipse.m2e.core.internal.Bundles - 	Entry: C:\Users\hp\.p2\pool\plugins\org.eclipse.m2e.maven.runtime_3.9.1200.20260112-2306\jars\maven-model-builder-3.9.12.jar
2026-04-12 21:22:36,588 [Worker-84: Launching districtservice (8)] INFO  o.eclipse.m2e.core.internal.Bundles - 	Entry: C:\Users\hp\.p2\pool\plugins\org.eclipse.m2e.maven.runtime_3.9.1200.20260112-2306\jars\maven-plugin-api-3.9.12.jar
2026-04-12 21:22:36,589 [Worker-84: Launching districtservice (8)] INFO  o.eclipse.m2e.core.internal.Bundles - 	Entry: C:\Users\hp\.p2\pool\plugins\org.eclipse.m2e.maven.runtime_3.9.1200.20260112-2306\jars\maven-repository-metadata-3.9.12.jar
2026-04-12 21:22:36,589 [Worker-84: Launching districtservice (8)] INFO  o.eclipse.m2e.core.internal.Bundles - 	Entry: C:\Users\hp\.p2\pool\plugins\org.eclipse.m2e.maven.runtime_3.9.1200.20260112-2306\jars\maven-resolver-api-1.9.25.jar
2026-04-12 21:22:36,589 [Worker-84: Launching districtservice (8)] INFO  o.eclipse.m2e.core.internal.Bundles - 	Entry: C:\Users\hp\.p2\pool\plugins\org.eclipse.m2e.maven.runtime_3.9.1200.20260112-2306\jars\maven-resolver-connector-basic-1.9.25.jar
2026-04-12 21:22:36,589 [Worker-84: Launching districtservice (8)] INFO  o.eclipse.m2e.core.internal.Bundles - 	Entry: C:\Users\hp\.p2\pool\plugins\org.eclipse.m2e.maven.runtime_3.9.1200.20260112-2306\jars\maven-resolver-impl-1.9.25.jar
2026-04-12 21:22:36,589 [Worker-84: Launching districtservice (8)] INFO  o.eclipse.m2e.core.internal.Bundles - 	Entry: C:\Users\hp\.p2\pool\plugins\org.eclipse.m2e.maven.runtime_3.9.1200.20260112-2306\jars\maven-resolver-named-locks-1.9.25.jar
2026-04-12 21:22:36,589 [Worker-84: Launching districtservice (8)] INFO  o.eclipse.m2e.core.internal.Bundles - 	Entry: C:\Users\hp\.p2\pool\plugins\org.eclipse.m2e.maven.runtime_3.9.1200.20260112-2306\jars\maven-resolver-provider-3.9.12.jar
2026-04-12 21:22:36,589 [Worker-84: Launching districtservice (8)] INFO  o.eclipse.m2e.core.internal.Bundles - 	Entry: C:\Users\hp\.p2\pool\plugins\org.eclipse.m2e.maven.runtime_3.9.1200.20260112-2306\jars\maven-resolver-spi-1.9.25.jar
2026-04-12 21:22:36,589 [Worker-84: Launching districtservice (8)] INFO  o.eclipse.m2e.core.internal.Bundles - 	Entry: C:\Users\hp\.p2\pool\plugins\org.eclipse.m2e.maven.runtime_3.9.1200.20260112-2306\jars\maven-resolver-transport-file-1.9.25.jar
2026-04-12 21:22:36,589 [Worker-84: Launching districtservice (8)] INFO  o.eclipse.m2e.core.internal.Bundles - 	Entry: C:\Users\hp\.p2\pool\plugins\org.eclipse.m2e.maven.runtime_3.9.1200.20260112-2306\jars\maven-resolver-transport-http-1.9.25.jar
2026-04-12 21:22:36,589 [Worker-84: Launching districtservice (8)] INFO  o.eclipse.m2e.core.internal.Bundles - 	Entry: C:\Users\hp\.p2\pool\plugins\org.eclipse.m2e.maven.runtime_3.9.1200.20260112-2306\jars\maven-resolver-transport-wagon-1.9.25.jar
2026-04-12 21:22:36,589 [Worker-84: Launching districtservice (8)] INFO  o.eclipse.m2e.core.internal.Bundles - 	Entry: C:\Users\hp\.p2\pool\plugins\org.eclipse.m2e.maven.runtime_3.9.1200.20260112-2306\jars\maven-resolver-util-1.9.25.jar
2026-04-12 21:22:36,590 [Worker-84: Launching districtservice (8)] INFO  o.eclipse.m2e.core.internal.Bundles - 	Entry: C:\Users\hp\.p2\pool\plugins\org.eclipse.m2e.maven.runtime_3.9.1200.20260112-2306\jars\maven-settings-3.9.12.jar
2026-04-12 21:22:36,590 [Worker-84: Launching districtservice (8)] INFO  o.eclipse.m2e.core.internal.Bundles - 	Entry: C:\Users\hp\.p2\pool\plugins\org.eclipse.m2e.maven.runtime_3.9.1200.20260112-2306\jars\maven-settings-builder-3.9.12.jar
2026-04-12 21:22:36,590 [Worker-84: Launching districtservice (8)] INFO  o.eclipse.m2e.core.internal.Bundles - 	Entry: C:\Users\hp\.p2\pool\plugins\org.eclipse.m2e.maven.runtime_3.9.1200.20260112-2306\jars\maven-shared-utils-3.4.2.jar
2026-04-12 21:22:36,590 [Worker-84: Launching districtservice (8)] INFO  o.eclipse.m2e.core.internal.Bundles - 	Entry: C:\Users\hp\.p2\pool\plugins\org.eclipse.m2e.maven.runtime_3.9.1200.20260112-2306\jars\org.eclipse.sisu.inject-0.9.0.M4.jar
2026-04-12 21:22:36,590 [Worker-84: Launching districtservice (8)] INFO  o.eclipse.m2e.core.internal.Bundles - 	Entry: C:\Users\hp\.p2\pool\plugins\org.eclipse.m2e.maven.runtime_3.9.1200.20260112-2306\jars\org.eclipse.sisu.plexus-0.9.0.M4.jar
2026-04-12 21:22:36,590 [Worker-84: Launching districtservice (8)] INFO  o.eclipse.m2e.core.internal.Bundles - 	Entry: C:\Users\hp\.p2\pool\plugins\org.eclipse.m2e.maven.runtime_3.9.1200.20260112-2306\jars\plexus-build-api-0.0.7.jar
2026-04-12 21:22:36,590 [Worker-84: Launching districtservice (8)] INFO  o.eclipse.m2e.core.internal.Bundles - 	Entry: C:\Users\hp\.p2\pool\plugins\org.eclipse.m2e.maven.runtime_3.9.1200.20260112-2306\jars\plexus-build-api-1.2.0.jar
2026-04-12 21:22:36,590 [Worker-84: Launching districtservice (8)] INFO  o.eclipse.m2e.core.internal.Bundles - 	Entry: C:\Users\hp\.p2\pool\plugins\org.eclipse.m2e.maven.runtime_3.9.1200.20260112-2306\jars\plexus-cipher-2.0.jar
2026-04-12 21:22:36,590 [Worker-84: Launching districtservice (8)] INFO  o.eclipse.m2e.core.internal.Bundles - 	Entry: C:\Users\hp\.p2\pool\plugins\org.eclipse.m2e.maven.runtime_3.9.1200.20260112-2306\jars\plexus-classworlds-2.9.0.jar
2026-04-12 21:22:36,590 [Worker-84: Launching districtservice (8)] INFO  o.eclipse.m2e.core.internal.Bundles - 	Entry: C:\Users\hp\.p2\pool\plugins\org.eclipse.m2e.maven.runtime_3.9.1200.20260112-2306\jars\plexus-component-annotations-2.2.0.jar
2026-04-12 21:22:36,590 [Worker-84: Launching districtservice (8)] INFO  o.eclipse.m2e.core.internal.Bundles - 	Entry: C:\Users\hp\.p2\pool\plugins\org.eclipse.m2e.maven.runtime_3.9.1200.20260112-2306\jars\plexus-interpolation-1.29.jar
2026-04-12 21:22:36,590 [Worker-84: Launching districtservice (8)] INFO  o.eclipse.m2e.core.internal.Bundles - 	Entry: C:\Users\hp\.p2\pool\plugins\org.eclipse.m2e.maven.runtime_3.9.1200.20260112-2306\jars\plexus-sec-dispatcher-2.0.jar
2026-04-12 21:22:36,590 [Worker-84: Launching districtservice (8)] INFO  o.eclipse.m2e.core.internal.Bundles - 	Entry: C:\Users\hp\.p2\pool\plugins\org.eclipse.m2e.maven.runtime_3.9.1200.20260112-2306\jars\plexus-utils-3.6.0.jar
2026-04-12 21:22:36,592 [Worker-84: Launching districtservice (8)] INFO  o.eclipse.m2e.core.internal.Bundles - 	Entry: C:\Users\hp\.p2\pool\plugins\org.eclipse.m2e.maven.runtime_3.9.1200.20260112-2306\jars\wagon-file-3.5.3.jar
2026-04-12 21:22:36,592 [Worker-84: Launching districtservice (8)] INFO  o.eclipse.m2e.core.internal.Bundles - 	Entry: C:\Users\hp\.p2\pool\plugins\org.eclipse.m2e.maven.runtime_3.9.1200.20260112-2306\jars\wagon-http-3.5.3.jar
2026-04-12 21:22:36,592 [Worker-84: Launching districtservice (8)] INFO  o.eclipse.m2e.core.internal.Bundles - 	Entry: C:\Users\hp\.p2\pool\plugins\org.eclipse.m2e.maven.runtime_3.9.1200.20260112-2306\jars\wagon-http-shared-3.5.3.jar
2026-04-12 21:22:36,592 [Worker-84: Launching districtservice (8)] INFO  o.eclipse.m2e.core.internal.Bundles - 	Entry: C:\Users\hp\.p2\pool\plugins\org.eclipse.m2e.maven.runtime_3.9.1200.20260112-2306\jars\wagon-provider-api-3.5.3.jar
2026-04-12 21:22:36,592 [Worker-84: Launching districtservice (8)] INFO  o.eclipse.m2e.core.internal.Bundles - getClasspathEntries(Bundle=com.google.guava_33.5.0.jre [18])
2026-04-12 21:22:36,593 [Worker-84: Launching districtservice (8)] INFO  o.eclipse.m2e.core.internal.Bundles - 	Entry: C:\Users\hp\.p2\pool\plugins\com.google.guava_33.5.0.jre.jar
2026-04-12 21:22:36,593 [Worker-84: Launching districtservice (8)] INFO  o.eclipse.m2e.core.internal.Bundles - getClasspathEntries(Bundle=slf4j.api_2.0.17 [1013])
2026-04-12 21:22:36,593 [Worker-84: Launching districtservice (8)] INFO  o.eclipse.m2e.core.internal.Bundles - 	Entry: C:\Users\hp\.p2\pool\plugins\slf4j.api_2.0.17.jar
2026-04-12 21:22:36,593 [Worker-84: Launching districtservice (8)] INFO  o.eclipse.m2e.core.internal.Bundles - getClasspathEntries(Bundle=jakarta.inject.jakarta.inject-api_1.0.5 [35])
2026-04-12 21:22:36,594 [Worker-84: Launching districtservice (8)] INFO  o.eclipse.m2e.core.internal.Bundles - 	Entry: C:\Users\hp\.p2\pool\plugins\jakarta.inject.jakarta.inject-api_1.0.5.jar
2026-04-12 21:22:36,594 [Worker-84: Launching districtservice (8)] INFO  o.eclipse.m2e.core.internal.Bundles - getClasspathEntries(Bundle=jakarta.annotation-api_1.3.5 [31])
2026-04-12 21:22:36,594 [Worker-84: Launching districtservice (8)] INFO  o.eclipse.m2e.core.internal.Bundles - 	Entry: C:\Users\hp\.p2\pool\plugins\jakarta.annotation-api_1.3.5.jar
2026-04-12 21:22:36,595 [Worker-84: Launching districtservice (8)] INFO  o.eclipse.m2e.core.internal.Bundles - getClasspathEntries(Bundle=org.apache.commons.cli_1.11.0 [83])
2026-04-12 21:22:36,595 [Worker-84: Launching districtservice (8)] INFO  o.eclipse.m2e.core.internal.Bundles - 	Entry: C:\Users\hp\.p2\pool\plugins\org.apache.commons.cli_1.11.0.jar
2026-04-12 21:22:36,595 [Worker-84: Launching districtservice (8)] INFO  o.eclipse.m2e.core.internal.Bundles - getClasspathEntries(Bundle=org.apache.commons.commons-codec_1.21.0 [85])
2026-04-12 21:22:36,595 [Worker-84: Launching districtservice (8)] INFO  o.eclipse.m2e.core.internal.Bundles - 	Entry: C:\Users\hp\.p2\pool\plugins\org.apache.commons.commons-codec_1.21.0.jar
2026-04-12 21:22:36,596 [Worker-84: Launching districtservice (8)] INFO  o.eclipse.m2e.core.internal.Bundles - getClasspathEntries(Bundle=com.google.guava.failureaccess_1.0.3 [19])
2026-04-12 21:22:36,596 [Worker-84: Launching districtservice (8)] INFO  o.eclipse.m2e.core.internal.Bundles - 	Entry: C:\Users\hp\.p2\pool\plugins\com.google.guava.failureaccess_1.0.3.jar
2026-04-12 21:22:36,597 [Worker-84: Launching districtservice (8)] INFO  o.e.m.i.launch.MavenLaunchDelegate - Run build in "C:\Users\hp\Desktop\CMP404 Urban Flow Project\districtservice":
2026-04-12 21:22:36,598 [Worker-84: Launching districtservice (8)] INFO  o.e.m.i.launch.MavenLaunchDelegate -  mvn  -B -Dstyle.color=always clean package - DskipTests
2026-04-12 21:23:43,160 [main] INFO  o.e.m2e.actions.ExecutePomAction - Creating new launch configuration
2026-04-12 21:23:53,152 [Worker-84: Launching districtservice (9)] INFO  o.eclipse.m2e.core.internal.Bundles - getClasspathEntries(Bundle=org.eclipse.m2e.maven.runtime_3.9.1200.20260112-2306 [648])
2026-04-12 21:23:53,152 [Worker-84: Launching districtservice (9)] INFO  o.eclipse.m2e.core.internal.Bundles - 	Entry: C:\Users\hp\.p2\pool\plugins\org.eclipse.m2e.maven.runtime_3.9.1200.20260112-2306
2026-04-12 21:23:53,152 [Worker-84: Launching districtservice (9)] INFO  o.eclipse.m2e.core.internal.Bundles - 	Entry: C:\Users\hp\.p2\pool\plugins\org.eclipse.m2e.maven.runtime_3.9.1200.20260112-2306\jars\aopalliance-1.0.jar
2026-04-12 21:23:53,152 [Worker-84: Launching districtservice (9)] INFO  o.eclipse.m2e.core.internal.Bundles - 	Entry: C:\Users\hp\.p2\pool\plugins\org.eclipse.m2e.maven.runtime_3.9.1200.20260112-2306\jars\asm-9.9.jar
2026-04-12 21:23:53,152 [Worker-84: Launching districtservice (9)] INFO  o.eclipse.m2e.core.internal.Bundles - 	Entry: C:\Users\hp\.p2\pool\plugins\org.eclipse.m2e.maven.runtime_3.9.1200.20260112-2306\jars\error_prone_annotations-2.41.0.jar
2026-04-12 21:23:53,152 [Worker-84: Launching districtservice (9)] INFO  o.eclipse.m2e.core.internal.Bundles - 	Entry: C:\Users\hp\.p2\pool\plugins\org.eclipse.m2e.maven.runtime_3.9.1200.20260112-2306\jars\gson-2.13.2.jar
2026-04-12 21:23:53,152 [Worker-84: Launching districtservice (9)] INFO  o.eclipse.m2e.core.internal.Bundles - 	Entry: C:\Users\hp\.p2\pool\plugins\org.eclipse.m2e.maven.runtime_3.9.1200.20260112-2306\jars\guice-5.1.0-classes.jar
2026-04-12 21:23:53,153 [Worker-84: Launching districtservice (9)] INFO  o.eclipse.m2e.core.internal.Bundles - 	Entry: C:\Users\hp\.p2\pool\plugins\org.eclipse.m2e.maven.runtime_3.9.1200.20260112-2306\jars\httpclient-4.5.14.jar
2026-04-12 21:23:53,153 [Worker-84: Launching districtservice (9)] INFO  o.eclipse.m2e.core.internal.Bundles - 	Entry: C:\Users\hp\.p2\pool\plugins\org.eclipse.m2e.maven.runtime_3.9.1200.20260112-2306\jars\httpcore-4.4.16.jar
2026-04-12 21:23:53,153 [Worker-84: Launching districtservice (9)] INFO  o.eclipse.m2e.core.internal.Bundles - 	Entry: C:\Users\hp\.p2\pool\plugins\org.eclipse.m2e.maven.runtime_3.9.1200.20260112-2306\jars\jansi-2.4.2.jar
2026-04-12 21:23:53,153 [Worker-84: Launching districtservice (9)] INFO  o.eclipse.m2e.core.internal.Bundles - 	Entry: C:\Users\hp\.p2\pool\plugins\org.eclipse.m2e.maven.runtime_3.9.1200.20260112-2306\jars\jcl-over-slf4j-1.7.36.jar
2026-04-12 21:23:53,153 [Worker-84: Launching districtservice (9)] INFO  o.eclipse.m2e.core.internal.Bundles - 	Entry: C:\Users\hp\.p2\pool\plugins\org.eclipse.m2e.maven.runtime_3.9.1200.20260112-2306\jars\maven-artifact-3.9.12.jar
2026-04-12 21:23:53,153 [Worker-84: Launching districtservice (9)] INFO  o.eclipse.m2e.core.internal.Bundles - 	Entry: C:\Users\hp\.p2\pool\plugins\org.eclipse.m2e.maven.runtime_3.9.1200.20260112-2306\jars\maven-builder-support-3.9.12.jar
2026-04-12 21:23:53,153 [Worker-84: Launching districtservice (9)] INFO  o.eclipse.m2e.core.internal.Bundles - 	Entry: C:\Users\hp\.p2\pool\plugins\org.eclipse.m2e.maven.runtime_3.9.1200.20260112-2306\jars\maven-compat-3.9.12.jar
2026-04-12 21:23:53,153 [Worker-84: Launching districtservice (9)] INFO  o.eclipse.m2e.core.internal.Bundles - 	Entry: C:\Users\hp\.p2\pool\plugins\org.eclipse.m2e.maven.runtime_3.9.1200.20260112-2306\jars\maven-core-3.9.12.jar
2026-04-12 21:23:53,153 [Worker-84: Launching districtservice (9)] INFO  o.eclipse.m2e.core.internal.Bundles - 	Entry: C:\Users\hp\.p2\pool\plugins\org.eclipse.m2e.maven.runtime_3.9.1200.20260112-2306\jars\maven-embedder-3.9.12.jar
2026-04-12 21:23:53,154 [Worker-84: Launching districtservice (9)] INFO  o.eclipse.m2e.core.internal.Bundles - 	Entry: C:\Users\hp\.p2\pool\plugins\org.eclipse.m2e.maven.runtime_3.9.1200.20260112-2306\jars\maven-model-3.9.12.jar
2026-04-12 21:23:53,154 [Worker-84: Launching districtservice (9)] INFO  o.eclipse.m2e.core.internal.Bundles - 	Entry: C:\Users\hp\.p2\pool\plugins\org.eclipse.m2e.maven.runtime_3.9.1200.20260112-2306\jars\maven-model-builder-3.9.12.jar
2026-04-12 21:23:53,154 [Worker-84: Launching districtservice (9)] INFO  o.eclipse.m2e.core.internal.Bundles - 	Entry: C:\Users\hp\.p2\pool\plugins\org.eclipse.m2e.maven.runtime_3.9.1200.20260112-2306\jars\maven-plugin-api-3.9.12.jar
2026-04-12 21:23:53,154 [Worker-84: Launching districtservice (9)] INFO  o.eclipse.m2e.core.internal.Bundles - 	Entry: C:\Users\hp\.p2\pool\plugins\org.eclipse.m2e.maven.runtime_3.9.1200.20260112-2306\jars\maven-repository-metadata-3.9.12.jar
2026-04-12 21:23:53,154 [Worker-84: Launching districtservice (9)] INFO  o.eclipse.m2e.core.internal.Bundles - 	Entry: C:\Users\hp\.p2\pool\plugins\org.eclipse.m2e.maven.runtime_3.9.1200.20260112-2306\jars\maven-resolver-api-1.9.25.jar
2026-04-12 21:23:53,154 [Worker-84: Launching districtservice (9)] INFO  o.eclipse.m2e.core.internal.Bundles - 	Entry: C:\Users\hp\.p2\pool\plugins\org.eclipse.m2e.maven.runtime_3.9.1200.20260112-2306\jars\maven-resolver-connector-basic-1.9.25.jar
2026-04-12 21:23:53,154 [Worker-84: Launching districtservice (9)] INFO  o.eclipse.m2e.core.internal.Bundles - 	Entry: C:\Users\hp\.p2\pool\plugins\org.eclipse.m2e.maven.runtime_3.9.1200.20260112-2306\jars\maven-resolver-impl-1.9.25.jar
2026-04-12 21:23:53,154 [Worker-84: Launching districtservice (9)] INFO  o.eclipse.m2e.core.internal.Bundles - 	Entry: C:\Users\hp\.p2\pool\plugins\org.eclipse.m2e.maven.runtime_3.9.1200.20260112-2306\jars\maven-resolver-named-locks-1.9.25.jar
2026-04-12 21:23:53,154 [Worker-84: Launching districtservice (9)] INFO  o.eclipse.m2e.core.internal.Bundles - 	Entry: C:\Users\hp\.p2\pool\plugins\org.eclipse.m2e.maven.runtime_3.9.1200.20260112-2306\jars\maven-resolver-provider-3.9.12.jar
2026-04-12 21:23:53,155 [Worker-84: Launching districtservice (9)] INFO  o.eclipse.m2e.core.internal.Bundles - 	Entry: C:\Users\hp\.p2\pool\plugins\org.eclipse.m2e.maven.runtime_3.9.1200.20260112-2306\jars\maven-resolver-spi-1.9.25.jar
2026-04-12 21:23:53,155 [Worker-84: Launching districtservice (9)] INFO  o.eclipse.m2e.core.internal.Bundles - 	Entry: C:\Users\hp\.p2\pool\plugins\org.eclipse.m2e.maven.runtime_3.9.1200.20260112-2306\jars\maven-resolver-transport-file-1.9.25.jar
2026-04-12 21:23:53,155 [Worker-84: Launching districtservice (9)] INFO  o.eclipse.m2e.core.internal.Bundles - 	Entry: C:\Users\hp\.p2\pool\plugins\org.eclipse.m2e.maven.runtime_3.9.1200.20260112-2306\jars\maven-resolver-transport-http-1.9.25.jar
2026-04-12 21:23:53,155 [Worker-84: Launching districtservice (9)] INFO  o.eclipse.m2e.core.internal.Bundles - 	Entry: C:\Users\hp\.p2\pool\plugins\org.eclipse.m2e.maven.runtime_3.9.1200.20260112-2306\jars\maven-resolver-transport-wagon-1.9.25.jar
2026-04-12 21:23:53,155 [Worker-84: Launching districtservice (9)] INFO  o.eclipse.m2e.core.internal.Bundles - 	Entry: C:\Users\hp\.p2\pool\plugins\org.eclipse.m2e.maven.runtime_3.9.1200.20260112-2306\jars\maven-resolver-util-1.9.25.jar
2026-04-12 21:23:53,155 [Worker-84: Launching districtservice (9)] INFO  o.eclipse.m2e.core.internal.Bundles - 	Entry: C:\Users\hp\.p2\pool\plugins\org.eclipse.m2e.maven.runtime_3.9.1200.20260112-2306\jars\maven-settings-3.9.12.jar
2026-04-12 21:23:53,155 [Worker-84: Launching districtservice (9)] INFO  o.eclipse.m2e.core.internal.Bundles - 	Entry: C:\Users\hp\.p2\pool\plugins\org.eclipse.m2e.maven.runtime_3.9.1200.20260112-2306\jars\maven-settings-builder-3.9.12.jar
2026-04-12 21:23:53,155 [Worker-84: Launching districtservice (9)] INFO  o.eclipse.m2e.core.internal.Bundles - 	Entry: C:\Users\hp\.p2\pool\plugins\org.eclipse.m2e.maven.runtime_3.9.1200.20260112-2306\jars\maven-shared-utils-3.4.2.jar
2026-04-12 21:23:53,155 [Worker-84: Launching districtservice (9)] INFO  o.eclipse.m2e.core.internal.Bundles - 	Entry: C:\Users\hp\.p2\pool\plugins\org.eclipse.m2e.maven.runtime_3.9.1200.20260112-2306\jars\org.eclipse.sisu.inject-0.9.0.M4.jar
2026-04-12 21:23:53,156 [Worker-84: Launching districtservice (9)] INFO  o.eclipse.m2e.core.internal.Bundles - 	Entry: C:\Users\hp\.p2\pool\plugins\org.eclipse.m2e.maven.runtime_3.9.1200.20260112-2306\jars\org.eclipse.sisu.plexus-0.9.0.M4.jar
2026-04-12 21:23:53,156 [Worker-84: Launching districtservice (9)] INFO  o.eclipse.m2e.core.internal.Bundles - 	Entry: C:\Users\hp\.p2\pool\plugins\org.eclipse.m2e.maven.runtime_3.9.1200.20260112-2306\jars\plexus-build-api-0.0.7.jar
2026-04-12 21:23:53,156 [Worker-84: Launching districtservice (9)] INFO  o.eclipse.m2e.core.internal.Bundles - 	Entry: C:\Users\hp\.p2\pool\plugins\org.eclipse.m2e.maven.runtime_3.9.1200.20260112-2306\jars\plexus-build-api-1.2.0.jar
2026-04-12 21:23:53,156 [Worker-84: Launching districtservice (9)] INFO  o.eclipse.m2e.core.internal.Bundles - 	Entry: C:\Users\hp\.p2\pool\plugins\org.eclipse.m2e.maven.runtime_3.9.1200.20260112-2306\jars\plexus-cipher-2.0.jar
2026-04-12 21:23:53,156 [Worker-84: Launching districtservice (9)] INFO  o.eclipse.m2e.core.internal.Bundles - 	Entry: C:\Users\hp\.p2\pool\plugins\org.eclipse.m2e.maven.runtime_3.9.1200.20260112-2306\jars\plexus-classworlds-2.9.0.jar
2026-04-12 21:23:53,156 [Worker-84: Launching districtservice (9)] INFO  o.eclipse.m2e.core.internal.Bundles - 	Entry: C:\Users\hp\.p2\pool\plugins\org.eclipse.m2e.maven.runtime_3.9.1200.20260112-2306\jars\plexus-component-annotations-2.2.0.jar
2026-04-12 21:23:53,157 [Worker-84: Launching districtservice (9)] INFO  o.eclipse.m2e.core.internal.Bundles - 	Entry: C:\Users\hp\.p2\pool\plugins\org.eclipse.m2e.maven.runtime_3.9.1200.20260112-2306\jars\plexus-interpolation-1.29.jar
2026-04-12 21:23:53,157 [Worker-84: Launching districtservice (9)] INFO  o.eclipse.m2e.core.internal.Bundles - 	Entry: C:\Users\hp\.p2\pool\plugins\org.eclipse.m2e.maven.runtime_3.9.1200.20260112-2306\jars\plexus-sec-dispatcher-2.0.jar
2026-04-12 21:23:53,157 [Worker-84: Launching districtservice (9)] INFO  o.eclipse.m2e.core.internal.Bundles - 	Entry: C:\Users\hp\.p2\pool\plugins\org.eclipse.m2e.maven.runtime_3.9.1200.20260112-2306\jars\plexus-utils-3.6.0.jar
2026-04-12 21:23:53,157 [Worker-84: Launching districtservice (9)] INFO  o.eclipse.m2e.core.internal.Bundles - 	Entry: C:\Users\hp\.p2\pool\plugins\org.eclipse.m2e.maven.runtime_3.9.1200.20260112-2306\jars\wagon-file-3.5.3.jar
2026-04-12 21:23:53,157 [Worker-84: Launching districtservice (9)] INFO  o.eclipse.m2e.core.internal.Bundles - 	Entry: C:\Users\hp\.p2\pool\plugins\org.eclipse.m2e.maven.runtime_3.9.1200.20260112-2306\jars\wagon-http-3.5.3.jar
2026-04-12 21:23:53,157 [Worker-84: Launching districtservice (9)] INFO  o.eclipse.m2e.core.internal.Bundles - 	Entry: C:\Users\hp\.p2\pool\plugins\org.eclipse.m2e.maven.runtime_3.9.1200.20260112-2306\jars\wagon-http-shared-3.5.3.jar
2026-04-12 21:23:53,157 [Worker-84: Launching districtservice (9)] INFO  o.eclipse.m2e.core.internal.Bundles - 	Entry: C:\Users\hp\.p2\pool\plugins\org.eclipse.m2e.maven.runtime_3.9.1200.20260112-2306\jars\wagon-provider-api-3.5.3.jar
2026-04-12 21:23:53,157 [Worker-84: Launching districtservice (9)] INFO  o.eclipse.m2e.core.internal.Bundles - getClasspathEntries(Bundle=com.google.guava_33.5.0.jre [18])
2026-04-12 21:23:53,158 [Worker-84: Launching districtservice (9)] INFO  o.eclipse.m2e.core.internal.Bundles - 	Entry: C:\Users\hp\.p2\pool\plugins\com.google.guava_33.5.0.jre.jar
2026-04-12 21:23:53,158 [Worker-84: Launching districtservice (9)] INFO  o.eclipse.m2e.core.internal.Bundles - getClasspathEntries(Bundle=slf4j.api_2.0.17 [1013])
2026-04-12 21:23:53,158 [Worker-84: Launching districtservice (9)] INFO  o.eclipse.m2e.core.internal.Bundles - 	Entry: C:\Users\hp\.p2\pool\plugins\slf4j.api_2.0.17.jar
2026-04-12 21:23:53,158 [Worker-84: Launching districtservice (9)] INFO  o.eclipse.m2e.core.internal.Bundles - getClasspathEntries(Bundle=jakarta.inject.jakarta.inject-api_1.0.5 [35])
2026-04-12 21:23:53,158 [Worker-84: Launching districtservice (9)] INFO  o.eclipse.m2e.core.internal.Bundles - 	Entry: C:\Users\hp\.p2\pool\plugins\jakarta.inject.jakarta.inject-api_1.0.5.jar
2026-04-12 21:23:53,158 [Worker-84: Launching districtservice (9)] INFO  o.eclipse.m2e.core.internal.Bundles - getClasspathEntries(Bundle=jakarta.annotation-api_1.3.5 [31])
2026-04-12 21:23:53,159 [Worker-84: Launching districtservice (9)] INFO  o.eclipse.m2e.core.internal.Bundles - 	Entry: C:\Users\hp\.p2\pool\plugins\jakarta.annotation-api_1.3.5.jar
2026-04-12 21:23:53,159 [Worker-84: Launching districtservice (9)] INFO  o.eclipse.m2e.core.internal.Bundles - getClasspathEntries(Bundle=org.apache.commons.cli_1.11.0 [83])
2026-04-12 21:23:53,159 [Worker-84: Launching districtservice (9)] INFO  o.eclipse.m2e.core.internal.Bundles - 	Entry: C:\Users\hp\.p2\pool\plugins\org.apache.commons.cli_1.11.0.jar
2026-04-12 21:23:53,159 [Worker-84: Launching districtservice (9)] INFO  o.eclipse.m2e.core.internal.Bundles - getClasspathEntries(Bundle=org.apache.commons.commons-codec_1.21.0 [85])
2026-04-12 21:23:53,159 [Worker-84: Launching districtservice (9)] INFO  o.eclipse.m2e.core.internal.Bundles - 	Entry: C:\Users\hp\.p2\pool\plugins\org.apache.commons.commons-codec_1.21.0.jar
2026-04-12 21:23:53,159 [Worker-84: Launching districtservice (9)] INFO  o.eclipse.m2e.core.internal.Bundles - getClasspathEntries(Bundle=com.google.guava.failureaccess_1.0.3 [19])
2026-04-12 21:23:53,159 [Worker-84: Launching districtservice (9)] INFO  o.eclipse.m2e.core.internal.Bundles - 	Entry: C:\Users\hp\.p2\pool\plugins\com.google.guava.failureaccess_1.0.3.jar
2026-04-12 21:23:53,160 [Worker-84: Launching districtservice (9)] INFO  o.e.m.i.launch.MavenLaunchDelegate - Run build in "C:\Users\hp\Desktop\CMP404 Urban Flow Project\districtservice":
2026-04-12 21:23:53,160 [Worker-84: Launching districtservice (9)] INFO  o.e.m.i.launch.MavenLaunchDelegate -  mvn  -B -Dstyle.color=always azure-webapp:deploy
2026-04-12 21:24:53,972 [main] INFO  o.e.m2e.actions.ExecutePomAction - Creating new launch configuration
2026-04-12 21:25:08,649 [Worker-90: Launching districtservice (10)] INFO  o.eclipse.m2e.core.internal.Bundles - getClasspathEntries(Bundle=org.eclipse.m2e.maven.runtime_3.9.1200.20260112-2306 [648])
2026-04-12 21:25:08,650 [Worker-90: Launching districtservice (10)] INFO  o.eclipse.m2e.core.internal.Bundles - 	Entry: C:\Users\hp\.p2\pool\plugins\org.eclipse.m2e.maven.runtime_3.9.1200.20260112-2306
2026-04-12 21:25:08,650 [Worker-90: Launching districtservice (10)] INFO  o.eclipse.m2e.core.internal.Bundles - 	Entry: C:\Users\hp\.p2\pool\plugins\org.eclipse.m2e.maven.runtime_3.9.1200.20260112-2306\jars\aopalliance-1.0.jar
2026-04-12 21:25:08,650 [Worker-90: Launching districtservice (10)] INFO  o.eclipse.m2e.core.internal.Bundles - 	Entry: C:\Users\hp\.p2\pool\plugins\org.eclipse.m2e.maven.runtime_3.9.1200.20260112-2306\jars\asm-9.9.jar
2026-04-12 21:25:08,650 [Worker-90: Launching districtservice (10)] INFO  o.eclipse.m2e.core.internal.Bundles - 	Entry: C:\Users\hp\.p2\pool\plugins\org.eclipse.m2e.maven.runtime_3.9.1200.20260112-2306\jars\error_prone_annotations-2.41.0.jar
2026-04-12 21:25:08,650 [Worker-90: Launching districtservice (10)] INFO  o.eclipse.m2e.core.internal.Bundles - 	Entry: C:\Users\hp\.p2\pool\plugins\org.eclipse.m2e.maven.runtime_3.9.1200.20260112-2306\jars\gson-2.13.2.jar
2026-04-12 21:25:08,650 [Worker-90: Launching districtservice (10)] INFO  o.eclipse.m2e.core.internal.Bundles - 	Entry: C:\Users\hp\.p2\pool\plugins\org.eclipse.m2e.maven.runtime_3.9.1200.20260112-2306\jars\guice-5.1.0-classes.jar
2026-04-12 21:25:08,650 [Worker-90: Launching districtservice (10)] INFO  o.eclipse.m2e.core.internal.Bundles - 	Entry: C:\Users\hp\.p2\pool\plugins\org.eclipse.m2e.maven.runtime_3.9.1200.20260112-2306\jars\httpclient-4.5.14.jar
2026-04-12 21:25:08,650 [Worker-90: Launching districtservice (10)] INFO  o.eclipse.m2e.core.internal.Bundles - 	Entry: C:\Users\hp\.p2\pool\plugins\org.eclipse.m2e.maven.runtime_3.9.1200.20260112-2306\jars\httpcore-4.4.16.jar
2026-04-12 21:25:08,652 [Worker-90: Launching districtservice (10)] INFO  o.eclipse.m2e.core.internal.Bundles - 	Entry: C:\Users\hp\.p2\pool\plugins\org.eclipse.m2e.maven.runtime_3.9.1200.20260112-2306\jars\jansi-2.4.2.jar
2026-04-12 21:25:08,652 [Worker-90: Launching districtservice (10)] INFO  o.eclipse.m2e.core.internal.Bundles - 	Entry: C:\Users\hp\.p2\pool\plugins\org.eclipse.m2e.maven.runtime_3.9.1200.20260112-2306\jars\jcl-over-slf4j-1.7.36.jar
2026-04-12 21:25:08,652 [Worker-90: Launching districtservice (10)] INFO  o.eclipse.m2e.core.internal.Bundles - 	Entry: C:\Users\hp\.p2\pool\plugins\org.eclipse.m2e.maven.runtime_3.9.1200.20260112-2306\jars\maven-artifact-3.9.12.jar
2026-04-12 21:25:08,652 [Worker-90: Launching districtservice (10)] INFO  o.eclipse.m2e.core.internal.Bundles - 	Entry: C:\Users\hp\.p2\pool\plugins\org.eclipse.m2e.maven.runtime_3.9.1200.20260112-2306\jars\maven-builder-support-3.9.12.jar
2026-04-12 21:25:08,652 [Worker-90: Launching districtservice (10)] INFO  o.eclipse.m2e.core.internal.Bundles - 	Entry: C:\Users\hp\.p2\pool\plugins\org.eclipse.m2e.maven.runtime_3.9.1200.20260112-2306\jars\maven-compat-3.9.12.jar
2026-04-12 21:25:08,653 [Worker-90: Launching districtservice (10)] INFO  o.eclipse.m2e.core.internal.Bundles - 	Entry: C:\Users\hp\.p2\pool\plugins\org.eclipse.m2e.maven.runtime_3.9.1200.20260112-2306\jars\maven-core-3.9.12.jar
2026-04-12 21:25:08,653 [Worker-90: Launching districtservice (10)] INFO  o.eclipse.m2e.core.internal.Bundles - 	Entry: C:\Users\hp\.p2\pool\plugins\org.eclipse.m2e.maven.runtime_3.9.1200.20260112-2306\jars\maven-embedder-3.9.12.jar
2026-04-12 21:25:08,653 [Worker-90: Launching districtservice (10)] INFO  o.eclipse.m2e.core.internal.Bundles - 	Entry: C:\Users\hp\.p2\pool\plugins\org.eclipse.m2e.maven.runtime_3.9.1200.20260112-2306\jars\maven-model-3.9.12.jar
2026-04-12 21:25:08,653 [Worker-90: Launching districtservice (10)] INFO  o.eclipse.m2e.core.internal.Bundles - 	Entry: C:\Users\hp\.p2\pool\plugins\org.eclipse.m2e.maven.runtime_3.9.1200.20260112-2306\jars\maven-model-builder-3.9.12.jar
2026-04-12 21:25:08,653 [Worker-90: Launching districtservice (10)] INFO  o.eclipse.m2e.core.internal.Bundles - 	Entry: C:\Users\hp\.p2\pool\plugins\org.eclipse.m2e.maven.runtime_3.9.1200.20260112-2306\jars\maven-plugin-api-3.9.12.jar
2026-04-12 21:25:08,654 [Worker-90: Launching districtservice (10)] INFO  o.eclipse.m2e.core.internal.Bundles - 	Entry: C:\Users\hp\.p2\pool\plugins\org.eclipse.m2e.maven.runtime_3.9.1200.20260112-2306\jars\maven-repository-metadata-3.9.12.jar
2026-04-12 21:25:08,654 [Worker-90: Launching districtservice (10)] INFO  o.eclipse.m2e.core.internal.Bundles - 	Entry: C:\Users\hp\.p2\pool\plugins\org.eclipse.m2e.maven.runtime_3.9.1200.20260112-2306\jars\maven-resolver-api-1.9.25.jar
2026-04-12 21:25:08,654 [Worker-90: Launching districtservice (10)] INFO  o.eclipse.m2e.core.internal.Bundles - 	Entry: C:\Users\hp\.p2\pool\plugins\org.eclipse.m2e.maven.runtime_3.9.1200.20260112-2306\jars\maven-resolver-connector-basic-1.9.25.jar
2026-04-12 21:25:08,654 [Worker-90: Launching districtservice (10)] INFO  o.eclipse.m2e.core.internal.Bundles - 	Entry: C:\Users\hp\.p2\pool\plugins\org.eclipse.m2e.maven.runtime_3.9.1200.20260112-2306\jars\maven-resolver-impl-1.9.25.jar
2026-04-12 21:25:08,654 [Worker-90: Launching districtservice (10)] INFO  o.eclipse.m2e.core.internal.Bundles - 	Entry: C:\Users\hp\.p2\pool\plugins\org.eclipse.m2e.maven.runtime_3.9.1200.20260112-2306\jars\maven-resolver-named-locks-1.9.25.jar
2026-04-12 21:25:08,655 [Worker-90: Launching districtservice (10)] INFO  o.eclipse.m2e.core.internal.Bundles - 	Entry: C:\Users\hp\.p2\pool\plugins\org.eclipse.m2e.maven.runtime_3.9.1200.20260112-2306\jars\maven-resolver-provider-3.9.12.jar
2026-04-12 21:25:08,655 [Worker-90: Launching districtservice (10)] INFO  o.eclipse.m2e.core.internal.Bundles - 	Entry: C:\Users\hp\.p2\pool\plugins\org.eclipse.m2e.maven.runtime_3.9.1200.20260112-2306\jars\maven-resolver-spi-1.9.25.jar
2026-04-12 21:25:08,655 [Worker-90: Launching districtservice (10)] INFO  o.eclipse.m2e.core.internal.Bundles - 	Entry: C:\Users\hp\.p2\pool\plugins\org.eclipse.m2e.maven.runtime_3.9.1200.20260112-2306\jars\maven-resolver-transport-file-1.9.25.jar
2026-04-12 21:25:08,655 [Worker-90: Launching districtservice (10)] INFO  o.eclipse.m2e.core.internal.Bundles - 	Entry: C:\Users\hp\.p2\pool\plugins\org.eclipse.m2e.maven.runtime_3.9.1200.20260112-2306\jars\maven-resolver-transport-http-1.9.25.jar
2026-04-12 21:25:08,655 [Worker-90: Launching districtservice (10)] INFO  o.eclipse.m2e.core.internal.Bundles - 	Entry: C:\Users\hp\.p2\pool\plugins\org.eclipse.m2e.maven.runtime_3.9.1200.20260112-2306\jars\maven-resolver-transport-wagon-1.9.25.jar
2026-04-12 21:25:08,655 [Worker-90: Launching districtservice (10)] INFO  o.eclipse.m2e.core.internal.Bundles - 	Entry: C:\Users\hp\.p2\pool\plugins\org.eclipse.m2e.maven.runtime_3.9.1200.20260112-2306\jars\maven-resolver-util-1.9.25.jar
2026-04-12 21:25:08,655 [Worker-90: Launching districtservice (10)] INFO  o.eclipse.m2e.core.internal.Bundles - 	Entry: C:\Users\hp\.p2\pool\plugins\org.eclipse.m2e.maven.runtime_3.9.1200.20260112-2306\jars\maven-settings-3.9.12.jar
2026-04-12 21:25:08,656 [Worker-90: Launching districtservice (10)] INFO  o.eclipse.m2e.core.internal.Bundles - 	Entry: C:\Users\hp\.p2\pool\plugins\org.eclipse.m2e.maven.runtime_3.9.1200.20260112-2306\jars\maven-settings-builder-3.9.12.jar
2026-04-12 21:25:08,656 [Worker-90: Launching districtservice (10)] INFO  o.eclipse.m2e.core.internal.Bundles - 	Entry: C:\Users\hp\.p2\pool\plugins\org.eclipse.m2e.maven.runtime_3.9.1200.20260112-2306\jars\maven-shared-utils-3.4.2.jar
2026-04-12 21:25:08,656 [Worker-90: Launching districtservice (10)] INFO  o.eclipse.m2e.core.internal.Bundles - 	Entry: C:\Users\hp\.p2\pool\plugins\org.eclipse.m2e.maven.runtime_3.9.1200.20260112-2306\jars\org.eclipse.sisu.inject-0.9.0.M4.jar
2026-04-12 21:25:08,656 [Worker-90: Launching districtservice (10)] INFO  o.eclipse.m2e.core.internal.Bundles - 	Entry: C:\Users\hp\.p2\pool\plugins\org.eclipse.m2e.maven.runtime_3.9.1200.20260112-2306\jars\org.eclipse.sisu.plexus-0.9.0.M4.jar
2026-04-12 21:25:08,656 [Worker-90: Launching districtservice (10)] INFO  o.eclipse.m2e.core.internal.Bundles - 	Entry: C:\Users\hp\.p2\pool\plugins\org.eclipse.m2e.maven.runtime_3.9.1200.20260112-2306\jars\plexus-build-api-0.0.7.jar
2026-04-12 21:25:08,656 [Worker-90: Launching districtservice (10)] INFO  o.eclipse.m2e.core.internal.Bundles - 	Entry: C:\Users\hp\.p2\pool\plugins\org.eclipse.m2e.maven.runtime_3.9.1200.20260112-2306\jars\plexus-build-api-1.2.0.jar
2026-04-12 21:25:08,657 [Worker-90: Launching districtservice (10)] INFO  o.eclipse.m2e.core.internal.Bundles - 	Entry: C:\Users\hp\.p2\pool\plugins\org.eclipse.m2e.maven.runtime_3.9.1200.20260112-2306\jars\plexus-cipher-2.0.jar
2026-04-12 21:25:08,657 [Worker-90: Launching districtservice (10)] INFO  o.eclipse.m2e.core.internal.Bundles - 	Entry: C:\Users\hp\.p2\pool\plugins\org.eclipse.m2e.maven.runtime_3.9.1200.20260112-2306\jars\plexus-classworlds-2.9.0.jar
2026-04-12 21:25:08,657 [Worker-90: Launching districtservice (10)] INFO  o.eclipse.m2e.core.internal.Bundles - 	Entry: C:\Users\hp\.p2\pool\plugins\org.eclipse.m2e.maven.runtime_3.9.1200.20260112-2306\jars\plexus-component-annotations-2.2.0.jar
2026-04-12 21:25:08,657 [Worker-90: Launching districtservice (10)] INFO  o.eclipse.m2e.core.internal.Bundles - 	Entry: C:\Users\hp\.p2\pool\plugins\org.eclipse.m2e.maven.runtime_3.9.1200.20260112-2306\jars\plexus-interpolation-1.29.jar
2026-04-12 21:25:08,658 [Worker-90: Launching districtservice (10)] INFO  o.eclipse.m2e.core.internal.Bundles - 	Entry: C:\Users\hp\.p2\pool\plugins\org.eclipse.m2e.maven.runtime_3.9.1200.20260112-2306\jars\plexus-sec-dispatcher-2.0.jar
2026-04-12 21:25:08,658 [Worker-90: Launching districtservice (10)] INFO  o.eclipse.m2e.core.internal.Bundles - 	Entry: C:\Users\hp\.p2\pool\plugins\org.eclipse.m2e.maven.runtime_3.9.1200.20260112-2306\jars\plexus-utils-3.6.0.jar
2026-04-12 21:25:08,658 [Worker-90: Launching districtservice (10)] INFO  o.eclipse.m2e.core.internal.Bundles - 	Entry: C:\Users\hp\.p2\pool\plugins\org.eclipse.m2e.maven.runtime_3.9.1200.20260112-2306\jars\wagon-file-3.5.3.jar
2026-04-12 21:25:08,659 [Worker-90: Launching districtservice (10)] INFO  o.eclipse.m2e.core.internal.Bundles - 	Entry: C:\Users\hp\.p2\pool\plugins\org.eclipse.m2e.maven.runtime_3.9.1200.20260112-2306\jars\wagon-http-3.5.3.jar
2026-04-12 21:25:08,659 [Worker-90: Launching districtservice (10)] INFO  o.eclipse.m2e.core.internal.Bundles - 	Entry: C:\Users\hp\.p2\pool\plugins\org.eclipse.m2e.maven.runtime_3.9.1200.20260112-2306\jars\wagon-http-shared-3.5.3.jar
2026-04-12 21:25:08,659 [Worker-90: Launching districtservice (10)] INFO  o.eclipse.m2e.core.internal.Bundles - 	Entry: C:\Users\hp\.p2\pool\plugins\org.eclipse.m2e.maven.runtime_3.9.1200.20260112-2306\jars\wagon-provider-api-3.5.3.jar
2026-04-12 21:25:08,660 [Worker-90: Launching districtservice (10)] INFO  o.eclipse.m2e.core.internal.Bundles - getClasspathEntries(Bundle=com.google.guava_33.5.0.jre [18])
2026-04-12 21:25:08,661 [Worker-90: Launching districtservice (10)] INFO  o.eclipse.m2e.core.internal.Bundles - 	Entry: C:\Users\hp\.p2\pool\plugins\com.google.guava_33.5.0.jre.jar
2026-04-12 21:25:08,661 [Worker-90: Launching districtservice (10)] INFO  o.eclipse.m2e.core.internal.Bundles - getClasspathEntries(Bundle=slf4j.api_2.0.17 [1013])
2026-04-12 21:25:08,662 [Worker-90: Launching districtservice (10)] INFO  o.eclipse.m2e.core.internal.Bundles - 	Entry: C:\Users\hp\.p2\pool\plugins\slf4j.api_2.0.17.jar
2026-04-12 21:25:08,662 [Worker-90: Launching districtservice (10)] INFO  o.eclipse.m2e.core.internal.Bundles - getClasspathEntries(Bundle=jakarta.inject.jakarta.inject-api_1.0.5 [35])
2026-04-12 21:25:08,663 [Worker-90: Launching districtservice (10)] INFO  o.eclipse.m2e.core.internal.Bundles - 	Entry: C:\Users\hp\.p2\pool\plugins\jakarta.inject.jakarta.inject-api_1.0.5.jar
2026-04-12 21:25:08,663 [Worker-90: Launching districtservice (10)] INFO  o.eclipse.m2e.core.internal.Bundles - getClasspathEntries(Bundle=jakarta.annotation-api_1.3.5 [31])
2026-04-12 21:25:08,664 [Worker-90: Launching districtservice (10)] INFO  o.eclipse.m2e.core.internal.Bundles - 	Entry: C:\Users\hp\.p2\pool\plugins\jakarta.annotation-api_1.3.5.jar
2026-04-12 21:25:08,664 [Worker-90: Launching districtservice (10)] INFO  o.eclipse.m2e.core.internal.Bundles - getClasspathEntries(Bundle=org.apache.commons.cli_1.11.0 [83])
2026-04-12 21:25:08,664 [Worker-90: Launching districtservice (10)] INFO  o.eclipse.m2e.core.internal.Bundles - 	Entry: C:\Users\hp\.p2\pool\plugins\org.apache.commons.cli_1.11.0.jar
2026-04-12 21:25:08,664 [Worker-90: Launching districtservice (10)] INFO  o.eclipse.m2e.core.internal.Bundles - getClasspathEntries(Bundle=org.apache.commons.commons-codec_1.21.0 [85])
2026-04-12 21:25:08,664 [Worker-90: Launching districtservice (10)] INFO  o.eclipse.m2e.core.internal.Bundles - 	Entry: C:\Users\hp\.p2\pool\plugins\org.apache.commons.commons-codec_1.21.0.jar
2026-04-12 21:25:08,664 [Worker-90: Launching districtservice (10)] INFO  o.eclipse.m2e.core.internal.Bundles - getClasspathEntries(Bundle=com.google.guava.failureaccess_1.0.3 [19])
2026-04-12 21:25:08,665 [Worker-90: Launching districtservice (10)] INFO  o.eclipse.m2e.core.internal.Bundles - 	Entry: C:\Users\hp\.p2\pool\plugins\com.google.guava.failureaccess_1.0.3.jar
2026-04-12 21:25:08,667 [Worker-90: Launching districtservice (10)] INFO  o.e.m.i.launch.MavenLaunchDelegate - Run build in "C:\Users\hp\Desktop\CMP404 Urban Flow Project\districtservice":
2026-04-12 21:25:08,667 [Worker-90: Launching districtservice (10)] INFO  o.e.m.i.launch.MavenLaunchDelegate -  mvn  -B -Dstyle.color=always azure-webapp:deploy
2026-04-12 21:25:52,941 [main] INFO  o.e.m2e.actions.ExecutePomAction - Creating new launch configuration
2026-04-12 21:26:05,060 [Worker-89: Launching districtservice (11)] INFO  o.eclipse.m2e.core.internal.Bundles - getClasspathEntries(Bundle=org.eclipse.m2e.maven.runtime_3.9.1200.20260112-2306 [648])
2026-04-12 21:26:05,060 [Worker-89: Launching districtservice (11)] INFO  o.eclipse.m2e.core.internal.Bundles - 	Entry: C:\Users\hp\.p2\pool\plugins\org.eclipse.m2e.maven.runtime_3.9.1200.20260112-2306
2026-04-12 21:26:05,060 [Worker-89: Launching districtservice (11)] INFO  o.eclipse.m2e.core.internal.Bundles - 	Entry: C:\Users\hp\.p2\pool\plugins\org.eclipse.m2e.maven.runtime_3.9.1200.20260112-2306\jars\aopalliance-1.0.jar
2026-04-12 21:26:05,062 [Worker-89: Launching districtservice (11)] INFO  o.eclipse.m2e.core.internal.Bundles - 	Entry: C:\Users\hp\.p2\pool\plugins\org.eclipse.m2e.maven.runtime_3.9.1200.20260112-2306\jars\asm-9.9.jar
2026-04-12 21:26:05,062 [Worker-89: Launching districtservice (11)] INFO  o.eclipse.m2e.core.internal.Bundles - 	Entry: C:\Users\hp\.p2\pool\plugins\org.eclipse.m2e.maven.runtime_3.9.1200.20260112-2306\jars\error_prone_annotations-2.41.0.jar
2026-04-12 21:26:05,062 [Worker-89: Launching districtservice (11)] INFO  o.eclipse.m2e.core.internal.Bundles - 	Entry: C:\Users\hp\.p2\pool\plugins\org.eclipse.m2e.maven.runtime_3.9.1200.20260112-2306\jars\gson-2.13.2.jar
2026-04-12 21:26:05,062 [Worker-89: Launching districtservice (11)] INFO  o.eclipse.m2e.core.internal.Bundles - 	Entry: C:\Users\hp\.p2\pool\plugins\org.eclipse.m2e.maven.runtime_3.9.1200.20260112-2306\jars\guice-5.1.0-classes.jar
2026-04-12 21:26:05,062 [Worker-89: Launching districtservice (11)] INFO  o.eclipse.m2e.core.internal.Bundles - 	Entry: C:\Users\hp\.p2\pool\plugins\org.eclipse.m2e.maven.runtime_3.9.1200.20260112-2306\jars\httpclient-4.5.14.jar
2026-04-12 21:26:05,062 [Worker-89: Launching districtservice (11)] INFO  o.eclipse.m2e.core.internal.Bundles - 	Entry: C:\Users\hp\.p2\pool\plugins\org.eclipse.m2e.maven.runtime_3.9.1200.20260112-2306\jars\httpcore-4.4.16.jar
2026-04-12 21:26:05,062 [Worker-89: Launching districtservice (11)] INFO  o.eclipse.m2e.core.internal.Bundles - 	Entry: C:\Users\hp\.p2\pool\plugins\org.eclipse.m2e.maven.runtime_3.9.1200.20260112-2306\jars\jansi-2.4.2.jar
2026-04-12 21:26:05,062 [Worker-89: Launching districtservice (11)] INFO  o.eclipse.m2e.core.internal.Bundles - 	Entry: C:\Users\hp\.p2\pool\plugins\org.eclipse.m2e.maven.runtime_3.9.1200.20260112-2306\jars\jcl-over-slf4j-1.7.36.jar
2026-04-12 21:26:05,062 [Worker-89: Launching districtservice (11)] INFO  o.eclipse.m2e.core.internal.Bundles - 	Entry: C:\Users\hp\.p2\pool\plugins\org.eclipse.m2e.maven.runtime_3.9.1200.20260112-2306\jars\maven-artifact-3.9.12.jar
2026-04-12 21:26:05,063 [Worker-89: Launching districtservice (11)] INFO  o.eclipse.m2e.core.internal.Bundles - 	Entry: C:\Users\hp\.p2\pool\plugins\org.eclipse.m2e.maven.runtime_3.9.1200.20260112-2306\jars\maven-builder-support-3.9.12.jar
2026-04-12 21:26:05,063 [Worker-89: Launching districtservice (11)] INFO  o.eclipse.m2e.core.internal.Bundles - 	Entry: C:\Users\hp\.p2\pool\plugins\org.eclipse.m2e.maven.runtime_3.9.1200.20260112-2306\jars\maven-compat-3.9.12.jar
2026-04-12 21:26:05,063 [Worker-89: Launching districtservice (11)] INFO  o.eclipse.m2e.core.internal.Bundles - 	Entry: C:\Users\hp\.p2\pool\plugins\org.eclipse.m2e.maven.runtime_3.9.1200.20260112-2306\jars\maven-core-3.9.12.jar
2026-04-12 21:26:05,063 [Worker-89: Launching districtservice (11)] INFO  o.eclipse.m2e.core.internal.Bundles - 	Entry: C:\Users\hp\.p2\pool\plugins\org.eclipse.m2e.maven.runtime_3.9.1200.20260112-2306\jars\maven-embedder-3.9.12.jar
2026-04-12 21:26:05,063 [Worker-89: Launching districtservice (11)] INFO  o.eclipse.m2e.core.internal.Bundles - 	Entry: C:\Users\hp\.p2\pool\plugins\org.eclipse.m2e.maven.runtime_3.9.1200.20260112-2306\jars\maven-model-3.9.12.jar
2026-04-12 21:26:05,063 [Worker-89: Launching districtservice (11)] INFO  o.eclipse.m2e.core.internal.Bundles - 	Entry: C:\Users\hp\.p2\pool\plugins\org.eclipse.m2e.maven.runtime_3.9.1200.20260112-2306\jars\maven-model-builder-3.9.12.jar
2026-04-12 21:26:05,063 [Worker-89: Launching districtservice (11)] INFO  o.eclipse.m2e.core.internal.Bundles - 	Entry: C:\Users\hp\.p2\pool\plugins\org.eclipse.m2e.maven.runtime_3.9.1200.20260112-2306\jars\maven-plugin-api-3.9.12.jar
2026-04-12 21:26:05,063 [Worker-89: Launching districtservice (11)] INFO  o.eclipse.m2e.core.internal.Bundles - 	Entry: C:\Users\hp\.p2\pool\plugins\org.eclipse.m2e.maven.runtime_3.9.1200.20260112-2306\jars\maven-repository-metadata-3.9.12.jar
2026-04-12 21:26:05,064 [Worker-89: Launching districtservice (11)] INFO  o.eclipse.m2e.core.internal.Bundles - 	Entry: C:\Users\hp\.p2\pool\plugins\org.eclipse.m2e.maven.runtime_3.9.1200.20260112-2306\jars\maven-resolver-api-1.9.25.jar
2026-04-12 21:26:05,064 [Worker-89: Launching districtservice (11)] INFO  o.eclipse.m2e.core.internal.Bundles - 	Entry: C:\Users\hp\.p2\pool\plugins\org.eclipse.m2e.maven.runtime_3.9.1200.20260112-2306\jars\maven-resolver-connector-basic-1.9.25.jar
2026-04-12 21:26:05,064 [Worker-89: Launching districtservice (11)] INFO  o.eclipse.m2e.core.internal.Bundles - 	Entry: C:\Users\hp\.p2\pool\plugins\org.eclipse.m2e.maven.runtime_3.9.1200.20260112-2306\jars\maven-resolver-impl-1.9.25.jar
2026-04-12 21:26:05,064 [Worker-89: Launching districtservice (11)] INFO  o.eclipse.m2e.core.internal.Bundles - 	Entry: C:\Users\hp\.p2\pool\plugins\org.eclipse.m2e.maven.runtime_3.9.1200.20260112-2306\jars\maven-resolver-named-locks-1.9.25.jar
2026-04-12 21:26:05,064 [Worker-89: Launching districtservice (11)] INFO  o.eclipse.m2e.core.internal.Bundles - 	Entry: C:\Users\hp\.p2\pool\plugins\org.eclipse.m2e.maven.runtime_3.9.1200.20260112-2306\jars\maven-resolver-provider-3.9.12.jar
2026-04-12 21:26:05,064 [Worker-89: Launching districtservice (11)] INFO  o.eclipse.m2e.core.internal.Bundles - 	Entry: C:\Users\hp\.p2\pool\plugins\org.eclipse.m2e.maven.runtime_3.9.1200.20260112-2306\jars\maven-resolver-spi-1.9.25.jar
2026-04-12 21:26:05,064 [Worker-89: Launching districtservice (11)] INFO  o.eclipse.m2e.core.internal.Bundles - 	Entry: C:\Users\hp\.p2\pool\plugins\org.eclipse.m2e.maven.runtime_3.9.1200.20260112-2306\jars\maven-resolver-transport-file-1.9.25.jar
2026-04-12 21:26:05,064 [Worker-89: Launching districtservice (11)] INFO  o.eclipse.m2e.core.internal.Bundles - 	Entry: C:\Users\hp\.p2\pool\plugins\org.eclipse.m2e.maven.runtime_3.9.1200.20260112-2306\jars\maven-resolver-transport-http-1.9.25.jar
2026-04-12 21:26:05,064 [Worker-89: Launching districtservice (11)] INFO  o.eclipse.m2e.core.internal.Bundles - 	Entry: C:\Users\hp\.p2\pool\plugins\org.eclipse.m2e.maven.runtime_3.9.1200.20260112-2306\jars\maven-resolver-transport-wagon-1.9.25.jar
2026-04-12 21:26:05,065 [Worker-89: Launching districtservice (11)] INFO  o.eclipse.m2e.core.internal.Bundles - 	Entry: C:\Users\hp\.p2\pool\plugins\org.eclipse.m2e.maven.runtime_3.9.1200.20260112-2306\jars\maven-resolver-util-1.9.25.jar
2026-04-12 21:26:05,065 [Worker-89: Launching districtservice (11)] INFO  o.eclipse.m2e.core.internal.Bundles - 	Entry: C:\Users\hp\.p2\pool\plugins\org.eclipse.m2e.maven.runtime_3.9.1200.20260112-2306\jars\maven-settings-3.9.12.jar
2026-04-12 21:26:05,065 [Worker-89: Launching districtservice (11)] INFO  o.eclipse.m2e.core.internal.Bundles - 	Entry: C:\Users\hp\.p2\pool\plugins\org.eclipse.m2e.maven.runtime_3.9.1200.20260112-2306\jars\maven-settings-builder-3.9.12.jar
2026-04-12 21:26:05,065 [Worker-89: Launching districtservice (11)] INFO  o.eclipse.m2e.core.internal.Bundles - 	Entry: C:\Users\hp\.p2\pool\plugins\org.eclipse.m2e.maven.runtime_3.9.1200.20260112-2306\jars\maven-shared-utils-3.4.2.jar
2026-04-12 21:26:05,065 [Worker-89: Launching districtservice (11)] INFO  o.eclipse.m2e.core.internal.Bundles - 	Entry: C:\Users\hp\.p2\pool\plugins\org.eclipse.m2e.maven.runtime_3.9.1200.20260112-2306\jars\org.eclipse.sisu.inject-0.9.0.M4.jar
2026-04-12 21:26:05,065 [Worker-89: Launching districtservice (11)] INFO  o.eclipse.m2e.core.internal.Bundles - 	Entry: C:\Users\hp\.p2\pool\plugins\org.eclipse.m2e.maven.runtime_3.9.1200.20260112-2306\jars\org.eclipse.sisu.plexus-0.9.0.M4.jar
2026-04-12 21:26:05,066 [Worker-89: Launching districtservice (11)] INFO  o.eclipse.m2e.core.internal.Bundles - 	Entry: C:\Users\hp\.p2\pool\plugins\org.eclipse.m2e.maven.runtime_3.9.1200.20260112-2306\jars\plexus-build-api-0.0.7.jar
2026-04-12 21:26:05,066 [Worker-89: Launching districtservice (11)] INFO  o.eclipse.m2e.core.internal.Bundles - 	Entry: C:\Users\hp\.p2\pool\plugins\org.eclipse.m2e.maven.runtime_3.9.1200.20260112-2306\jars\plexus-build-api-1.2.0.jar
2026-04-12 21:26:05,066 [Worker-89: Launching districtservice (11)] INFO  o.eclipse.m2e.core.internal.Bundles - 	Entry: C:\Users\hp\.p2\pool\plugins\org.eclipse.m2e.maven.runtime_3.9.1200.20260112-2306\jars\plexus-cipher-2.0.jar
2026-04-12 21:26:05,066 [Worker-89: Launching districtservice (11)] INFO  o.eclipse.m2e.core.internal.Bundles - 	Entry: C:\Users\hp\.p2\pool\plugins\org.eclipse.m2e.maven.runtime_3.9.1200.20260112-2306\jars\plexus-classworlds-2.9.0.jar
2026-04-12 21:26:05,066 [Worker-89: Launching districtservice (11)] INFO  o.eclipse.m2e.core.internal.Bundles - 	Entry: C:\Users\hp\.p2\pool\plugins\org.eclipse.m2e.maven.runtime_3.9.1200.20260112-2306\jars\plexus-component-annotations-2.2.0.jar
2026-04-12 21:26:05,067 [Worker-89: Launching districtservice (11)] INFO  o.eclipse.m2e.core.internal.Bundles - 	Entry: C:\Users\hp\.p2\pool\plugins\org.eclipse.m2e.maven.runtime_3.9.1200.20260112-2306\jars\plexus-interpolation-1.29.jar
2026-04-12 21:26:05,067 [Worker-89: Launching districtservice (11)] INFO  o.eclipse.m2e.core.internal.Bundles - 	Entry: C:\Users\hp\.p2\pool\plugins\org.eclipse.m2e.maven.runtime_3.9.1200.20260112-2306\jars\plexus-sec-dispatcher-2.0.jar
2026-04-12 21:26:05,067 [Worker-89: Launching districtservice (11)] INFO  o.eclipse.m2e.core.internal.Bundles - 	Entry: C:\Users\hp\.p2\pool\plugins\org.eclipse.m2e.maven.runtime_3.9.1200.20260112-2306\jars\plexus-utils-3.6.0.jar
2026-04-12 21:26:05,067 [Worker-89: Launching districtservice (11)] INFO  o.eclipse.m2e.core.internal.Bundles - 	Entry: C:\Users\hp\.p2\pool\plugins\org.eclipse.m2e.maven.runtime_3.9.1200.20260112-2306\jars\wagon-file-3.5.3.jar
2026-04-12 21:26:05,067 [Worker-89: Launching districtservice (11)] INFO  o.eclipse.m2e.core.internal.Bundles - 	Entry: C:\Users\hp\.p2\pool\plugins\org.eclipse.m2e.maven.runtime_3.9.1200.20260112-2306\jars\wagon-http-3.5.3.jar
2026-04-12 21:26:05,067 [Worker-89: Launching districtservice (11)] INFO  o.eclipse.m2e.core.internal.Bundles - 	Entry: C:\Users\hp\.p2\pool\plugins\org.eclipse.m2e.maven.runtime_3.9.1200.20260112-2306\jars\wagon-http-shared-3.5.3.jar
2026-04-12 21:26:05,067 [Worker-89: Launching districtservice (11)] INFO  o.eclipse.m2e.core.internal.Bundles - 	Entry: C:\Users\hp\.p2\pool\plugins\org.eclipse.m2e.maven.runtime_3.9.1200.20260112-2306\jars\wagon-provider-api-3.5.3.jar
2026-04-12 21:26:05,068 [Worker-89: Launching districtservice (11)] INFO  o.eclipse.m2e.core.internal.Bundles - getClasspathEntries(Bundle=com.google.guava_33.5.0.jre [18])
2026-04-12 21:26:05,069 [Worker-89: Launching districtservice (11)] INFO  o.eclipse.m2e.core.internal.Bundles - 	Entry: C:\Users\hp\.p2\pool\plugins\com.google.guava_33.5.0.jre.jar
2026-04-12 21:26:05,069 [Worker-89: Launching districtservice (11)] INFO  o.eclipse.m2e.core.internal.Bundles - getClasspathEntries(Bundle=slf4j.api_2.0.17 [1013])
2026-04-12 21:26:05,070 [Worker-89: Launching districtservice (11)] INFO  o.eclipse.m2e.core.internal.Bundles - 	Entry: C:\Users\hp\.p2\pool\plugins\slf4j.api_2.0.17.jar
2026-04-12 21:26:05,070 [Worker-89: Launching districtservice (11)] INFO  o.eclipse.m2e.core.internal.Bundles - getClasspathEntries(Bundle=jakarta.inject.jakarta.inject-api_1.0.5 [35])
2026-04-12 21:26:05,070 [Worker-89: Launching districtservice (11)] INFO  o.eclipse.m2e.core.internal.Bundles - 	Entry: C:\Users\hp\.p2\pool\plugins\jakarta.inject.jakarta.inject-api_1.0.5.jar
2026-04-12 21:26:05,070 [Worker-89: Launching districtservice (11)] INFO  o.eclipse.m2e.core.internal.Bundles - getClasspathEntries(Bundle=jakarta.annotation-api_1.3.5 [31])
2026-04-12 21:26:05,071 [Worker-89: Launching districtservice (11)] INFO  o.eclipse.m2e.core.internal.Bundles - 	Entry: C:\Users\hp\.p2\pool\plugins\jakarta.annotation-api_1.3.5.jar
2026-04-12 21:26:05,071 [Worker-89: Launching districtservice (11)] INFO  o.eclipse.m2e.core.internal.Bundles - getClasspathEntries(Bundle=org.apache.commons.cli_1.11.0 [83])
2026-04-12 21:26:05,071 [Worker-89: Launching districtservice (11)] INFO  o.eclipse.m2e.core.internal.Bundles - 	Entry: C:\Users\hp\.p2\pool\plugins\org.apache.commons.cli_1.11.0.jar
2026-04-12 21:26:05,071 [Worker-89: Launching districtservice (11)] INFO  o.eclipse.m2e.core.internal.Bundles - getClasspathEntries(Bundle=org.apache.commons.commons-codec_1.21.0 [85])
2026-04-12 21:26:05,072 [Worker-89: Launching districtservice (11)] INFO  o.eclipse.m2e.core.internal.Bundles - 	Entry: C:\Users\hp\.p2\pool\plugins\org.apache.commons.commons-codec_1.21.0.jar
2026-04-12 21:26:05,072 [Worker-89: Launching districtservice (11)] INFO  o.eclipse.m2e.core.internal.Bundles - getClasspathEntries(Bundle=com.google.guava.failureaccess_1.0.3 [19])
2026-04-12 21:26:05,072 [Worker-89: Launching districtservice (11)] INFO  o.eclipse.m2e.core.internal.Bundles - 	Entry: C:\Users\hp\.p2\pool\plugins\com.google.guava.failureaccess_1.0.3.jar
2026-04-12 21:26:05,073 [Worker-89: Launching districtservice (11)] INFO  o.e.m.i.launch.MavenLaunchDelegate - Run build in "C:\Users\hp\Desktop\CMP404 Urban Flow Project\districtservice":
2026-04-12 21:26:05,073 [Worker-89: Launching districtservice (11)] INFO  o.e.m.i.launch.MavenLaunchDelegate -  mvn  -B -Dstyle.color=always azure-webapp:deploy
2026-04-12 21:54:08,362 [Worker-90: Building] INFO  o.a.m.s.f.DefaultMavenResourcesFiltering - Copying 1 resource from src\main\resources to target\classes
2026-04-12 21:54:08,440 [Worker-90: Building] INFO  o.a.m.s.f.DefaultMavenResourcesFiltering - Copying 0 resource from src\main\resources to target\classes
2026-04-12 21:54:08,444 [Worker-90: Building] INFO  o.a.m.s.f.DefaultMavenResourcesFiltering - skip non existing resourceDirectory C:\Users\hp\Desktop\CMP404 Urban Flow Project\districtservice\src\test\resources
2026-04-12 21:54:08,444 [Worker-90: Building] WARN  o.apache.maven.project.MavenProject - Plugin is modifying compileSourceRoots through clear(), which will not work in Maven 4.0.0. Use MavenProject.addCompileSourceRoot()/removeCompileSourceRoot() methods instead. If using a plugin, please upgrade to the latest version or report the issue to the plugin maintainer. To disable these warnings, set -Dmaven.project.sourceRoots.warningsDisabled=true on the command line, in the .mvn/maven.config file, or in project POM properties.
2026-04-12 21:54:08,446 [Worker-90: Building] WARN  o.apache.maven.project.MavenProject - Plugin is modifying compileSourceRoots through add(), which will not work in Maven 4.0.0. Use MavenProject.addCompileSourceRoot()/removeCompileSourceRoot() methods instead. If using a plugin, please upgrade to the latest version or report the issue to the plugin maintainer. To disable these warnings, set -Dmaven.project.sourceRoots.warningsDisabled=true on the command line, in the .mvn/maven.config file, or in project POM properties.
2026-04-12 21:54:08,447 [Worker-90: Building] WARN  o.apache.maven.project.MavenProject - Plugin is modifying testCompileSourceRoots through clear(), which will not work in Maven 4.0.0. Use MavenProject.addTestCompileSourceRoot()/removeTestCompileSourceRoot() methods instead. If using a plugin, please upgrade to the latest version or report the issue to the plugin maintainer. To disable these warnings, set -Dmaven.project.sourceRoots.warningsDisabled=true on the command line, in the .mvn/maven.config file, or in project POM properties.
2026-04-12 21:54:08,447 [Worker-90: Building] WARN  o.apache.maven.project.MavenProject - Plugin is modifying testCompileSourceRoots through add(), which will not work in Maven 4.0.0. Use MavenProject.addTestCompileSourceRoot()/removeTestCompileSourceRoot() methods instead. If using a plugin, please upgrade to the latest version or report the issue to the plugin maintainer. To disable these warnings, set -Dmaven.project.sourceRoots.warningsDisabled=true on the command line, in the .mvn/maven.config file, or in project POM properties.
2026-04-12 21:54:23,389 [main] INFO  o.e.m2e.actions.ExecutePomAction - Creating new launch configuration
2026-04-12 21:54:35,789 [Worker-84: Launching districtservice (12)] INFO  o.eclipse.m2e.core.internal.Bundles - getClasspathEntries(Bundle=org.eclipse.m2e.maven.runtime_3.9.1200.20260112-2306 [648])
2026-04-12 21:54:35,789 [Worker-84: Launching districtservice (12)] INFO  o.eclipse.m2e.core.internal.Bundles - 	Entry: C:\Users\hp\.p2\pool\plugins\org.eclipse.m2e.maven.runtime_3.9.1200.20260112-2306
2026-04-12 21:54:35,790 [Worker-84: Launching districtservice (12)] INFO  o.eclipse.m2e.core.internal.Bundles - 	Entry: C:\Users\hp\.p2\pool\plugins\org.eclipse.m2e.maven.runtime_3.9.1200.20260112-2306\jars\aopalliance-1.0.jar
2026-04-12 21:54:35,790 [Worker-84: Launching districtservice (12)] INFO  o.eclipse.m2e.core.internal.Bundles - 	Entry: C:\Users\hp\.p2\pool\plugins\org.eclipse.m2e.maven.runtime_3.9.1200.20260112-2306\jars\asm-9.9.jar
2026-04-12 21:54:35,790 [Worker-84: Launching districtservice (12)] INFO  o.eclipse.m2e.core.internal.Bundles - 	Entry: C:\Users\hp\.p2\pool\plugins\org.eclipse.m2e.maven.runtime_3.9.1200.20260112-2306\jars\error_prone_annotations-2.41.0.jar
2026-04-12 21:54:35,790 [Worker-84: Launching districtservice (12)] INFO  o.eclipse.m2e.core.internal.Bundles - 	Entry: C:\Users\hp\.p2\pool\plugins\org.eclipse.m2e.maven.runtime_3.9.1200.20260112-2306\jars\gson-2.13.2.jar
2026-04-12 21:54:35,790 [Worker-84: Launching districtservice (12)] INFO  o.eclipse.m2e.core.internal.Bundles - 	Entry: C:\Users\hp\.p2\pool\plugins\org.eclipse.m2e.maven.runtime_3.9.1200.20260112-2306\jars\guice-5.1.0-classes.jar
2026-04-12 21:54:35,790 [Worker-84: Launching districtservice (12)] INFO  o.eclipse.m2e.core.internal.Bundles - 	Entry: C:\Users\hp\.p2\pool\plugins\org.eclipse.m2e.maven.runtime_3.9.1200.20260112-2306\jars\httpclient-4.5.14.jar
2026-04-12 21:54:35,791 [Worker-84: Launching districtservice (12)] INFO  o.eclipse.m2e.core.internal.Bundles - 	Entry: C:\Users\hp\.p2\pool\plugins\org.eclipse.m2e.maven.runtime_3.9.1200.20260112-2306\jars\httpcore-4.4.16.jar
2026-04-12 21:54:35,791 [Worker-84: Launching districtservice (12)] INFO  o.eclipse.m2e.core.internal.Bundles - 	Entry: C:\Users\hp\.p2\pool\plugins\org.eclipse.m2e.maven.runtime_3.9.1200.20260112-2306\jars\jansi-2.4.2.jar
2026-04-12 21:54:35,791 [Worker-84: Launching districtservice (12)] INFO  o.eclipse.m2e.core.internal.Bundles - 	Entry: C:\Users\hp\.p2\pool\plugins\org.eclipse.m2e.maven.runtime_3.9.1200.20260112-2306\jars\jcl-over-slf4j-1.7.36.jar
2026-04-12 21:54:35,791 [Worker-84: Launching districtservice (12)] INFO  o.eclipse.m2e.core.internal.Bundles - 	Entry: C:\Users\hp\.p2\pool\plugins\org.eclipse.m2e.maven.runtime_3.9.1200.20260112-2306\jars\maven-artifact-3.9.12.jar
2026-04-12 21:54:35,791 [Worker-84: Launching districtservice (12)] INFO  o.eclipse.m2e.core.internal.Bundles - 	Entry: C:\Users\hp\.p2\pool\plugins\org.eclipse.m2e.maven.runtime_3.9.1200.20260112-2306\jars\maven-builder-support-3.9.12.jar
2026-04-12 21:54:35,791 [Worker-84: Launching districtservice (12)] INFO  o.eclipse.m2e.core.internal.Bundles - 	Entry: C:\Users\hp\.p2\pool\plugins\org.eclipse.m2e.maven.runtime_3.9.1200.20260112-2306\jars\maven-compat-3.9.12.jar
2026-04-12 21:54:35,791 [Worker-84: Launching districtservice (12)] INFO  o.eclipse.m2e.core.internal.Bundles - 	Entry: C:\Users\hp\.p2\pool\plugins\org.eclipse.m2e.maven.runtime_3.9.1200.20260112-2306\jars\maven-core-3.9.12.jar
2026-04-12 21:54:35,792 [Worker-84: Launching districtservice (12)] INFO  o.eclipse.m2e.core.internal.Bundles - 	Entry: C:\Users\hp\.p2\pool\plugins\org.eclipse.m2e.maven.runtime_3.9.1200.20260112-2306\jars\maven-embedder-3.9.12.jar
2026-04-12 21:54:35,792 [Worker-84: Launching districtservice (12)] INFO  o.eclipse.m2e.core.internal.Bundles - 	Entry: C:\Users\hp\.p2\pool\plugins\org.eclipse.m2e.maven.runtime_3.9.1200.20260112-2306\jars\maven-model-3.9.12.jar
2026-04-12 21:54:35,792 [Worker-84: Launching districtservice (12)] INFO  o.eclipse.m2e.core.internal.Bundles - 	Entry: C:\Users\hp\.p2\pool\plugins\org.eclipse.m2e.maven.runtime_3.9.1200.20260112-2306\jars\maven-model-builder-3.9.12.jar
2026-04-12 21:54:35,792 [Worker-84: Launching districtservice (12)] INFO  o.eclipse.m2e.core.internal.Bundles - 	Entry: C:\Users\hp\.p2\pool\plugins\org.eclipse.m2e.maven.runtime_3.9.1200.20260112-2306\jars\maven-plugin-api-3.9.12.jar
2026-04-12 21:54:35,792 [Worker-84: Launching districtservice (12)] INFO  o.eclipse.m2e.core.internal.Bundles - 	Entry: C:\Users\hp\.p2\pool\plugins\org.eclipse.m2e.maven.runtime_3.9.1200.20260112-2306\jars\maven-repository-metadata-3.9.12.jar
2026-04-12 21:54:35,792 [Worker-84: Launching districtservice (12)] INFO  o.eclipse.m2e.core.internal.Bundles - 	Entry: C:\Users\hp\.p2\pool\plugins\org.eclipse.m2e.maven.runtime_3.9.1200.20260112-2306\jars\maven-resolver-api-1.9.25.jar
2026-04-12 21:54:35,793 [Worker-84: Launching districtservice (12)] INFO  o.eclipse.m2e.core.internal.Bundles - 	Entry: C:\Users\hp\.p2\pool\plugins\org.eclipse.m2e.maven.runtime_3.9.1200.20260112-2306\jars\maven-resolver-connector-basic-1.9.25.jar
2026-04-12 21:54:35,793 [Worker-84: Launching districtservice (12)] INFO  o.eclipse.m2e.core.internal.Bundles - 	Entry: C:\Users\hp\.p2\pool\plugins\org.eclipse.m2e.maven.runtime_3.9.1200.20260112-2306\jars\maven-resolver-impl-1.9.25.jar
2026-04-12 21:54:35,793 [Worker-84: Launching districtservice (12)] INFO  o.eclipse.m2e.core.internal.Bundles - 	Entry: C:\Users\hp\.p2\pool\plugins\org.eclipse.m2e.maven.runtime_3.9.1200.20260112-2306\jars\maven-resolver-named-locks-1.9.25.jar
2026-04-12 21:54:35,793 [Worker-84: Launching districtservice (12)] INFO  o.eclipse.m2e.core.internal.Bundles - 	Entry: C:\Users\hp\.p2\pool\plugins\org.eclipse.m2e.maven.runtime_3.9.1200.20260112-2306\jars\maven-resolver-provider-3.9.12.jar
2026-04-12 21:54:35,793 [Worker-84: Launching districtservice (12)] INFO  o.eclipse.m2e.core.internal.Bundles - 	Entry: C:\Users\hp\.p2\pool\plugins\org.eclipse.m2e.maven.runtime_3.9.1200.20260112-2306\jars\maven-resolver-spi-1.9.25.jar
2026-04-12 21:54:35,793 [Worker-84: Launching districtservice (12)] INFO  o.eclipse.m2e.core.internal.Bundles - 	Entry: C:\Users\hp\.p2\pool\plugins\org.eclipse.m2e.maven.runtime_3.9.1200.20260112-2306\jars\maven-resolver-transport-file-1.9.25.jar
2026-04-12 21:54:35,793 [Worker-84: Launching districtservice (12)] INFO  o.eclipse.m2e.core.internal.Bundles - 	Entry: C:\Users\hp\.p2\pool\plugins\org.eclipse.m2e.maven.runtime_3.9.1200.20260112-2306\jars\maven-resolver-transport-http-1.9.25.jar
2026-04-12 21:54:35,793 [Worker-84: Launching districtservice (12)] INFO  o.eclipse.m2e.core.internal.Bundles - 	Entry: C:\Users\hp\.p2\pool\plugins\org.eclipse.m2e.maven.runtime_3.9.1200.20260112-2306\jars\maven-resolver-transport-wagon-1.9.25.jar
2026-04-12 21:54:35,793 [Worker-84: Launching districtservice (12)] INFO  o.eclipse.m2e.core.internal.Bundles - 	Entry: C:\Users\hp\.p2\pool\plugins\org.eclipse.m2e.maven.runtime_3.9.1200.20260112-2306\jars\maven-resolver-util-1.9.25.jar
2026-04-12 21:54:35,793 [Worker-84: Launching districtservice (12)] INFO  o.eclipse.m2e.core.internal.Bundles - 	Entry: C:\Users\hp\.p2\pool\plugins\org.eclipse.m2e.maven.runtime_3.9.1200.20260112-2306\jars\maven-settings-3.9.12.jar
2026-04-12 21:54:35,793 [Worker-84: Launching districtservice (12)] INFO  o.eclipse.m2e.core.internal.Bundles - 	Entry: C:\Users\hp\.p2\pool\plugins\org.eclipse.m2e.maven.runtime_3.9.1200.20260112-2306\jars\maven-settings-builder-3.9.12.jar
2026-04-12 21:54:35,793 [Worker-84: Launching districtservice (12)] INFO  o.eclipse.m2e.core.internal.Bundles - 	Entry: C:\Users\hp\.p2\pool\plugins\org.eclipse.m2e.maven.runtime_3.9.1200.20260112-2306\jars\maven-shared-utils-3.4.2.jar
2026-04-12 21:54:35,793 [Worker-84: Launching districtservice (12)] INFO  o.eclipse.m2e.core.internal.Bundles - 	Entry: C:\Users\hp\.p2\pool\plugins\org.eclipse.m2e.maven.runtime_3.9.1200.20260112-2306\jars\org.eclipse.sisu.inject-0.9.0.M4.jar
2026-04-12 21:54:35,794 [Worker-84: Launching districtservice (12)] INFO  o.eclipse.m2e.core.internal.Bundles - 	Entry: C:\Users\hp\.p2\pool\plugins\org.eclipse.m2e.maven.runtime_3.9.1200.20260112-2306\jars\org.eclipse.sisu.plexus-0.9.0.M4.jar
2026-04-12 21:54:35,794 [Worker-84: Launching districtservice (12)] INFO  o.eclipse.m2e.core.internal.Bundles - 	Entry: C:\Users\hp\.p2\pool\plugins\org.eclipse.m2e.maven.runtime_3.9.1200.20260112-2306\jars\plexus-build-api-0.0.7.jar
2026-04-12 21:54:35,794 [Worker-84: Launching districtservice (12)] INFO  o.eclipse.m2e.core.internal.Bundles - 	Entry: C:\Users\hp\.p2\pool\plugins\org.eclipse.m2e.maven.runtime_3.9.1200.20260112-2306\jars\plexus-build-api-1.2.0.jar
2026-04-12 21:54:35,794 [Worker-84: Launching districtservice (12)] INFO  o.eclipse.m2e.core.internal.Bundles - 	Entry: C:\Users\hp\.p2\pool\plugins\org.eclipse.m2e.maven.runtime_3.9.1200.20260112-2306\jars\plexus-cipher-2.0.jar
2026-04-12 21:54:35,794 [Worker-84: Launching districtservice (12)] INFO  o.eclipse.m2e.core.internal.Bundles - 	Entry: C:\Users\hp\.p2\pool\plugins\org.eclipse.m2e.maven.runtime_3.9.1200.20260112-2306\jars\plexus-classworlds-2.9.0.jar
2026-04-12 21:54:35,794 [Worker-84: Launching districtservice (12)] INFO  o.eclipse.m2e.core.internal.Bundles - 	Entry: C:\Users\hp\.p2\pool\plugins\org.eclipse.m2e.maven.runtime_3.9.1200.20260112-2306\jars\plexus-component-annotations-2.2.0.jar
2026-04-12 21:54:35,794 [Worker-84: Launching districtservice (12)] INFO  o.eclipse.m2e.core.internal.Bundles - 	Entry: C:\Users\hp\.p2\pool\plugins\org.eclipse.m2e.maven.runtime_3.9.1200.20260112-2306\jars\plexus-interpolation-1.29.jar
2026-04-12 21:54:35,794 [Worker-84: Launching districtservice (12)] INFO  o.eclipse.m2e.core.internal.Bundles - 	Entry: C:\Users\hp\.p2\pool\plugins\org.eclipse.m2e.maven.runtime_3.9.1200.20260112-2306\jars\plexus-sec-dispatcher-2.0.jar
2026-04-12 21:54:35,795 [Worker-84: Launching districtservice (12)] INFO  o.eclipse.m2e.core.internal.Bundles - 	Entry: C:\Users\hp\.p2\pool\plugins\org.eclipse.m2e.maven.runtime_3.9.1200.20260112-2306\jars\plexus-utils-3.6.0.jar
2026-04-12 21:54:35,795 [Worker-84: Launching districtservice (12)] INFO  o.eclipse.m2e.core.internal.Bundles - 	Entry: C:\Users\hp\.p2\pool\plugins\org.eclipse.m2e.maven.runtime_3.9.1200.20260112-2306\jars\wagon-file-3.5.3.jar
2026-04-12 21:54:35,795 [Worker-84: Launching districtservice (12)] INFO  o.eclipse.m2e.core.internal.Bundles - 	Entry: C:\Users\hp\.p2\pool\plugins\org.eclipse.m2e.maven.runtime_3.9.1200.20260112-2306\jars\wagon-http-3.5.3.jar
2026-04-12 21:54:35,795 [Worker-84: Launching districtservice (12)] INFO  o.eclipse.m2e.core.internal.Bundles - 	Entry: C:\Users\hp\.p2\pool\plugins\org.eclipse.m2e.maven.runtime_3.9.1200.20260112-2306\jars\wagon-http-shared-3.5.3.jar
2026-04-12 21:54:35,795 [Worker-84: Launching districtservice (12)] INFO  o.eclipse.m2e.core.internal.Bundles - 	Entry: C:\Users\hp\.p2\pool\plugins\org.eclipse.m2e.maven.runtime_3.9.1200.20260112-2306\jars\wagon-provider-api-3.5.3.jar
2026-04-12 21:54:35,796 [Worker-84: Launching districtservice (12)] INFO  o.eclipse.m2e.core.internal.Bundles - getClasspathEntries(Bundle=com.google.guava_33.5.0.jre [18])
2026-04-12 21:54:35,796 [Worker-84: Launching districtservice (12)] INFO  o.eclipse.m2e.core.internal.Bundles - 	Entry: C:\Users\hp\.p2\pool\plugins\com.google.guava_33.5.0.jre.jar
2026-04-12 21:54:35,796 [Worker-84: Launching districtservice (12)] INFO  o.eclipse.m2e.core.internal.Bundles - getClasspathEntries(Bundle=slf4j.api_2.0.17 [1013])
2026-04-12 21:54:35,797 [Worker-84: Launching districtservice (12)] INFO  o.eclipse.m2e.core.internal.Bundles - 	Entry: C:\Users\hp\.p2\pool\plugins\slf4j.api_2.0.17.jar
2026-04-12 21:54:35,797 [Worker-84: Launching districtservice (12)] INFO  o.eclipse.m2e.core.internal.Bundles - getClasspathEntries(Bundle=jakarta.inject.jakarta.inject-api_1.0.5 [35])
2026-04-12 21:54:35,798 [Worker-84: Launching districtservice (12)] INFO  o.eclipse.m2e.core.internal.Bundles - 	Entry: C:\Users\hp\.p2\pool\plugins\jakarta.inject.jakarta.inject-api_1.0.5.jar
2026-04-12 21:54:35,798 [Worker-84: Launching districtservice (12)] INFO  o.eclipse.m2e.core.internal.Bundles - getClasspathEntries(Bundle=jakarta.annotation-api_1.3.5 [31])
2026-04-12 21:54:35,798 [Worker-84: Launching districtservice (12)] INFO  o.eclipse.m2e.core.internal.Bundles - 	Entry: C:\Users\hp\.p2\pool\plugins\jakarta.annotation-api_1.3.5.jar
2026-04-12 21:54:35,798 [Worker-84: Launching districtservice (12)] INFO  o.eclipse.m2e.core.internal.Bundles - getClasspathEntries(Bundle=org.apache.commons.cli_1.11.0 [83])
2026-04-12 21:54:35,799 [Worker-84: Launching districtservice (12)] INFO  o.eclipse.m2e.core.internal.Bundles - 	Entry: C:\Users\hp\.p2\pool\plugins\org.apache.commons.cli_1.11.0.jar
2026-04-12 21:54:35,799 [Worker-84: Launching districtservice (12)] INFO  o.eclipse.m2e.core.internal.Bundles - getClasspathEntries(Bundle=org.apache.commons.commons-codec_1.21.0 [85])
2026-04-12 21:54:35,799 [Worker-84: Launching districtservice (12)] INFO  o.eclipse.m2e.core.internal.Bundles - 	Entry: C:\Users\hp\.p2\pool\plugins\org.apache.commons.commons-codec_1.21.0.jar
2026-04-12 21:54:35,799 [Worker-84: Launching districtservice (12)] INFO  o.eclipse.m2e.core.internal.Bundles - getClasspathEntries(Bundle=com.google.guava.failureaccess_1.0.3 [19])
2026-04-12 21:54:35,800 [Worker-84: Launching districtservice (12)] INFO  o.eclipse.m2e.core.internal.Bundles - 	Entry: C:\Users\hp\.p2\pool\plugins\com.google.guava.failureaccess_1.0.3.jar
2026-04-12 21:54:35,803 [Worker-84: Launching districtservice (12)] INFO  o.e.m.i.launch.MavenLaunchDelegate - Run build in "C:\Users\hp\Desktop\CMP404 Urban Flow Project\districtservice":
2026-04-12 21:54:35,803 [Worker-84: Launching districtservice (12)] INFO  o.e.m.i.launch.MavenLaunchDelegate -  mvn  -B -Dstyle.color=always clean package -DskipTests
2026-04-12 21:56:09,783 [main] INFO  o.e.m2e.actions.ExecutePomAction - Creating new launch configuration
2026-04-12 21:56:24,104 [Worker-90: Launching districtservice (13)] INFO  o.eclipse.m2e.core.internal.Bundles - getClasspathEntries(Bundle=org.eclipse.m2e.maven.runtime_3.9.1200.20260112-2306 [648])
2026-04-12 21:56:24,104 [Worker-90: Launching districtservice (13)] INFO  o.eclipse.m2e.core.internal.Bundles - 	Entry: C:\Users\hp\.p2\pool\plugins\org.eclipse.m2e.maven.runtime_3.9.1200.20260112-2306
2026-04-12 21:56:24,105 [Worker-90: Launching districtservice (13)] INFO  o.eclipse.m2e.core.internal.Bundles - 	Entry: C:\Users\hp\.p2\pool\plugins\org.eclipse.m2e.maven.runtime_3.9.1200.20260112-2306\jars\aopalliance-1.0.jar
2026-04-12 21:56:24,105 [Worker-90: Launching districtservice (13)] INFO  o.eclipse.m2e.core.internal.Bundles - 	Entry: C:\Users\hp\.p2\pool\plugins\org.eclipse.m2e.maven.runtime_3.9.1200.20260112-2306\jars\asm-9.9.jar
2026-04-12 21:56:24,105 [Worker-90: Launching districtservice (13)] INFO  o.eclipse.m2e.core.internal.Bundles - 	Entry: C:\Users\hp\.p2\pool\plugins\org.eclipse.m2e.maven.runtime_3.9.1200.20260112-2306\jars\error_prone_annotations-2.41.0.jar
2026-04-12 21:56:24,105 [Worker-90: Launching districtservice (13)] INFO  o.eclipse.m2e.core.internal.Bundles - 	Entry: C:\Users\hp\.p2\pool\plugins\org.eclipse.m2e.maven.runtime_3.9.1200.20260112-2306\jars\gson-2.13.2.jar
2026-04-12 21:56:24,105 [Worker-90: Launching districtservice (13)] INFO  o.eclipse.m2e.core.internal.Bundles - 	Entry: C:\Users\hp\.p2\pool\plugins\org.eclipse.m2e.maven.runtime_3.9.1200.20260112-2306\jars\guice-5.1.0-classes.jar
2026-04-12 21:56:24,105 [Worker-90: Launching districtservice (13)] INFO  o.eclipse.m2e.core.internal.Bundles - 	Entry: C:\Users\hp\.p2\pool\plugins\org.eclipse.m2e.maven.runtime_3.9.1200.20260112-2306\jars\httpclient-4.5.14.jar
2026-04-12 21:56:24,105 [Worker-90: Launching districtservice (13)] INFO  o.eclipse.m2e.core.internal.Bundles - 	Entry: C:\Users\hp\.p2\pool\plugins\org.eclipse.m2e.maven.runtime_3.9.1200.20260112-2306\jars\httpcore-4.4.16.jar
2026-04-12 21:56:24,105 [Worker-90: Launching districtservice (13)] INFO  o.eclipse.m2e.core.internal.Bundles - 	Entry: C:\Users\hp\.p2\pool\plugins\org.eclipse.m2e.maven.runtime_3.9.1200.20260112-2306\jars\jansi-2.4.2.jar
2026-04-12 21:56:24,105 [Worker-90: Launching districtservice (13)] INFO  o.eclipse.m2e.core.internal.Bundles - 	Entry: C:\Users\hp\.p2\pool\plugins\org.eclipse.m2e.maven.runtime_3.9.1200.20260112-2306\jars\jcl-over-slf4j-1.7.36.jar
2026-04-12 21:56:24,105 [Worker-90: Launching districtservice (13)] INFO  o.eclipse.m2e.core.internal.Bundles - 	Entry: C:\Users\hp\.p2\pool\plugins\org.eclipse.m2e.maven.runtime_3.9.1200.20260112-2306\jars\maven-artifact-3.9.12.jar
2026-04-12 21:56:24,106 [Worker-90: Launching districtservice (13)] INFO  o.eclipse.m2e.core.internal.Bundles - 	Entry: C:\Users\hp\.p2\pool\plugins\org.eclipse.m2e.maven.runtime_3.9.1200.20260112-2306\jars\maven-builder-support-3.9.12.jar
2026-04-12 21:56:24,106 [Worker-90: Launching districtservice (13)] INFO  o.eclipse.m2e.core.internal.Bundles - 	Entry: C:\Users\hp\.p2\pool\plugins\org.eclipse.m2e.maven.runtime_3.9.1200.20260112-2306\jars\maven-compat-3.9.12.jar
2026-04-12 21:56:24,106 [Worker-90: Launching districtservice (13)] INFO  o.eclipse.m2e.core.internal.Bundles - 	Entry: C:\Users\hp\.p2\pool\plugins\org.eclipse.m2e.maven.runtime_3.9.1200.20260112-2306\jars\maven-core-3.9.12.jar
2026-04-12 21:56:24,106 [Worker-90: Launching districtservice (13)] INFO  o.eclipse.m2e.core.internal.Bundles - 	Entry: C:\Users\hp\.p2\pool\plugins\org.eclipse.m2e.maven.runtime_3.9.1200.20260112-2306\jars\maven-embedder-3.9.12.jar
2026-04-12 21:56:24,106 [Worker-90: Launching districtservice (13)] INFO  o.eclipse.m2e.core.internal.Bundles - 	Entry: C:\Users\hp\.p2\pool\plugins\org.eclipse.m2e.maven.runtime_3.9.1200.20260112-2306\jars\maven-model-3.9.12.jar
2026-04-12 21:56:24,106 [Worker-90: Launching districtservice (13)] INFO  o.eclipse.m2e.core.internal.Bundles - 	Entry: C:\Users\hp\.p2\pool\plugins\org.eclipse.m2e.maven.runtime_3.9.1200.20260112-2306\jars\maven-model-builder-3.9.12.jar
2026-04-12 21:56:24,106 [Worker-90: Launching districtservice (13)] INFO  o.eclipse.m2e.core.internal.Bundles - 	Entry: C:\Users\hp\.p2\pool\plugins\org.eclipse.m2e.maven.runtime_3.9.1200.20260112-2306\jars\maven-plugin-api-3.9.12.jar
2026-04-12 21:56:24,106 [Worker-90: Launching districtservice (13)] INFO  o.eclipse.m2e.core.internal.Bundles - 	Entry: C:\Users\hp\.p2\pool\plugins\org.eclipse.m2e.maven.runtime_3.9.1200.20260112-2306\jars\maven-repository-metadata-3.9.12.jar
2026-04-12 21:56:24,106 [Worker-90: Launching districtservice (13)] INFO  o.eclipse.m2e.core.internal.Bundles - 	Entry: C:\Users\hp\.p2\pool\plugins\org.eclipse.m2e.maven.runtime_3.9.1200.20260112-2306\jars\maven-resolver-api-1.9.25.jar
2026-04-12 21:56:24,106 [Worker-90: Launching districtservice (13)] INFO  o.eclipse.m2e.core.internal.Bundles - 	Entry: C:\Users\hp\.p2\pool\plugins\org.eclipse.m2e.maven.runtime_3.9.1200.20260112-2306\jars\maven-resolver-connector-basic-1.9.25.jar
2026-04-12 21:56:24,106 [Worker-90: Launching districtservice (13)] INFO  o.eclipse.m2e.core.internal.Bundles - 	Entry: C:\Users\hp\.p2\pool\plugins\org.eclipse.m2e.maven.runtime_3.9.1200.20260112-2306\jars\maven-resolver-impl-1.9.25.jar
2026-04-12 21:56:24,107 [Worker-90: Launching districtservice (13)] INFO  o.eclipse.m2e.core.internal.Bundles - 	Entry: C:\Users\hp\.p2\pool\plugins\org.eclipse.m2e.maven.runtime_3.9.1200.20260112-2306\jars\maven-resolver-named-locks-1.9.25.jar
2026-04-12 21:56:24,107 [Worker-90: Launching districtservice (13)] INFO  o.eclipse.m2e.core.internal.Bundles - 	Entry: C:\Users\hp\.p2\pool\plugins\org.eclipse.m2e.maven.runtime_3.9.1200.20260112-2306\jars\maven-resolver-provider-3.9.12.jar
2026-04-12 21:56:24,107 [Worker-90: Launching districtservice (13)] INFO  o.eclipse.m2e.core.internal.Bundles - 	Entry: C:\Users\hp\.p2\pool\plugins\org.eclipse.m2e.maven.runtime_3.9.1200.20260112-2306\jars\maven-resolver-spi-1.9.25.jar
2026-04-12 21:56:24,107 [Worker-90: Launching districtservice (13)] INFO  o.eclipse.m2e.core.internal.Bundles - 	Entry: C:\Users\hp\.p2\pool\plugins\org.eclipse.m2e.maven.runtime_3.9.1200.20260112-2306\jars\maven-resolver-transport-file-1.9.25.jar
2026-04-12 21:56:24,107 [Worker-90: Launching districtservice (13)] INFO  o.eclipse.m2e.core.internal.Bundles - 	Entry: C:\Users\hp\.p2\pool\plugins\org.eclipse.m2e.maven.runtime_3.9.1200.20260112-2306\jars\maven-resolver-transport-http-1.9.25.jar
2026-04-12 21:56:24,107 [Worker-90: Launching districtservice (13)] INFO  o.eclipse.m2e.core.internal.Bundles - 	Entry: C:\Users\hp\.p2\pool\plugins\org.eclipse.m2e.maven.runtime_3.9.1200.20260112-2306\jars\maven-resolver-transport-wagon-1.9.25.jar
2026-04-12 21:56:24,107 [Worker-90: Launching districtservice (13)] INFO  o.eclipse.m2e.core.internal.Bundles - 	Entry: C:\Users\hp\.p2\pool\plugins\org.eclipse.m2e.maven.runtime_3.9.1200.20260112-2306\jars\maven-resolver-util-1.9.25.jar
2026-04-12 21:56:24,107 [Worker-90: Launching districtservice (13)] INFO  o.eclipse.m2e.core.internal.Bundles - 	Entry: C:\Users\hp\.p2\pool\plugins\org.eclipse.m2e.maven.runtime_3.9.1200.20260112-2306\jars\maven-settings-3.9.12.jar
2026-04-12 21:56:24,107 [Worker-90: Launching districtservice (13)] INFO  o.eclipse.m2e.core.internal.Bundles - 	Entry: C:\Users\hp\.p2\pool\plugins\org.eclipse.m2e.maven.runtime_3.9.1200.20260112-2306\jars\maven-settings-builder-3.9.12.jar
2026-04-12 21:56:24,108 [Worker-90: Launching districtservice (13)] INFO  o.eclipse.m2e.core.internal.Bundles - 	Entry: C:\Users\hp\.p2\pool\plugins\org.eclipse.m2e.maven.runtime_3.9.1200.20260112-2306\jars\maven-shared-utils-3.4.2.jar
2026-04-12 21:56:24,108 [Worker-90: Launching districtservice (13)] INFO  o.eclipse.m2e.core.internal.Bundles - 	Entry: C:\Users\hp\.p2\pool\plugins\org.eclipse.m2e.maven.runtime_3.9.1200.20260112-2306\jars\org.eclipse.sisu.inject-0.9.0.M4.jar
2026-04-12 21:56:24,108 [Worker-90: Launching districtservice (13)] INFO  o.eclipse.m2e.core.internal.Bundles - 	Entry: C:\Users\hp\.p2\pool\plugins\org.eclipse.m2e.maven.runtime_3.9.1200.20260112-2306\jars\org.eclipse.sisu.plexus-0.9.0.M4.jar
2026-04-12 21:56:24,108 [Worker-90: Launching districtservice (13)] INFO  o.eclipse.m2e.core.internal.Bundles - 	Entry: C:\Users\hp\.p2\pool\plugins\org.eclipse.m2e.maven.runtime_3.9.1200.20260112-2306\jars\plexus-build-api-0.0.7.jar
2026-04-12 21:56:24,108 [Worker-90: Launching districtservice (13)] INFO  o.eclipse.m2e.core.internal.Bundles - 	Entry: C:\Users\hp\.p2\pool\plugins\org.eclipse.m2e.maven.runtime_3.9.1200.20260112-2306\jars\plexus-build-api-1.2.0.jar
2026-04-12 21:56:24,108 [Worker-90: Launching districtservice (13)] INFO  o.eclipse.m2e.core.internal.Bundles - 	Entry: C:\Users\hp\.p2\pool\plugins\org.eclipse.m2e.maven.runtime_3.9.1200.20260112-2306\jars\plexus-cipher-2.0.jar
2026-04-12 21:56:24,108 [Worker-90: Launching districtservice (13)] INFO  o.eclipse.m2e.core.internal.Bundles - 	Entry: C:\Users\hp\.p2\pool\plugins\org.eclipse.m2e.maven.runtime_3.9.1200.20260112-2306\jars\plexus-classworlds-2.9.0.jar
2026-04-12 21:56:24,108 [Worker-90: Launching districtservice (13)] INFO  o.eclipse.m2e.core.internal.Bundles - 	Entry: C:\Users\hp\.p2\pool\plugins\org.eclipse.m2e.maven.runtime_3.9.1200.20260112-2306\jars\plexus-component-annotations-2.2.0.jar
2026-04-12 21:56:24,108 [Worker-90: Launching districtservice (13)] INFO  o.eclipse.m2e.core.internal.Bundles - 	Entry: C:\Users\hp\.p2\pool\plugins\org.eclipse.m2e.maven.runtime_3.9.1200.20260112-2306\jars\plexus-interpolation-1.29.jar
2026-04-12 21:56:24,108 [Worker-90: Launching districtservice (13)] INFO  o.eclipse.m2e.core.internal.Bundles - 	Entry: C:\Users\hp\.p2\pool\plugins\org.eclipse.m2e.maven.runtime_3.9.1200.20260112-2306\jars\plexus-sec-dispatcher-2.0.jar
2026-04-12 21:56:24,109 [Worker-90: Launching districtservice (13)] INFO  o.eclipse.m2e.core.internal.Bundles - 	Entry: C:\Users\hp\.p2\pool\plugins\org.eclipse.m2e.maven.runtime_3.9.1200.20260112-2306\jars\plexus-utils-3.6.0.jar
2026-04-12 21:56:24,109 [Worker-90: Launching districtservice (13)] INFO  o.eclipse.m2e.core.internal.Bundles - 	Entry: C:\Users\hp\.p2\pool\plugins\org.eclipse.m2e.maven.runtime_3.9.1200.20260112-2306\jars\wagon-file-3.5.3.jar
2026-04-12 21:56:24,109 [Worker-90: Launching districtservice (13)] INFO  o.eclipse.m2e.core.internal.Bundles - 	Entry: C:\Users\hp\.p2\pool\plugins\org.eclipse.m2e.maven.runtime_3.9.1200.20260112-2306\jars\wagon-http-3.5.3.jar
2026-04-12 21:56:24,109 [Worker-90: Launching districtservice (13)] INFO  o.eclipse.m2e.core.internal.Bundles - 	Entry: C:\Users\hp\.p2\pool\plugins\org.eclipse.m2e.maven.runtime_3.9.1200.20260112-2306\jars\wagon-http-shared-3.5.3.jar
2026-04-12 21:56:24,109 [Worker-90: Launching districtservice (13)] INFO  o.eclipse.m2e.core.internal.Bundles - 	Entry: C:\Users\hp\.p2\pool\plugins\org.eclipse.m2e.maven.runtime_3.9.1200.20260112-2306\jars\wagon-provider-api-3.5.3.jar
2026-04-12 21:56:24,109 [Worker-90: Launching districtservice (13)] INFO  o.eclipse.m2e.core.internal.Bundles - getClasspathEntries(Bundle=com.google.guava_33.5.0.jre [18])
2026-04-12 21:56:24,109 [Worker-90: Launching districtservice (13)] INFO  o.eclipse.m2e.core.internal.Bundles - 	Entry: C:\Users\hp\.p2\pool\plugins\com.google.guava_33.5.0.jre.jar
2026-04-12 21:56:24,110 [Worker-90: Launching districtservice (13)] INFO  o.eclipse.m2e.core.internal.Bundles - getClasspathEntries(Bundle=slf4j.api_2.0.17 [1013])
2026-04-12 21:56:24,110 [Worker-90: Launching districtservice (13)] INFO  o.eclipse.m2e.core.internal.Bundles - 	Entry: C:\Users\hp\.p2\pool\plugins\slf4j.api_2.0.17.jar
2026-04-12 21:56:24,110 [Worker-90: Launching districtservice (13)] INFO  o.eclipse.m2e.core.internal.Bundles - getClasspathEntries(Bundle=jakarta.inject.jakarta.inject-api_1.0.5 [35])
2026-04-12 21:56:24,110 [Worker-90: Launching districtservice (13)] INFO  o.eclipse.m2e.core.internal.Bundles - 	Entry: C:\Users\hp\.p2\pool\plugins\jakarta.inject.jakarta.inject-api_1.0.5.jar
2026-04-12 21:56:24,110 [Worker-90: Launching districtservice (13)] INFO  o.eclipse.m2e.core.internal.Bundles - getClasspathEntries(Bundle=jakarta.annotation-api_1.3.5 [31])
2026-04-12 21:56:24,110 [Worker-90: Launching districtservice (13)] INFO  o.eclipse.m2e.core.internal.Bundles - 	Entry: C:\Users\hp\.p2\pool\plugins\jakarta.annotation-api_1.3.5.jar
2026-04-12 21:56:24,110 [Worker-90: Launching districtservice (13)] INFO  o.eclipse.m2e.core.internal.Bundles - getClasspathEntries(Bundle=org.apache.commons.cli_1.11.0 [83])
2026-04-12 21:56:24,111 [Worker-90: Launching districtservice (13)] INFO  o.eclipse.m2e.core.internal.Bundles - 	Entry: C:\Users\hp\.p2\pool\plugins\org.apache.commons.cli_1.11.0.jar
2026-04-12 21:56:24,111 [Worker-90: Launching districtservice (13)] INFO  o.eclipse.m2e.core.internal.Bundles - getClasspathEntries(Bundle=org.apache.commons.commons-codec_1.21.0 [85])
2026-04-12 21:56:24,111 [Worker-90: Launching districtservice (13)] INFO  o.eclipse.m2e.core.internal.Bundles - 	Entry: C:\Users\hp\.p2\pool\plugins\org.apache.commons.commons-codec_1.21.0.jar
2026-04-12 21:56:24,111 [Worker-90: Launching districtservice (13)] INFO  o.eclipse.m2e.core.internal.Bundles - getClasspathEntries(Bundle=com.google.guava.failureaccess_1.0.3 [19])
2026-04-12 21:56:24,112 [Worker-90: Launching districtservice (13)] INFO  o.eclipse.m2e.core.internal.Bundles - 	Entry: C:\Users\hp\.p2\pool\plugins\com.google.guava.failureaccess_1.0.3.jar
2026-04-12 21:56:24,113 [Worker-90: Launching districtservice (13)] INFO  o.e.m.i.launch.MavenLaunchDelegate - Run build in "C:\Users\hp\Desktop\CMP404 Urban Flow Project\districtservice":
2026-04-12 21:56:24,113 [Worker-90: Launching districtservice (13)] INFO  o.e.m.i.launch.MavenLaunchDelegate -  mvn  -B -Dstyle.color=always azure-webapp:deploy
2026-04-12 22:04:15,379 [Worker-99: Building] INFO  o.a.m.s.f.DefaultMavenResourcesFiltering - Copying 1 resource from src\main\resources to target\classes
2026-04-12 22:04:15,385 [Worker-99: Building] INFO  o.a.m.s.f.DefaultMavenResourcesFiltering - Copying 0 resource from src\main\resources to target\classes
2026-04-12 22:04:15,388 [Worker-99: Building] INFO  o.a.m.s.f.DefaultMavenResourcesFiltering - skip non existing resourceDirectory C:\Users\hp\Desktop\CMP404 Urban Flow Project\districtservice\src\test\resources
2026-04-12 22:04:15,389 [Worker-99: Building] WARN  o.apache.maven.project.MavenProject - Plugin is modifying compileSourceRoots through clear(), which will not work in Maven 4.0.0. Use MavenProject.addCompileSourceRoot()/removeCompileSourceRoot() methods instead. If using a plugin, please upgrade to the latest version or report the issue to the plugin maintainer. To disable these warnings, set -Dmaven.project.sourceRoots.warningsDisabled=true on the command line, in the .mvn/maven.config file, or in project POM properties.
2026-04-12 22:04:15,389 [Worker-99: Building] WARN  o.apache.maven.project.MavenProject - Plugin is modifying compileSourceRoots through add(), which will not work in Maven 4.0.0. Use MavenProject.addCompileSourceRoot()/removeCompileSourceRoot() methods instead. If using a plugin, please upgrade to the latest version or report the issue to the plugin maintainer. To disable these warnings, set -Dmaven.project.sourceRoots.warningsDisabled=true on the command line, in the .mvn/maven.config file, or in project POM properties.
2026-04-12 22:04:15,390 [Worker-99: Building] WARN  o.apache.maven.project.MavenProject - Plugin is modifying testCompileSourceRoots through clear(), which will not work in Maven 4.0.0. Use MavenProject.addTestCompileSourceRoot()/removeTestCompileSourceRoot() methods instead. If using a plugin, please upgrade to the latest version or report the issue to the plugin maintainer. To disable these warnings, set -Dmaven.project.sourceRoots.warningsDisabled=true on the command line, in the .mvn/maven.config file, or in project POM properties.
2026-04-12 22:04:15,390 [Worker-99: Building] WARN  o.apache.maven.project.MavenProject - Plugin is modifying testCompileSourceRoots through add(), which will not work in Maven 4.0.0. Use MavenProject.addTestCompileSourceRoot()/removeTestCompileSourceRoot() methods instead. If using a plugin, please upgrade to the latest version or report the issue to the plugin maintainer. To disable these warnings, set -Dmaven.project.sourceRoots.warningsDisabled=true on the command line, in the .mvn/maven.config file, or in project POM properties.
2026-04-12 22:04:23,775 [main] INFO  o.e.m2e.actions.ExecutePomAction - Creating new launch configuration
2026-04-12 22:04:35,428 [Worker-98: Launching districtservice (14)] INFO  o.eclipse.m2e.core.internal.Bundles - getClasspathEntries(Bundle=org.eclipse.m2e.maven.runtime_3.9.1200.20260112-2306 [648])
2026-04-12 22:04:35,429 [Worker-98: Launching districtservice (14)] INFO  o.eclipse.m2e.core.internal.Bundles - 	Entry: C:\Users\hp\.p2\pool\plugins\org.eclipse.m2e.maven.runtime_3.9.1200.20260112-2306
2026-04-12 22:04:35,429 [Worker-98: Launching districtservice (14)] INFO  o.eclipse.m2e.core.internal.Bundles - 	Entry: C:\Users\hp\.p2\pool\plugins\org.eclipse.m2e.maven.runtime_3.9.1200.20260112-2306\jars\aopalliance-1.0.jar
2026-04-12 22:04:35,429 [Worker-98: Launching districtservice (14)] INFO  o.eclipse.m2e.core.internal.Bundles - 	Entry: C:\Users\hp\.p2\pool\plugins\org.eclipse.m2e.maven.runtime_3.9.1200.20260112-2306\jars\asm-9.9.jar
2026-04-12 22:04:35,429 [Worker-98: Launching districtservice (14)] INFO  o.eclipse.m2e.core.internal.Bundles - 	Entry: C:\Users\hp\.p2\pool\plugins\org.eclipse.m2e.maven.runtime_3.9.1200.20260112-2306\jars\error_prone_annotations-2.41.0.jar
2026-04-12 22:04:35,429 [Worker-98: Launching districtservice (14)] INFO  o.eclipse.m2e.core.internal.Bundles - 	Entry: C:\Users\hp\.p2\pool\plugins\org.eclipse.m2e.maven.runtime_3.9.1200.20260112-2306\jars\gson-2.13.2.jar
2026-04-12 22:04:35,429 [Worker-98: Launching districtservice (14)] INFO  o.eclipse.m2e.core.internal.Bundles - 	Entry: C:\Users\hp\.p2\pool\plugins\org.eclipse.m2e.maven.runtime_3.9.1200.20260112-2306\jars\guice-5.1.0-classes.jar
2026-04-12 22:04:35,429 [Worker-98: Launching districtservice (14)] INFO  o.eclipse.m2e.core.internal.Bundles - 	Entry: C:\Users\hp\.p2\pool\plugins\org.eclipse.m2e.maven.runtime_3.9.1200.20260112-2306\jars\httpclient-4.5.14.jar
2026-04-12 22:04:35,429 [Worker-98: Launching districtservice (14)] INFO  o.eclipse.m2e.core.internal.Bundles - 	Entry: C:\Users\hp\.p2\pool\plugins\org.eclipse.m2e.maven.runtime_3.9.1200.20260112-2306\jars\httpcore-4.4.16.jar
2026-04-12 22:04:35,429 [Worker-98: Launching districtservice (14)] INFO  o.eclipse.m2e.core.internal.Bundles - 	Entry: C:\Users\hp\.p2\pool\plugins\org.eclipse.m2e.maven.runtime_3.9.1200.20260112-2306\jars\jansi-2.4.2.jar
2026-04-12 22:04:35,430 [Worker-98: Launching districtservice (14)] INFO  o.eclipse.m2e.core.internal.Bundles - 	Entry: C:\Users\hp\.p2\pool\plugins\org.eclipse.m2e.maven.runtime_3.9.1200.20260112-2306\jars\jcl-over-slf4j-1.7.36.jar
2026-04-12 22:04:35,430 [Worker-98: Launching districtservice (14)] INFO  o.eclipse.m2e.core.internal.Bundles - 	Entry: C:\Users\hp\.p2\pool\plugins\org.eclipse.m2e.maven.runtime_3.9.1200.20260112-2306\jars\maven-artifact-3.9.12.jar
2026-04-12 22:04:35,430 [Worker-98: Launching districtservice (14)] INFO  o.eclipse.m2e.core.internal.Bundles - 	Entry: C:\Users\hp\.p2\pool\plugins\org.eclipse.m2e.maven.runtime_3.9.1200.20260112-2306\jars\maven-builder-support-3.9.12.jar
2026-04-12 22:04:35,430 [Worker-98: Launching districtservice (14)] INFO  o.eclipse.m2e.core.internal.Bundles - 	Entry: C:\Users\hp\.p2\pool\plugins\org.eclipse.m2e.maven.runtime_3.9.1200.20260112-2306\jars\maven-compat-3.9.12.jar
2026-04-12 22:04:35,430 [Worker-98: Launching districtservice (14)] INFO  o.eclipse.m2e.core.internal.Bundles - 	Entry: C:\Users\hp\.p2\pool\plugins\org.eclipse.m2e.maven.runtime_3.9.1200.20260112-2306\jars\maven-core-3.9.12.jar
2026-04-12 22:04:35,430 [Worker-98: Launching districtservice (14)] INFO  o.eclipse.m2e.core.internal.Bundles - 	Entry: C:\Users\hp\.p2\pool\plugins\org.eclipse.m2e.maven.runtime_3.9.1200.20260112-2306\jars\maven-embedder-3.9.12.jar
2026-04-12 22:04:35,430 [Worker-98: Launching districtservice (14)] INFO  o.eclipse.m2e.core.internal.Bundles - 	Entry: C:\Users\hp\.p2\pool\plugins\org.eclipse.m2e.maven.runtime_3.9.1200.20260112-2306\jars\maven-model-3.9.12.jar
2026-04-12 22:04:35,430 [Worker-98: Launching districtservice (14)] INFO  o.eclipse.m2e.core.internal.Bundles - 	Entry: C:\Users\hp\.p2\pool\plugins\org.eclipse.m2e.maven.runtime_3.9.1200.20260112-2306\jars\maven-model-builder-3.9.12.jar
2026-04-12 22:04:35,430 [Worker-98: Launching districtservice (14)] INFO  o.eclipse.m2e.core.internal.Bundles - 	Entry: C:\Users\hp\.p2\pool\plugins\org.eclipse.m2e.maven.runtime_3.9.1200.20260112-2306\jars\maven-plugin-api-3.9.12.jar
2026-04-12 22:04:35,431 [Worker-98: Launching districtservice (14)] INFO  o.eclipse.m2e.core.internal.Bundles - 	Entry: C:\Users\hp\.p2\pool\plugins\org.eclipse.m2e.maven.runtime_3.9.1200.20260112-2306\jars\maven-repository-metadata-3.9.12.jar
2026-04-12 22:04:35,431 [Worker-98: Launching districtservice (14)] INFO  o.eclipse.m2e.core.internal.Bundles - 	Entry: C:\Users\hp\.p2\pool\plugins\org.eclipse.m2e.maven.runtime_3.9.1200.20260112-2306\jars\maven-resolver-api-1.9.25.jar
2026-04-12 22:04:35,431 [Worker-98: Launching districtservice (14)] INFO  o.eclipse.m2e.core.internal.Bundles - 	Entry: C:\Users\hp\.p2\pool\plugins\org.eclipse.m2e.maven.runtime_3.9.1200.20260112-2306\jars\maven-resolver-connector-basic-1.9.25.jar
2026-04-12 22:04:35,431 [Worker-98: Launching districtservice (14)] INFO  o.eclipse.m2e.core.internal.Bundles - 	Entry: C:\Users\hp\.p2\pool\plugins\org.eclipse.m2e.maven.runtime_3.9.1200.20260112-2306\jars\maven-resolver-impl-1.9.25.jar
2026-04-12 22:04:35,431 [Worker-98: Launching districtservice (14)] INFO  o.eclipse.m2e.core.internal.Bundles - 	Entry: C:\Users\hp\.p2\pool\plugins\org.eclipse.m2e.maven.runtime_3.9.1200.20260112-2306\jars\maven-resolver-named-locks-1.9.25.jar
2026-04-12 22:04:35,431 [Worker-98: Launching districtservice (14)] INFO  o.eclipse.m2e.core.internal.Bundles - 	Entry: C:\Users\hp\.p2\pool\plugins\org.eclipse.m2e.maven.runtime_3.9.1200.20260112-2306\jars\maven-resolver-provider-3.9.12.jar
2026-04-12 22:04:35,431 [Worker-98: Launching districtservice (14)] INFO  o.eclipse.m2e.core.internal.Bundles - 	Entry: C:\Users\hp\.p2\pool\plugins\org.eclipse.m2e.maven.runtime_3.9.1200.20260112-2306\jars\maven-resolver-spi-1.9.25.jar
2026-04-12 22:04:35,431 [Worker-98: Launching districtservice (14)] INFO  o.eclipse.m2e.core.internal.Bundles - 	Entry: C:\Users\hp\.p2\pool\plugins\org.eclipse.m2e.maven.runtime_3.9.1200.20260112-2306\jars\maven-resolver-transport-file-1.9.25.jar
2026-04-12 22:04:35,431 [Worker-98: Launching districtservice (14)] INFO  o.eclipse.m2e.core.internal.Bundles - 	Entry: C:\Users\hp\.p2\pool\plugins\org.eclipse.m2e.maven.runtime_3.9.1200.20260112-2306\jars\maven-resolver-transport-http-1.9.25.jar
2026-04-12 22:04:35,432 [Worker-98: Launching districtservice (14)] INFO  o.eclipse.m2e.core.internal.Bundles - 	Entry: C:\Users\hp\.p2\pool\plugins\org.eclipse.m2e.maven.runtime_3.9.1200.20260112-2306\jars\maven-resolver-transport-wagon-1.9.25.jar
2026-04-12 22:04:35,432 [Worker-98: Launching districtservice (14)] INFO  o.eclipse.m2e.core.internal.Bundles - 	Entry: C:\Users\hp\.p2\pool\plugins\org.eclipse.m2e.maven.runtime_3.9.1200.20260112-2306\jars\maven-resolver-util-1.9.25.jar
2026-04-12 22:04:35,432 [Worker-98: Launching districtservice (14)] INFO  o.eclipse.m2e.core.internal.Bundles - 	Entry: C:\Users\hp\.p2\pool\plugins\org.eclipse.m2e.maven.runtime_3.9.1200.20260112-2306\jars\maven-settings-3.9.12.jar
2026-04-12 22:04:35,432 [Worker-98: Launching districtservice (14)] INFO  o.eclipse.m2e.core.internal.Bundles - 	Entry: C:\Users\hp\.p2\pool\plugins\org.eclipse.m2e.maven.runtime_3.9.1200.20260112-2306\jars\maven-settings-builder-3.9.12.jar
2026-04-12 22:04:35,432 [Worker-98: Launching districtservice (14)] INFO  o.eclipse.m2e.core.internal.Bundles - 	Entry: C:\Users\hp\.p2\pool\plugins\org.eclipse.m2e.maven.runtime_3.9.1200.20260112-2306\jars\maven-shared-utils-3.4.2.jar
2026-04-12 22:04:35,432 [Worker-98: Launching districtservice (14)] INFO  o.eclipse.m2e.core.internal.Bundles - 	Entry: C:\Users\hp\.p2\pool\plugins\org.eclipse.m2e.maven.runtime_3.9.1200.20260112-2306\jars\org.eclipse.sisu.inject-0.9.0.M4.jar
2026-04-12 22:04:35,432 [Worker-98: Launching districtservice (14)] INFO  o.eclipse.m2e.core.internal.Bundles - 	Entry: C:\Users\hp\.p2\pool\plugins\org.eclipse.m2e.maven.runtime_3.9.1200.20260112-2306\jars\org.eclipse.sisu.plexus-0.9.0.M4.jar
2026-04-12 22:04:35,432 [Worker-98: Launching districtservice (14)] INFO  o.eclipse.m2e.core.internal.Bundles - 	Entry: C:\Users\hp\.p2\pool\plugins\org.eclipse.m2e.maven.runtime_3.9.1200.20260112-2306\jars\plexus-build-api-0.0.7.jar
2026-04-12 22:04:35,433 [Worker-98: Launching districtservice (14)] INFO  o.eclipse.m2e.core.internal.Bundles - 	Entry: C:\Users\hp\.p2\pool\plugins\org.eclipse.m2e.maven.runtime_3.9.1200.20260112-2306\jars\plexus-build-api-1.2.0.jar
2026-04-12 22:04:35,433 [Worker-98: Launching districtservice (14)] INFO  o.eclipse.m2e.core.internal.Bundles - 	Entry: C:\Users\hp\.p2\pool\plugins\org.eclipse.m2e.maven.runtime_3.9.1200.20260112-2306\jars\plexus-cipher-2.0.jar
2026-04-12 22:04:35,433 [Worker-98: Launching districtservice (14)] INFO  o.eclipse.m2e.core.internal.Bundles - 	Entry: C:\Users\hp\.p2\pool\plugins\org.eclipse.m2e.maven.runtime_3.9.1200.20260112-2306\jars\plexus-classworlds-2.9.0.jar
2026-04-12 22:04:35,433 [Worker-98: Launching districtservice (14)] INFO  o.eclipse.m2e.core.internal.Bundles - 	Entry: C:\Users\hp\.p2\pool\plugins\org.eclipse.m2e.maven.runtime_3.9.1200.20260112-2306\jars\plexus-component-annotations-2.2.0.jar
2026-04-12 22:04:35,433 [Worker-98: Launching districtservice (14)] INFO  o.eclipse.m2e.core.internal.Bundles - 	Entry: C:\Users\hp\.p2\pool\plugins\org.eclipse.m2e.maven.runtime_3.9.1200.20260112-2306\jars\plexus-interpolation-1.29.jar
2026-04-12 22:04:35,433 [Worker-98: Launching districtservice (14)] INFO  o.eclipse.m2e.core.internal.Bundles - 	Entry: C:\Users\hp\.p2\pool\plugins\org.eclipse.m2e.maven.runtime_3.9.1200.20260112-2306\jars\plexus-sec-dispatcher-2.0.jar
2026-04-12 22:04:35,433 [Worker-98: Launching districtservice (14)] INFO  o.eclipse.m2e.core.internal.Bundles - 	Entry: C:\Users\hp\.p2\pool\plugins\org.eclipse.m2e.maven.runtime_3.9.1200.20260112-2306\jars\plexus-utils-3.6.0.jar
2026-04-12 22:04:35,433 [Worker-98: Launching districtservice (14)] INFO  o.eclipse.m2e.core.internal.Bundles - 	Entry: C:\Users\hp\.p2\pool\plugins\org.eclipse.m2e.maven.runtime_3.9.1200.20260112-2306\jars\wagon-file-3.5.3.jar
2026-04-12 22:04:35,434 [Worker-98: Launching districtservice (14)] INFO  o.eclipse.m2e.core.internal.Bundles - 	Entry: C:\Users\hp\.p2\pool\plugins\org.eclipse.m2e.maven.runtime_3.9.1200.20260112-2306\jars\wagon-http-3.5.3.jar
2026-04-12 22:04:35,434 [Worker-98: Launching districtservice (14)] INFO  o.eclipse.m2e.core.internal.Bundles - 	Entry: C:\Users\hp\.p2\pool\plugins\org.eclipse.m2e.maven.runtime_3.9.1200.20260112-2306\jars\wagon-http-shared-3.5.3.jar
2026-04-12 22:04:35,434 [Worker-98: Launching districtservice (14)] INFO  o.eclipse.m2e.core.internal.Bundles - 	Entry: C:\Users\hp\.p2\pool\plugins\org.eclipse.m2e.maven.runtime_3.9.1200.20260112-2306\jars\wagon-provider-api-3.5.3.jar
2026-04-12 22:04:35,434 [Worker-98: Launching districtservice (14)] INFO  o.eclipse.m2e.core.internal.Bundles - getClasspathEntries(Bundle=com.google.guava_33.5.0.jre [18])
2026-04-12 22:04:35,434 [Worker-98: Launching districtservice (14)] INFO  o.eclipse.m2e.core.internal.Bundles - 	Entry: C:\Users\hp\.p2\pool\plugins\com.google.guava_33.5.0.jre.jar
2026-04-12 22:04:35,435 [Worker-98: Launching districtservice (14)] INFO  o.eclipse.m2e.core.internal.Bundles - getClasspathEntries(Bundle=slf4j.api_2.0.17 [1013])
2026-04-12 22:04:35,435 [Worker-98: Launching districtservice (14)] INFO  o.eclipse.m2e.core.internal.Bundles - 	Entry: C:\Users\hp\.p2\pool\plugins\slf4j.api_2.0.17.jar
2026-04-12 22:04:35,435 [Worker-98: Launching districtservice (14)] INFO  o.eclipse.m2e.core.internal.Bundles - getClasspathEntries(Bundle=jakarta.inject.jakarta.inject-api_1.0.5 [35])
2026-04-12 22:04:35,435 [Worker-98: Launching districtservice (14)] INFO  o.eclipse.m2e.core.internal.Bundles - 	Entry: C:\Users\hp\.p2\pool\plugins\jakarta.inject.jakarta.inject-api_1.0.5.jar
2026-04-12 22:04:35,435 [Worker-98: Launching districtservice (14)] INFO  o.eclipse.m2e.core.internal.Bundles - getClasspathEntries(Bundle=jakarta.annotation-api_1.3.5 [31])
2026-04-12 22:04:35,436 [Worker-98: Launching districtservice (14)] INFO  o.eclipse.m2e.core.internal.Bundles - 	Entry: C:\Users\hp\.p2\pool\plugins\jakarta.annotation-api_1.3.5.jar
2026-04-12 22:04:35,436 [Worker-98: Launching districtservice (14)] INFO  o.eclipse.m2e.core.internal.Bundles - getClasspathEntries(Bundle=org.apache.commons.cli_1.11.0 [83])
2026-04-12 22:04:35,436 [Worker-98: Launching districtservice (14)] INFO  o.eclipse.m2e.core.internal.Bundles - 	Entry: C:\Users\hp\.p2\pool\plugins\org.apache.commons.cli_1.11.0.jar
2026-04-12 22:04:35,436 [Worker-98: Launching districtservice (14)] INFO  o.eclipse.m2e.core.internal.Bundles - getClasspathEntries(Bundle=org.apache.commons.commons-codec_1.21.0 [85])
2026-04-12 22:04:35,437 [Worker-98: Launching districtservice (14)] INFO  o.eclipse.m2e.core.internal.Bundles - 	Entry: C:\Users\hp\.p2\pool\plugins\org.apache.commons.commons-codec_1.21.0.jar
2026-04-12 22:04:35,437 [Worker-98: Launching districtservice (14)] INFO  o.eclipse.m2e.core.internal.Bundles - getClasspathEntries(Bundle=com.google.guava.failureaccess_1.0.3 [19])
2026-04-12 22:04:35,437 [Worker-98: Launching districtservice (14)] INFO  o.eclipse.m2e.core.internal.Bundles - 	Entry: C:\Users\hp\.p2\pool\plugins\com.google.guava.failureaccess_1.0.3.jar
2026-04-12 22:04:35,438 [Worker-98: Launching districtservice (14)] INFO  o.e.m.i.launch.MavenLaunchDelegate - Run build in "C:\Users\hp\Desktop\CMP404 Urban Flow Project\districtservice":
2026-04-12 22:04:35,438 [Worker-98: Launching districtservice (14)] INFO  o.e.m.i.launch.MavenLaunchDelegate -  mvn  -B -Dstyle.color=always clean package -DskipTests
2026-04-12 22:04:48,059 [main] INFO  o.e.m2e.actions.ExecutePomAction - Creating new launch configuration
2026-04-12 22:05:00,649 [Worker-98: Launching districtservice (15)] INFO  o.eclipse.m2e.core.internal.Bundles - getClasspathEntries(Bundle=org.eclipse.m2e.maven.runtime_3.9.1200.20260112-2306 [648])
2026-04-12 22:05:00,650 [Worker-98: Launching districtservice (15)] INFO  o.eclipse.m2e.core.internal.Bundles - 	Entry: C:\Users\hp\.p2\pool\plugins\org.eclipse.m2e.maven.runtime_3.9.1200.20260112-2306
2026-04-12 22:05:00,650 [Worker-98: Launching districtservice (15)] INFO  o.eclipse.m2e.core.internal.Bundles - 	Entry: C:\Users\hp\.p2\pool\plugins\org.eclipse.m2e.maven.runtime_3.9.1200.20260112-2306\jars\aopalliance-1.0.jar
2026-04-12 22:05:00,650 [Worker-98: Launching districtservice (15)] INFO  o.eclipse.m2e.core.internal.Bundles - 	Entry: C:\Users\hp\.p2\pool\plugins\org.eclipse.m2e.maven.runtime_3.9.1200.20260112-2306\jars\asm-9.9.jar
2026-04-12 22:05:00,650 [Worker-98: Launching districtservice (15)] INFO  o.eclipse.m2e.core.internal.Bundles - 	Entry: C:\Users\hp\.p2\pool\plugins\org.eclipse.m2e.maven.runtime_3.9.1200.20260112-2306\jars\error_prone_annotations-2.41.0.jar
2026-04-12 22:05:00,650 [Worker-98: Launching districtservice (15)] INFO  o.eclipse.m2e.core.internal.Bundles - 	Entry: C:\Users\hp\.p2\pool\plugins\org.eclipse.m2e.maven.runtime_3.9.1200.20260112-2306\jars\gson-2.13.2.jar
2026-04-12 22:05:00,650 [Worker-98: Launching districtservice (15)] INFO  o.eclipse.m2e.core.internal.Bundles - 	Entry: C:\Users\hp\.p2\pool\plugins\org.eclipse.m2e.maven.runtime_3.9.1200.20260112-2306\jars\guice-5.1.0-classes.jar
2026-04-12 22:05:00,651 [Worker-98: Launching districtservice (15)] INFO  o.eclipse.m2e.core.internal.Bundles - 	Entry: C:\Users\hp\.p2\pool\plugins\org.eclipse.m2e.maven.runtime_3.9.1200.20260112-2306\jars\httpclient-4.5.14.jar
2026-04-12 22:05:00,651 [Worker-98: Launching districtservice (15)] INFO  o.eclipse.m2e.core.internal.Bundles - 	Entry: C:\Users\hp\.p2\pool\plugins\org.eclipse.m2e.maven.runtime_3.9.1200.20260112-2306\jars\httpcore-4.4.16.jar
2026-04-12 22:05:00,651 [Worker-98: Launching districtservice (15)] INFO  o.eclipse.m2e.core.internal.Bundles - 	Entry: C:\Users\hp\.p2\pool\plugins\org.eclipse.m2e.maven.runtime_3.9.1200.20260112-2306\jars\jansi-2.4.2.jar
2026-04-12 22:05:00,651 [Worker-98: Launching districtservice (15)] INFO  o.eclipse.m2e.core.internal.Bundles - 	Entry: C:\Users\hp\.p2\pool\plugins\org.eclipse.m2e.maven.runtime_3.9.1200.20260112-2306\jars\jcl-over-slf4j-1.7.36.jar
2026-04-12 22:05:00,651 [Worker-98: Launching districtservice (15)] INFO  o.eclipse.m2e.core.internal.Bundles - 	Entry: C:\Users\hp\.p2\pool\plugins\org.eclipse.m2e.maven.runtime_3.9.1200.20260112-2306\jars\maven-artifact-3.9.12.jar
2026-04-12 22:05:00,652 [Worker-98: Launching districtservice (15)] INFO  o.eclipse.m2e.core.internal.Bundles - 	Entry: C:\Users\hp\.p2\pool\plugins\org.eclipse.m2e.maven.runtime_3.9.1200.20260112-2306\jars\maven-builder-support-3.9.12.jar
2026-04-12 22:05:00,652 [Worker-98: Launching districtservice (15)] INFO  o.eclipse.m2e.core.internal.Bundles - 	Entry: C:\Users\hp\.p2\pool\plugins\org.eclipse.m2e.maven.runtime_3.9.1200.20260112-2306\jars\maven-compat-3.9.12.jar
2026-04-12 22:05:00,652 [Worker-98: Launching districtservice (15)] INFO  o.eclipse.m2e.core.internal.Bundles - 	Entry: C:\Users\hp\.p2\pool\plugins\org.eclipse.m2e.maven.runtime_3.9.1200.20260112-2306\jars\maven-core-3.9.12.jar
2026-04-12 22:05:00,652 [Worker-98: Launching districtservice (15)] INFO  o.eclipse.m2e.core.internal.Bundles - 	Entry: C:\Users\hp\.p2\pool\plugins\org.eclipse.m2e.maven.runtime_3.9.1200.20260112-2306\jars\maven-embedder-3.9.12.jar
2026-04-12 22:05:00,652 [Worker-98: Launching districtservice (15)] INFO  o.eclipse.m2e.core.internal.Bundles - 	Entry: C:\Users\hp\.p2\pool\plugins\org.eclipse.m2e.maven.runtime_3.9.1200.20260112-2306\jars\maven-model-3.9.12.jar
2026-04-12 22:05:00,652 [Worker-98: Launching districtservice (15)] INFO  o.eclipse.m2e.core.internal.Bundles - 	Entry: C:\Users\hp\.p2\pool\plugins\org.eclipse.m2e.maven.runtime_3.9.1200.20260112-2306\jars\maven-model-builder-3.9.12.jar
2026-04-12 22:05:00,652 [Worker-98: Launching districtservice (15)] INFO  o.eclipse.m2e.core.internal.Bundles - 	Entry: C:\Users\hp\.p2\pool\plugins\org.eclipse.m2e.maven.runtime_3.9.1200.20260112-2306\jars\maven-plugin-api-3.9.12.jar
2026-04-12 22:05:00,652 [Worker-98: Launching districtservice (15)] INFO  o.eclipse.m2e.core.internal.Bundles - 	Entry: C:\Users\hp\.p2\pool\plugins\org.eclipse.m2e.maven.runtime_3.9.1200.20260112-2306\jars\maven-repository-metadata-3.9.12.jar
2026-04-12 22:05:00,653 [Worker-98: Launching districtservice (15)] INFO  o.eclipse.m2e.core.internal.Bundles - 	Entry: C:\Users\hp\.p2\pool\plugins\org.eclipse.m2e.maven.runtime_3.9.1200.20260112-2306\jars\maven-resolver-api-1.9.25.jar
2026-04-12 22:05:00,653 [Worker-98: Launching districtservice (15)] INFO  o.eclipse.m2e.core.internal.Bundles - 	Entry: C:\Users\hp\.p2\pool\plugins\org.eclipse.m2e.maven.runtime_3.9.1200.20260112-2306\jars\maven-resolver-connector-basic-1.9.25.jar
2026-04-12 22:05:00,653 [Worker-98: Launching districtservice (15)] INFO  o.eclipse.m2e.core.internal.Bundles - 	Entry: C:\Users\hp\.p2\pool\plugins\org.eclipse.m2e.maven.runtime_3.9.1200.20260112-2306\jars\maven-resolver-impl-1.9.25.jar
2026-04-12 22:05:00,653 [Worker-98: Launching districtservice (15)] INFO  o.eclipse.m2e.core.internal.Bundles - 	Entry: C:\Users\hp\.p2\pool\plugins\org.eclipse.m2e.maven.runtime_3.9.1200.20260112-2306\jars\maven-resolver-named-locks-1.9.25.jar
2026-04-12 22:05:00,653 [Worker-98: Launching districtservice (15)] INFO  o.eclipse.m2e.core.internal.Bundles - 	Entry: C:\Users\hp\.p2\pool\plugins\org.eclipse.m2e.maven.runtime_3.9.1200.20260112-2306\jars\maven-resolver-provider-3.9.12.jar
2026-04-12 22:05:00,654 [Worker-98: Launching districtservice (15)] INFO  o.eclipse.m2e.core.internal.Bundles - 	Entry: C:\Users\hp\.p2\pool\plugins\org.eclipse.m2e.maven.runtime_3.9.1200.20260112-2306\jars\maven-resolver-spi-1.9.25.jar
2026-04-12 22:05:00,654 [Worker-98: Launching districtservice (15)] INFO  o.eclipse.m2e.core.internal.Bundles - 	Entry: C:\Users\hp\.p2\pool\plugins\org.eclipse.m2e.maven.runtime_3.9.1200.20260112-2306\jars\maven-resolver-transport-file-1.9.25.jar
2026-04-12 22:05:00,654 [Worker-98: Launching districtservice (15)] INFO  o.eclipse.m2e.core.internal.Bundles - 	Entry: C:\Users\hp\.p2\pool\plugins\org.eclipse.m2e.maven.runtime_3.9.1200.20260112-2306\jars\maven-resolver-transport-http-1.9.25.jar
2026-04-12 22:05:00,654 [Worker-98: Launching districtservice (15)] INFO  o.eclipse.m2e.core.internal.Bundles - 	Entry: C:\Users\hp\.p2\pool\plugins\org.eclipse.m2e.maven.runtime_3.9.1200.20260112-2306\jars\maven-resolver-transport-wagon-1.9.25.jar
2026-04-12 22:05:00,655 [Worker-98: Launching districtservice (15)] INFO  o.eclipse.m2e.core.internal.Bundles - 	Entry: C:\Users\hp\.p2\pool\plugins\org.eclipse.m2e.maven.runtime_3.9.1200.20260112-2306\jars\maven-resolver-util-1.9.25.jar
2026-04-12 22:05:00,655 [Worker-98: Launching districtservice (15)] INFO  o.eclipse.m2e.core.internal.Bundles - 	Entry: C:\Users\hp\.p2\pool\plugins\org.eclipse.m2e.maven.runtime_3.9.1200.20260112-2306\jars\maven-settings-3.9.12.jar
2026-04-12 22:05:00,655 [Worker-98: Launching districtservice (15)] INFO  o.eclipse.m2e.core.internal.Bundles - 	Entry: C:\Users\hp\.p2\pool\plugins\org.eclipse.m2e.maven.runtime_3.9.1200.20260112-2306\jars\maven-settings-builder-3.9.12.jar
2026-04-12 22:05:00,655 [Worker-98: Launching districtservice (15)] INFO  o.eclipse.m2e.core.internal.Bundles - 	Entry: C:\Users\hp\.p2\pool\plugins\org.eclipse.m2e.maven.runtime_3.9.1200.20260112-2306\jars\maven-shared-utils-3.4.2.jar
2026-04-12 22:05:00,655 [Worker-98: Launching districtservice (15)] INFO  o.eclipse.m2e.core.internal.Bundles - 	Entry: C:\Users\hp\.p2\pool\plugins\org.eclipse.m2e.maven.runtime_3.9.1200.20260112-2306\jars\org.eclipse.sisu.inject-0.9.0.M4.jar
2026-04-12 22:05:00,655 [Worker-98: Launching districtservice (15)] INFO  o.eclipse.m2e.core.internal.Bundles - 	Entry: C:\Users\hp\.p2\pool\plugins\org.eclipse.m2e.maven.runtime_3.9.1200.20260112-2306\jars\org.eclipse.sisu.plexus-0.9.0.M4.jar
2026-04-12 22:05:00,655 [Worker-98: Launching districtservice (15)] INFO  o.eclipse.m2e.core.internal.Bundles - 	Entry: C:\Users\hp\.p2\pool\plugins\org.eclipse.m2e.maven.runtime_3.9.1200.20260112-2306\jars\plexus-build-api-0.0.7.jar
2026-04-12 22:05:00,656 [Worker-98: Launching districtservice (15)] INFO  o.eclipse.m2e.core.internal.Bundles - 	Entry: C:\Users\hp\.p2\pool\plugins\org.eclipse.m2e.maven.runtime_3.9.1200.20260112-2306\jars\plexus-build-api-1.2.0.jar
2026-04-12 22:05:00,656 [Worker-98: Launching districtservice (15)] INFO  o.eclipse.m2e.core.internal.Bundles - 	Entry: C:\Users\hp\.p2\pool\plugins\org.eclipse.m2e.maven.runtime_3.9.1200.20260112-2306\jars\plexus-cipher-2.0.jar
2026-04-12 22:05:00,656 [Worker-98: Launching districtservice (15)] INFO  o.eclipse.m2e.core.internal.Bundles - 	Entry: C:\Users\hp\.p2\pool\plugins\org.eclipse.m2e.maven.runtime_3.9.1200.20260112-2306\jars\plexus-classworlds-2.9.0.jar
2026-04-12 22:05:00,656 [Worker-98: Launching districtservice (15)] INFO  o.eclipse.m2e.core.internal.Bundles - 	Entry: C:\Users\hp\.p2\pool\plugins\org.eclipse.m2e.maven.runtime_3.9.1200.20260112-2306\jars\plexus-component-annotations-2.2.0.jar
2026-04-12 22:05:00,656 [Worker-98: Launching districtservice (15)] INFO  o.eclipse.m2e.core.internal.Bundles - 	Entry: C:\Users\hp\.p2\pool\plugins\org.eclipse.m2e.maven.runtime_3.9.1200.20260112-2306\jars\plexus-interpolation-1.29.jar
2026-04-12 22:05:00,656 [Worker-98: Launching districtservice (15)] INFO  o.eclipse.m2e.core.internal.Bundles - 	Entry: C:\Users\hp\.p2\pool\plugins\org.eclipse.m2e.maven.runtime_3.9.1200.20260112-2306\jars\plexus-sec-dispatcher-2.0.jar
2026-04-12 22:05:00,656 [Worker-98: Launching districtservice (15)] INFO  o.eclipse.m2e.core.internal.Bundles - 	Entry: C:\Users\hp\.p2\pool\plugins\org.eclipse.m2e.maven.runtime_3.9.1200.20260112-2306\jars\plexus-utils-3.6.0.jar
2026-04-12 22:05:00,656 [Worker-98: Launching districtservice (15)] INFO  o.eclipse.m2e.core.internal.Bundles - 	Entry: C:\Users\hp\.p2\pool\plugins\org.eclipse.m2e.maven.runtime_3.9.1200.20260112-2306\jars\wagon-file-3.5.3.jar
2026-04-12 22:05:00,656 [Worker-98: Launching districtservice (15)] INFO  o.eclipse.m2e.core.internal.Bundles - 	Entry: C:\Users\hp\.p2\pool\plugins\org.eclipse.m2e.maven.runtime_3.9.1200.20260112-2306\jars\wagon-http-3.5.3.jar
2026-04-12 22:05:00,656 [Worker-98: Launching districtservice (15)] INFO  o.eclipse.m2e.core.internal.Bundles - 	Entry: C:\Users\hp\.p2\pool\plugins\org.eclipse.m2e.maven.runtime_3.9.1200.20260112-2306\jars\wagon-http-shared-3.5.3.jar
2026-04-12 22:05:00,656 [Worker-98: Launching districtservice (15)] INFO  o.eclipse.m2e.core.internal.Bundles - 	Entry: C:\Users\hp\.p2\pool\plugins\org.eclipse.m2e.maven.runtime_3.9.1200.20260112-2306\jars\wagon-provider-api-3.5.3.jar
2026-04-12 22:05:00,656 [Worker-98: Launching districtservice (15)] INFO  o.eclipse.m2e.core.internal.Bundles - getClasspathEntries(Bundle=com.google.guava_33.5.0.jre [18])
2026-04-12 22:05:00,658 [Worker-98: Launching districtservice (15)] INFO  o.eclipse.m2e.core.internal.Bundles - 	Entry: C:\Users\hp\.p2\pool\plugins\com.google.guava_33.5.0.jre.jar
2026-04-12 22:05:00,658 [Worker-98: Launching districtservice (15)] INFO  o.eclipse.m2e.core.internal.Bundles - getClasspathEntries(Bundle=slf4j.api_2.0.17 [1013])
2026-04-12 22:05:00,658 [Worker-98: Launching districtservice (15)] INFO  o.eclipse.m2e.core.internal.Bundles - 	Entry: C:\Users\hp\.p2\pool\plugins\slf4j.api_2.0.17.jar
2026-04-12 22:05:00,658 [Worker-98: Launching districtservice (15)] INFO  o.eclipse.m2e.core.internal.Bundles - getClasspathEntries(Bundle=jakarta.inject.jakarta.inject-api_1.0.5 [35])
2026-04-12 22:05:00,659 [Worker-98: Launching districtservice (15)] INFO  o.eclipse.m2e.core.internal.Bundles - 	Entry: C:\Users\hp\.p2\pool\plugins\jakarta.inject.jakarta.inject-api_1.0.5.jar
2026-04-12 22:05:00,659 [Worker-98: Launching districtservice (15)] INFO  o.eclipse.m2e.core.internal.Bundles - getClasspathEntries(Bundle=jakarta.annotation-api_1.3.5 [31])
2026-04-12 22:05:00,659 [Worker-98: Launching districtservice (15)] INFO  o.eclipse.m2e.core.internal.Bundles - 	Entry: C:\Users\hp\.p2\pool\plugins\jakarta.annotation-api_1.3.5.jar
2026-04-12 22:05:00,659 [Worker-98: Launching districtservice (15)] INFO  o.eclipse.m2e.core.internal.Bundles - getClasspathEntries(Bundle=org.apache.commons.cli_1.11.0 [83])
2026-04-12 22:05:00,659 [Worker-98: Launching districtservice (15)] INFO  o.eclipse.m2e.core.internal.Bundles - 	Entry: C:\Users\hp\.p2\pool\plugins\org.apache.commons.cli_1.11.0.jar
2026-04-12 22:05:00,659 [Worker-98: Launching districtservice (15)] INFO  o.eclipse.m2e.core.internal.Bundles - getClasspathEntries(Bundle=org.apache.commons.commons-codec_1.21.0 [85])
2026-04-12 22:05:00,660 [Worker-98: Launching districtservice (15)] INFO  o.eclipse.m2e.core.internal.Bundles - 	Entry: C:\Users\hp\.p2\pool\plugins\org.apache.commons.commons-codec_1.21.0.jar
2026-04-12 22:05:00,660 [Worker-98: Launching districtservice (15)] INFO  o.eclipse.m2e.core.internal.Bundles - getClasspathEntries(Bundle=com.google.guava.failureaccess_1.0.3 [19])
2026-04-12 22:05:00,660 [Worker-98: Launching districtservice (15)] INFO  o.eclipse.m2e.core.internal.Bundles - 	Entry: C:\Users\hp\.p2\pool\plugins\com.google.guava.failureaccess_1.0.3.jar
2026-04-12 22:05:00,661 [Worker-98: Launching districtservice (15)] INFO  o.e.m.i.launch.MavenLaunchDelegate - Run build in "C:\Users\hp\Desktop\CMP404 Urban Flow Project\districtservice":
2026-04-12 22:05:00,661 [Worker-98: Launching districtservice (15)] INFO  o.e.m.i.launch.MavenLaunchDelegate -  mvn  -B -Dstyle.color=always azure-webapp:deploy
2026-04-12 22:06:02,221 [main] INFO  o.e.m2e.actions.ExecutePomAction - Creating new launch configuration
2026-04-12 22:06:12,043 [Worker-96: Launching districtservice (16)] INFO  o.eclipse.m2e.core.internal.Bundles - getClasspathEntries(Bundle=org.eclipse.m2e.maven.runtime_3.9.1200.20260112-2306 [648])
2026-04-12 22:06:12,043 [Worker-96: Launching districtservice (16)] INFO  o.eclipse.m2e.core.internal.Bundles - 	Entry: C:\Users\hp\.p2\pool\plugins\org.eclipse.m2e.maven.runtime_3.9.1200.20260112-2306
2026-04-12 22:06:12,044 [Worker-96: Launching districtservice (16)] INFO  o.eclipse.m2e.core.internal.Bundles - 	Entry: C:\Users\hp\.p2\pool\plugins\org.eclipse.m2e.maven.runtime_3.9.1200.20260112-2306\jars\aopalliance-1.0.jar
2026-04-12 22:06:12,044 [Worker-96: Launching districtservice (16)] INFO  o.eclipse.m2e.core.internal.Bundles - 	Entry: C:\Users\hp\.p2\pool\plugins\org.eclipse.m2e.maven.runtime_3.9.1200.20260112-2306\jars\asm-9.9.jar
2026-04-12 22:06:12,044 [Worker-96: Launching districtservice (16)] INFO  o.eclipse.m2e.core.internal.Bundles - 	Entry: C:\Users\hp\.p2\pool\plugins\org.eclipse.m2e.maven.runtime_3.9.1200.20260112-2306\jars\error_prone_annotations-2.41.0.jar
2026-04-12 22:06:12,044 [Worker-96: Launching districtservice (16)] INFO  o.eclipse.m2e.core.internal.Bundles - 	Entry: C:\Users\hp\.p2\pool\plugins\org.eclipse.m2e.maven.runtime_3.9.1200.20260112-2306\jars\gson-2.13.2.jar
2026-04-12 22:06:12,044 [Worker-96: Launching districtservice (16)] INFO  o.eclipse.m2e.core.internal.Bundles - 	Entry: C:\Users\hp\.p2\pool\plugins\org.eclipse.m2e.maven.runtime_3.9.1200.20260112-2306\jars\guice-5.1.0-classes.jar
2026-04-12 22:06:12,044 [Worker-96: Launching districtservice (16)] INFO  o.eclipse.m2e.core.internal.Bundles - 	Entry: C:\Users\hp\.p2\pool\plugins\org.eclipse.m2e.maven.runtime_3.9.1200.20260112-2306\jars\httpclient-4.5.14.jar
2026-04-12 22:06:12,044 [Worker-96: Launching districtservice (16)] INFO  o.eclipse.m2e.core.internal.Bundles - 	Entry: C:\Users\hp\.p2\pool\plugins\org.eclipse.m2e.maven.runtime_3.9.1200.20260112-2306\jars\httpcore-4.4.16.jar
2026-04-12 22:06:12,044 [Worker-96: Launching districtservice (16)] INFO  o.eclipse.m2e.core.internal.Bundles - 	Entry: C:\Users\hp\.p2\pool\plugins\org.eclipse.m2e.maven.runtime_3.9.1200.20260112-2306\jars\jansi-2.4.2.jar
2026-04-12 22:06:12,044 [Worker-96: Launching districtservice (16)] INFO  o.eclipse.m2e.core.internal.Bundles - 	Entry: C:\Users\hp\.p2\pool\plugins\org.eclipse.m2e.maven.runtime_3.9.1200.20260112-2306\jars\jcl-over-slf4j-1.7.36.jar
2026-04-12 22:06:12,044 [Worker-96: Launching districtservice (16)] INFO  o.eclipse.m2e.core.internal.Bundles - 	Entry: C:\Users\hp\.p2\pool\plugins\org.eclipse.m2e.maven.runtime_3.9.1200.20260112-2306\jars\maven-artifact-3.9.12.jar
2026-04-12 22:06:12,045 [Worker-96: Launching districtservice (16)] INFO  o.eclipse.m2e.core.internal.Bundles - 	Entry: C:\Users\hp\.p2\pool\plugins\org.eclipse.m2e.maven.runtime_3.9.1200.20260112-2306\jars\maven-builder-support-3.9.12.jar
2026-04-12 22:06:12,045 [Worker-96: Launching districtservice (16)] INFO  o.eclipse.m2e.core.internal.Bundles - 	Entry: C:\Users\hp\.p2\pool\plugins\org.eclipse.m2e.maven.runtime_3.9.1200.20260112-2306\jars\maven-compat-3.9.12.jar
2026-04-12 22:06:12,045 [Worker-96: Launching districtservice (16)] INFO  o.eclipse.m2e.core.internal.Bundles - 	Entry: C:\Users\hp\.p2\pool\plugins\org.eclipse.m2e.maven.runtime_3.9.1200.20260112-2306\jars\maven-core-3.9.12.jar
2026-04-12 22:06:12,045 [Worker-96: Launching districtservice (16)] INFO  o.eclipse.m2e.core.internal.Bundles - 	Entry: C:\Users\hp\.p2\pool\plugins\org.eclipse.m2e.maven.runtime_3.9.1200.20260112-2306\jars\maven-embedder-3.9.12.jar
2026-04-12 22:06:12,045 [Worker-96: Launching districtservice (16)] INFO  o.eclipse.m2e.core.internal.Bundles - 	Entry: C:\Users\hp\.p2\pool\plugins\org.eclipse.m2e.maven.runtime_3.9.1200.20260112-2306\jars\maven-model-3.9.12.jar
2026-04-12 22:06:12,045 [Worker-96: Launching districtservice (16)] INFO  o.eclipse.m2e.core.internal.Bundles - 	Entry: C:\Users\hp\.p2\pool\plugins\org.eclipse.m2e.maven.runtime_3.9.1200.20260112-2306\jars\maven-model-builder-3.9.12.jar
2026-04-12 22:06:12,045 [Worker-96: Launching districtservice (16)] INFO  o.eclipse.m2e.core.internal.Bundles - 	Entry: C:\Users\hp\.p2\pool\plugins\org.eclipse.m2e.maven.runtime_3.9.1200.20260112-2306\jars\maven-plugin-api-3.9.12.jar
2026-04-12 22:06:12,045 [Worker-96: Launching districtservice (16)] INFO  o.eclipse.m2e.core.internal.Bundles - 	Entry: C:\Users\hp\.p2\pool\plugins\org.eclipse.m2e.maven.runtime_3.9.1200.20260112-2306\jars\maven-repository-metadata-3.9.12.jar
2026-04-12 22:06:12,045 [Worker-96: Launching districtservice (16)] INFO  o.eclipse.m2e.core.internal.Bundles - 	Entry: C:\Users\hp\.p2\pool\plugins\org.eclipse.m2e.maven.runtime_3.9.1200.20260112-2306\jars\maven-resolver-api-1.9.25.jar
2026-04-12 22:06:12,046 [Worker-96: Launching districtservice (16)] INFO  o.eclipse.m2e.core.internal.Bundles - 	Entry: C:\Users\hp\.p2\pool\plugins\org.eclipse.m2e.maven.runtime_3.9.1200.20260112-2306\jars\maven-resolver-connector-basic-1.9.25.jar
2026-04-12 22:06:12,046 [Worker-96: Launching districtservice (16)] INFO  o.eclipse.m2e.core.internal.Bundles - 	Entry: C:\Users\hp\.p2\pool\plugins\org.eclipse.m2e.maven.runtime_3.9.1200.20260112-2306\jars\maven-resolver-impl-1.9.25.jar
2026-04-12 22:06:12,046 [Worker-96: Launching districtservice (16)] INFO  o.eclipse.m2e.core.internal.Bundles - 	Entry: C:\Users\hp\.p2\pool\plugins\org.eclipse.m2e.maven.runtime_3.9.1200.20260112-2306\jars\maven-resolver-named-locks-1.9.25.jar
2026-04-12 22:06:12,046 [Worker-96: Launching districtservice (16)] INFO  o.eclipse.m2e.core.internal.Bundles - 	Entry: C:\Users\hp\.p2\pool\plugins\org.eclipse.m2e.maven.runtime_3.9.1200.20260112-2306\jars\maven-resolver-provider-3.9.12.jar
2026-04-12 22:06:12,046 [Worker-96: Launching districtservice (16)] INFO  o.eclipse.m2e.core.internal.Bundles - 	Entry: C:\Users\hp\.p2\pool\plugins\org.eclipse.m2e.maven.runtime_3.9.1200.20260112-2306\jars\maven-resolver-spi-1.9.25.jar
2026-04-12 22:06:12,046 [Worker-96: Launching districtservice (16)] INFO  o.eclipse.m2e.core.internal.Bundles - 	Entry: C:\Users\hp\.p2\pool\plugins\org.eclipse.m2e.maven.runtime_3.9.1200.20260112-2306\jars\maven-resolver-transport-file-1.9.25.jar
2026-04-12 22:06:12,046 [Worker-96: Launching districtservice (16)] INFO  o.eclipse.m2e.core.internal.Bundles - 	Entry: C:\Users\hp\.p2\pool\plugins\org.eclipse.m2e.maven.runtime_3.9.1200.20260112-2306\jars\maven-resolver-transport-http-1.9.25.jar
2026-04-12 22:06:12,046 [Worker-96: Launching districtservice (16)] INFO  o.eclipse.m2e.core.internal.Bundles - 	Entry: C:\Users\hp\.p2\pool\plugins\org.eclipse.m2e.maven.runtime_3.9.1200.20260112-2306\jars\maven-resolver-transport-wagon-1.9.25.jar
2026-04-12 22:06:12,046 [Worker-96: Launching districtservice (16)] INFO  o.eclipse.m2e.core.internal.Bundles - 	Entry: C:\Users\hp\.p2\pool\plugins\org.eclipse.m2e.maven.runtime_3.9.1200.20260112-2306\jars\maven-resolver-util-1.9.25.jar
2026-04-12 22:06:12,047 [Worker-96: Launching districtservice (16)] INFO  o.eclipse.m2e.core.internal.Bundles - 	Entry: C:\Users\hp\.p2\pool\plugins\org.eclipse.m2e.maven.runtime_3.9.1200.20260112-2306\jars\maven-settings-3.9.12.jar
2026-04-12 22:06:12,047 [Worker-96: Launching districtservice (16)] INFO  o.eclipse.m2e.core.internal.Bundles - 	Entry: C:\Users\hp\.p2\pool\plugins\org.eclipse.m2e.maven.runtime_3.9.1200.20260112-2306\jars\maven-settings-builder-3.9.12.jar
2026-04-12 22:06:12,047 [Worker-96: Launching districtservice (16)] INFO  o.eclipse.m2e.core.internal.Bundles - 	Entry: C:\Users\hp\.p2\pool\plugins\org.eclipse.m2e.maven.runtime_3.9.1200.20260112-2306\jars\maven-shared-utils-3.4.2.jar
2026-04-12 22:06:12,047 [Worker-96: Launching districtservice (16)] INFO  o.eclipse.m2e.core.internal.Bundles - 	Entry: C:\Users\hp\.p2\pool\plugins\org.eclipse.m2e.maven.runtime_3.9.1200.20260112-2306\jars\org.eclipse.sisu.inject-0.9.0.M4.jar
2026-04-12 22:06:12,047 [Worker-96: Launching districtservice (16)] INFO  o.eclipse.m2e.core.internal.Bundles - 	Entry: C:\Users\hp\.p2\pool\plugins\org.eclipse.m2e.maven.runtime_3.9.1200.20260112-2306\jars\org.eclipse.sisu.plexus-0.9.0.M4.jar
2026-04-12 22:06:12,047 [Worker-96: Launching districtservice (16)] INFO  o.eclipse.m2e.core.internal.Bundles - 	Entry: C:\Users\hp\.p2\pool\plugins\org.eclipse.m2e.maven.runtime_3.9.1200.20260112-2306\jars\plexus-build-api-0.0.7.jar
2026-04-12 22:06:12,047 [Worker-96: Launching districtservice (16)] INFO  o.eclipse.m2e.core.internal.Bundles - 	Entry: C:\Users\hp\.p2\pool\plugins\org.eclipse.m2e.maven.runtime_3.9.1200.20260112-2306\jars\plexus-build-api-1.2.0.jar
2026-04-12 22:06:12,047 [Worker-96: Launching districtservice (16)] INFO  o.eclipse.m2e.core.internal.Bundles - 	Entry: C:\Users\hp\.p2\pool\plugins\org.eclipse.m2e.maven.runtime_3.9.1200.20260112-2306\jars\plexus-cipher-2.0.jar
2026-04-12 22:06:12,047 [Worker-96: Launching districtservice (16)] INFO  o.eclipse.m2e.core.internal.Bundles - 	Entry: C:\Users\hp\.p2\pool\plugins\org.eclipse.m2e.maven.runtime_3.9.1200.20260112-2306\jars\plexus-classworlds-2.9.0.jar
2026-04-12 22:06:12,048 [Worker-96: Launching districtservice (16)] INFO  o.eclipse.m2e.core.internal.Bundles - 	Entry: C:\Users\hp\.p2\pool\plugins\org.eclipse.m2e.maven.runtime_3.9.1200.20260112-2306\jars\plexus-component-annotations-2.2.0.jar
2026-04-12 22:06:12,048 [Worker-96: Launching districtservice (16)] INFO  o.eclipse.m2e.core.internal.Bundles - 	Entry: C:\Users\hp\.p2\pool\plugins\org.eclipse.m2e.maven.runtime_3.9.1200.20260112-2306\jars\plexus-interpolation-1.29.jar
2026-04-12 22:06:12,048 [Worker-96: Launching districtservice (16)] INFO  o.eclipse.m2e.core.internal.Bundles - 	Entry: C:\Users\hp\.p2\pool\plugins\org.eclipse.m2e.maven.runtime_3.9.1200.20260112-2306\jars\plexus-sec-dispatcher-2.0.jar
2026-04-12 22:06:12,048 [Worker-96: Launching districtservice (16)] INFO  o.eclipse.m2e.core.internal.Bundles - 	Entry: C:\Users\hp\.p2\pool\plugins\org.eclipse.m2e.maven.runtime_3.9.1200.20260112-2306\jars\plexus-utils-3.6.0.jar
2026-04-12 22:06:12,048 [Worker-96: Launching districtservice (16)] INFO  o.eclipse.m2e.core.internal.Bundles - 	Entry: C:\Users\hp\.p2\pool\plugins\org.eclipse.m2e.maven.runtime_3.9.1200.20260112-2306\jars\wagon-file-3.5.3.jar
2026-04-12 22:06:12,048 [Worker-96: Launching districtservice (16)] INFO  o.eclipse.m2e.core.internal.Bundles - 	Entry: C:\Users\hp\.p2\pool\plugins\org.eclipse.m2e.maven.runtime_3.9.1200.20260112-2306\jars\wagon-http-3.5.3.jar
2026-04-12 22:06:12,048 [Worker-96: Launching districtservice (16)] INFO  o.eclipse.m2e.core.internal.Bundles - 	Entry: C:\Users\hp\.p2\pool\plugins\org.eclipse.m2e.maven.runtime_3.9.1200.20260112-2306\jars\wagon-http-shared-3.5.3.jar
2026-04-12 22:06:12,048 [Worker-96: Launching districtservice (16)] INFO  o.eclipse.m2e.core.internal.Bundles - 	Entry: C:\Users\hp\.p2\pool\plugins\org.eclipse.m2e.maven.runtime_3.9.1200.20260112-2306\jars\wagon-provider-api-3.5.3.jar
2026-04-12 22:06:12,048 [Worker-96: Launching districtservice (16)] INFO  o.eclipse.m2e.core.internal.Bundles - getClasspathEntries(Bundle=com.google.guava_33.5.0.jre [18])
2026-04-12 22:06:12,048 [Worker-96: Launching districtservice (16)] INFO  o.eclipse.m2e.core.internal.Bundles - 	Entry: C:\Users\hp\.p2\pool\plugins\com.google.guava_33.5.0.jre.jar
2026-04-12 22:06:12,049 [Worker-96: Launching districtservice (16)] INFO  o.eclipse.m2e.core.internal.Bundles - getClasspathEntries(Bundle=slf4j.api_2.0.17 [1013])
2026-04-12 22:06:12,049 [Worker-96: Launching districtservice (16)] INFO  o.eclipse.m2e.core.internal.Bundles - 	Entry: C:\Users\hp\.p2\pool\plugins\slf4j.api_2.0.17.jar
2026-04-12 22:06:12,049 [Worker-96: Launching districtservice (16)] INFO  o.eclipse.m2e.core.internal.Bundles - getClasspathEntries(Bundle=jakarta.inject.jakarta.inject-api_1.0.5 [35])
2026-04-12 22:06:12,049 [Worker-96: Launching districtservice (16)] INFO  o.eclipse.m2e.core.internal.Bundles - 	Entry: C:\Users\hp\.p2\pool\plugins\jakarta.inject.jakarta.inject-api_1.0.5.jar
2026-04-12 22:06:12,049 [Worker-96: Launching districtservice (16)] INFO  o.eclipse.m2e.core.internal.Bundles - getClasspathEntries(Bundle=jakarta.annotation-api_1.3.5 [31])
2026-04-12 22:06:12,049 [Worker-96: Launching districtservice (16)] INFO  o.eclipse.m2e.core.internal.Bundles - 	Entry: C:\Users\hp\.p2\pool\plugins\jakarta.annotation-api_1.3.5.jar
2026-04-12 22:06:12,050 [Worker-96: Launching districtservice (16)] INFO  o.eclipse.m2e.core.internal.Bundles - getClasspathEntries(Bundle=org.apache.commons.cli_1.11.0 [83])
2026-04-12 22:06:12,050 [Worker-96: Launching districtservice (16)] INFO  o.eclipse.m2e.core.internal.Bundles - 	Entry: C:\Users\hp\.p2\pool\plugins\org.apache.commons.cli_1.11.0.jar
2026-04-12 22:06:12,050 [Worker-96: Launching districtservice (16)] INFO  o.eclipse.m2e.core.internal.Bundles - getClasspathEntries(Bundle=org.apache.commons.commons-codec_1.21.0 [85])
2026-04-12 22:06:12,051 [Worker-96: Launching districtservice (16)] INFO  o.eclipse.m2e.core.internal.Bundles - 	Entry: C:\Users\hp\.p2\pool\plugins\org.apache.commons.commons-codec_1.21.0.jar
2026-04-12 22:06:12,051 [Worker-96: Launching districtservice (16)] INFO  o.eclipse.m2e.core.internal.Bundles - getClasspathEntries(Bundle=com.google.guava.failureaccess_1.0.3 [19])
2026-04-12 22:06:12,051 [Worker-96: Launching districtservice (16)] INFO  o.eclipse.m2e.core.internal.Bundles - 	Entry: C:\Users\hp\.p2\pool\plugins\com.google.guava.failureaccess_1.0.3.jar
2026-04-12 22:06:12,053 [Worker-96: Launching districtservice (16)] INFO  o.e.m.i.launch.MavenLaunchDelegate - Run build in "C:\Users\hp\Desktop\CMP404 Urban Flow Project\districtservice":
2026-04-12 22:06:12,053 [Worker-96: Launching districtservice (16)] INFO  o.e.m.i.launch.MavenLaunchDelegate -  mvn  -B -Dstyle.color=always azure-webapp:deploy
2026-04-12 22:06:58,275 [main] INFO  o.e.m2e.actions.ExecutePomAction - Creating new launch configuration
2026-04-12 22:07:09,756 [Worker-96: Launching districtservice (17)] INFO  o.eclipse.m2e.core.internal.Bundles - getClasspathEntries(Bundle=org.eclipse.m2e.maven.runtime_3.9.1200.20260112-2306 [648])
2026-04-12 22:07:09,756 [Worker-96: Launching districtservice (17)] INFO  o.eclipse.m2e.core.internal.Bundles - 	Entry: C:\Users\hp\.p2\pool\plugins\org.eclipse.m2e.maven.runtime_3.9.1200.20260112-2306
2026-04-12 22:07:09,757 [Worker-96: Launching districtservice (17)] INFO  o.eclipse.m2e.core.internal.Bundles - 	Entry: C:\Users\hp\.p2\pool\plugins\org.eclipse.m2e.maven.runtime_3.9.1200.20260112-2306\jars\aopalliance-1.0.jar
2026-04-12 22:07:09,757 [Worker-96: Launching districtservice (17)] INFO  o.eclipse.m2e.core.internal.Bundles - 	Entry: C:\Users\hp\.p2\pool\plugins\org.eclipse.m2e.maven.runtime_3.9.1200.20260112-2306\jars\asm-9.9.jar
2026-04-12 22:07:09,757 [Worker-96: Launching districtservice (17)] INFO  o.eclipse.m2e.core.internal.Bundles - 	Entry: C:\Users\hp\.p2\pool\plugins\org.eclipse.m2e.maven.runtime_3.9.1200.20260112-2306\jars\error_prone_annotations-2.41.0.jar
2026-04-12 22:07:09,757 [Worker-96: Launching districtservice (17)] INFO  o.eclipse.m2e.core.internal.Bundles - 	Entry: C:\Users\hp\.p2\pool\plugins\org.eclipse.m2e.maven.runtime_3.9.1200.20260112-2306\jars\gson-2.13.2.jar
2026-04-12 22:07:09,757 [Worker-96: Launching districtservice (17)] INFO  o.eclipse.m2e.core.internal.Bundles - 	Entry: C:\Users\hp\.p2\pool\plugins\org.eclipse.m2e.maven.runtime_3.9.1200.20260112-2306\jars\guice-5.1.0-classes.jar
2026-04-12 22:07:09,757 [Worker-96: Launching districtservice (17)] INFO  o.eclipse.m2e.core.internal.Bundles - 	Entry: C:\Users\hp\.p2\pool\plugins\org.eclipse.m2e.maven.runtime_3.9.1200.20260112-2306\jars\httpclient-4.5.14.jar
2026-04-12 22:07:09,757 [Worker-96: Launching districtservice (17)] INFO  o.eclipse.m2e.core.internal.Bundles - 	Entry: C:\Users\hp\.p2\pool\plugins\org.eclipse.m2e.maven.runtime_3.9.1200.20260112-2306\jars\httpcore-4.4.16.jar
2026-04-12 22:07:09,757 [Worker-96: Launching districtservice (17)] INFO  o.eclipse.m2e.core.internal.Bundles - 	Entry: C:\Users\hp\.p2\pool\plugins\org.eclipse.m2e.maven.runtime_3.9.1200.20260112-2306\jars\jansi-2.4.2.jar
2026-04-12 22:07:09,757 [Worker-96: Launching districtservice (17)] INFO  o.eclipse.m2e.core.internal.Bundles - 	Entry: C:\Users\hp\.p2\pool\plugins\org.eclipse.m2e.maven.runtime_3.9.1200.20260112-2306\jars\jcl-over-slf4j-1.7.36.jar
2026-04-12 22:07:09,757 [Worker-96: Launching districtservice (17)] INFO  o.eclipse.m2e.core.internal.Bundles - 	Entry: C:\Users\hp\.p2\pool\plugins\org.eclipse.m2e.maven.runtime_3.9.1200.20260112-2306\jars\maven-artifact-3.9.12.jar
2026-04-12 22:07:09,758 [Worker-96: Launching districtservice (17)] INFO  o.eclipse.m2e.core.internal.Bundles - 	Entry: C:\Users\hp\.p2\pool\plugins\org.eclipse.m2e.maven.runtime_3.9.1200.20260112-2306\jars\maven-builder-support-3.9.12.jar
2026-04-12 22:07:09,758 [Worker-96: Launching districtservice (17)] INFO  o.eclipse.m2e.core.internal.Bundles - 	Entry: C:\Users\hp\.p2\pool\plugins\org.eclipse.m2e.maven.runtime_3.9.1200.20260112-2306\jars\maven-compat-3.9.12.jar
2026-04-12 22:07:09,758 [Worker-96: Launching districtservice (17)] INFO  o.eclipse.m2e.core.internal.Bundles - 	Entry: C:\Users\hp\.p2\pool\plugins\org.eclipse.m2e.maven.runtime_3.9.1200.20260112-2306\jars\maven-core-3.9.12.jar
2026-04-12 22:07:09,758 [Worker-96: Launching districtservice (17)] INFO  o.eclipse.m2e.core.internal.Bundles - 	Entry: C:\Users\hp\.p2\pool\plugins\org.eclipse.m2e.maven.runtime_3.9.1200.20260112-2306\jars\maven-embedder-3.9.12.jar
2026-04-12 22:07:09,758 [Worker-96: Launching districtservice (17)] INFO  o.eclipse.m2e.core.internal.Bundles - 	Entry: C:\Users\hp\.p2\pool\plugins\org.eclipse.m2e.maven.runtime_3.9.1200.20260112-2306\jars\maven-model-3.9.12.jar
2026-04-12 22:07:09,758 [Worker-96: Launching districtservice (17)] INFO  o.eclipse.m2e.core.internal.Bundles - 	Entry: C:\Users\hp\.p2\pool\plugins\org.eclipse.m2e.maven.runtime_3.9.1200.20260112-2306\jars\maven-model-builder-3.9.12.jar
2026-04-12 22:07:09,758 [Worker-96: Launching districtservice (17)] INFO  o.eclipse.m2e.core.internal.Bundles - 	Entry: C:\Users\hp\.p2\pool\plugins\org.eclipse.m2e.maven.runtime_3.9.1200.20260112-2306\jars\maven-plugin-api-3.9.12.jar
2026-04-12 22:07:09,758 [Worker-96: Launching districtservice (17)] INFO  o.eclipse.m2e.core.internal.Bundles - 	Entry: C:\Users\hp\.p2\pool\plugins\org.eclipse.m2e.maven.runtime_3.9.1200.20260112-2306\jars\maven-repository-metadata-3.9.12.jar
2026-04-12 22:07:09,758 [Worker-96: Launching districtservice (17)] INFO  o.eclipse.m2e.core.internal.Bundles - 	Entry: C:\Users\hp\.p2\pool\plugins\org.eclipse.m2e.maven.runtime_3.9.1200.20260112-2306\jars\maven-resolver-api-1.9.25.jar
2026-04-12 22:07:09,758 [Worker-96: Launching districtservice (17)] INFO  o.eclipse.m2e.core.internal.Bundles - 	Entry: C:\Users\hp\.p2\pool\plugins\org.eclipse.m2e.maven.runtime_3.9.1200.20260112-2306\jars\maven-resolver-connector-basic-1.9.25.jar
2026-04-12 22:07:09,758 [Worker-96: Launching districtservice (17)] INFO  o.eclipse.m2e.core.internal.Bundles - 	Entry: C:\Users\hp\.p2\pool\plugins\org.eclipse.m2e.maven.runtime_3.9.1200.20260112-2306\jars\maven-resolver-impl-1.9.25.jar
2026-04-12 22:07:09,758 [Worker-96: Launching districtservice (17)] INFO  o.eclipse.m2e.core.internal.Bundles - 	Entry: C:\Users\hp\.p2\pool\plugins\org.eclipse.m2e.maven.runtime_3.9.1200.20260112-2306\jars\maven-resolver-named-locks-1.9.25.jar
2026-04-12 22:07:09,759 [Worker-96: Launching districtservice (17)] INFO  o.eclipse.m2e.core.internal.Bundles - 	Entry: C:\Users\hp\.p2\pool\plugins\org.eclipse.m2e.maven.runtime_3.9.1200.20260112-2306\jars\maven-resolver-provider-3.9.12.jar
2026-04-12 22:07:09,759 [Worker-96: Launching districtservice (17)] INFO  o.eclipse.m2e.core.internal.Bundles - 	Entry: C:\Users\hp\.p2\pool\plugins\org.eclipse.m2e.maven.runtime_3.9.1200.20260112-2306\jars\maven-resolver-spi-1.9.25.jar
2026-04-12 22:07:09,759 [Worker-96: Launching districtservice (17)] INFO  o.eclipse.m2e.core.internal.Bundles - 	Entry: C:\Users\hp\.p2\pool\plugins\org.eclipse.m2e.maven.runtime_3.9.1200.20260112-2306\jars\maven-resolver-transport-file-1.9.25.jar
2026-04-12 22:07:09,759 [Worker-96: Launching districtservice (17)] INFO  o.eclipse.m2e.core.internal.Bundles - 	Entry: C:\Users\hp\.p2\pool\plugins\org.eclipse.m2e.maven.runtime_3.9.1200.20260112-2306\jars\maven-resolver-transport-http-1.9.25.jar
2026-04-12 22:07:09,759 [Worker-96: Launching districtservice (17)] INFO  o.eclipse.m2e.core.internal.Bundles - 	Entry: C:\Users\hp\.p2\pool\plugins\org.eclipse.m2e.maven.runtime_3.9.1200.20260112-2306\jars\maven-resolver-transport-wagon-1.9.25.jar
2026-04-12 22:07:09,759 [Worker-96: Launching districtservice (17)] INFO  o.eclipse.m2e.core.internal.Bundles - 	Entry: C:\Users\hp\.p2\pool\plugins\org.eclipse.m2e.maven.runtime_3.9.1200.20260112-2306\jars\maven-resolver-util-1.9.25.jar
2026-04-12 22:07:09,759 [Worker-96: Launching districtservice (17)] INFO  o.eclipse.m2e.core.internal.Bundles - 	Entry: C:\Users\hp\.p2\pool\plugins\org.eclipse.m2e.maven.runtime_3.9.1200.20260112-2306\jars\maven-settings-3.9.12.jar
2026-04-12 22:07:09,759 [Worker-96: Launching districtservice (17)] INFO  o.eclipse.m2e.core.internal.Bundles - 	Entry: C:\Users\hp\.p2\pool\plugins\org.eclipse.m2e.maven.runtime_3.9.1200.20260112-2306\jars\maven-settings-builder-3.9.12.jar
2026-04-12 22:07:09,759 [Worker-96: Launching districtservice (17)] INFO  o.eclipse.m2e.core.internal.Bundles - 	Entry: C:\Users\hp\.p2\pool\plugins\org.eclipse.m2e.maven.runtime_3.9.1200.20260112-2306\jars\maven-shared-utils-3.4.2.jar
2026-04-12 22:07:09,760 [Worker-96: Launching districtservice (17)] INFO  o.eclipse.m2e.core.internal.Bundles - 	Entry: C:\Users\hp\.p2\pool\plugins\org.eclipse.m2e.maven.runtime_3.9.1200.20260112-2306\jars\org.eclipse.sisu.inject-0.9.0.M4.jar
2026-04-12 22:07:09,760 [Worker-96: Launching districtservice (17)] INFO  o.eclipse.m2e.core.internal.Bundles - 	Entry: C:\Users\hp\.p2\pool\plugins\org.eclipse.m2e.maven.runtime_3.9.1200.20260112-2306\jars\org.eclipse.sisu.plexus-0.9.0.M4.jar
2026-04-12 22:07:09,760 [Worker-96: Launching districtservice (17)] INFO  o.eclipse.m2e.core.internal.Bundles - 	Entry: C:\Users\hp\.p2\pool\plugins\org.eclipse.m2e.maven.runtime_3.9.1200.20260112-2306\jars\plexus-build-api-0.0.7.jar
2026-04-12 22:07:09,760 [Worker-96: Launching districtservice (17)] INFO  o.eclipse.m2e.core.internal.Bundles - 	Entry: C:\Users\hp\.p2\pool\plugins\org.eclipse.m2e.maven.runtime_3.9.1200.20260112-2306\jars\plexus-build-api-1.2.0.jar
2026-04-12 22:07:09,760 [Worker-96: Launching districtservice (17)] INFO  o.eclipse.m2e.core.internal.Bundles - 	Entry: C:\Users\hp\.p2\pool\plugins\org.eclipse.m2e.maven.runtime_3.9.1200.20260112-2306\jars\plexus-cipher-2.0.jar
2026-04-12 22:07:09,760 [Worker-96: Launching districtservice (17)] INFO  o.eclipse.m2e.core.internal.Bundles - 	Entry: C:\Users\hp\.p2\pool\plugins\org.eclipse.m2e.maven.runtime_3.9.1200.20260112-2306\jars\plexus-classworlds-2.9.0.jar
2026-04-12 22:07:09,760 [Worker-96: Launching districtservice (17)] INFO  o.eclipse.m2e.core.internal.Bundles - 	Entry: C:\Users\hp\.p2\pool\plugins\org.eclipse.m2e.maven.runtime_3.9.1200.20260112-2306\jars\plexus-component-annotations-2.2.0.jar
2026-04-12 22:07:09,760 [Worker-96: Launching districtservice (17)] INFO  o.eclipse.m2e.core.internal.Bundles - 	Entry: C:\Users\hp\.p2\pool\plugins\org.eclipse.m2e.maven.runtime_3.9.1200.20260112-2306\jars\plexus-interpolation-1.29.jar
2026-04-12 22:07:09,760 [Worker-96: Launching districtservice (17)] INFO  o.eclipse.m2e.core.internal.Bundles - 	Entry: C:\Users\hp\.p2\pool\plugins\org.eclipse.m2e.maven.runtime_3.9.1200.20260112-2306\jars\plexus-sec-dispatcher-2.0.jar
2026-04-12 22:07:09,760 [Worker-96: Launching districtservice (17)] INFO  o.eclipse.m2e.core.internal.Bundles - 	Entry: C:\Users\hp\.p2\pool\plugins\org.eclipse.m2e.maven.runtime_3.9.1200.20260112-2306\jars\plexus-utils-3.6.0.jar
2026-04-12 22:07:09,760 [Worker-96: Launching districtservice (17)] INFO  o.eclipse.m2e.core.internal.Bundles - 	Entry: C:\Users\hp\.p2\pool\plugins\org.eclipse.m2e.maven.runtime_3.9.1200.20260112-2306\jars\wagon-file-3.5.3.jar
2026-04-12 22:07:09,761 [Worker-96: Launching districtservice (17)] INFO  o.eclipse.m2e.core.internal.Bundles - 	Entry: C:\Users\hp\.p2\pool\plugins\org.eclipse.m2e.maven.runtime_3.9.1200.20260112-2306\jars\wagon-http-3.5.3.jar
2026-04-12 22:07:09,761 [Worker-96: Launching districtservice (17)] INFO  o.eclipse.m2e.core.internal.Bundles - 	Entry: C:\Users\hp\.p2\pool\plugins\org.eclipse.m2e.maven.runtime_3.9.1200.20260112-2306\jars\wagon-http-shared-3.5.3.jar
2026-04-12 22:07:09,761 [Worker-96: Launching districtservice (17)] INFO  o.eclipse.m2e.core.internal.Bundles - 	Entry: C:\Users\hp\.p2\pool\plugins\org.eclipse.m2e.maven.runtime_3.9.1200.20260112-2306\jars\wagon-provider-api-3.5.3.jar
2026-04-12 22:07:09,761 [Worker-96: Launching districtservice (17)] INFO  o.eclipse.m2e.core.internal.Bundles - getClasspathEntries(Bundle=com.google.guava_33.5.0.jre [18])
2026-04-12 22:07:09,762 [Worker-96: Launching districtservice (17)] INFO  o.eclipse.m2e.core.internal.Bundles - 	Entry: C:\Users\hp\.p2\pool\plugins\com.google.guava_33.5.0.jre.jar
2026-04-12 22:07:09,762 [Worker-96: Launching districtservice (17)] INFO  o.eclipse.m2e.core.internal.Bundles - getClasspathEntries(Bundle=slf4j.api_2.0.17 [1013])
2026-04-12 22:07:09,762 [Worker-96: Launching districtservice (17)] INFO  o.eclipse.m2e.core.internal.Bundles - 	Entry: C:\Users\hp\.p2\pool\plugins\slf4j.api_2.0.17.jar
2026-04-12 22:07:09,762 [Worker-96: Launching districtservice (17)] INFO  o.eclipse.m2e.core.internal.Bundles - getClasspathEntries(Bundle=jakarta.inject.jakarta.inject-api_1.0.5 [35])
2026-04-12 22:07:09,763 [Worker-96: Launching districtservice (17)] INFO  o.eclipse.m2e.core.internal.Bundles - 	Entry: C:\Users\hp\.p2\pool\plugins\jakarta.inject.jakarta.inject-api_1.0.5.jar
2026-04-12 22:07:09,763 [Worker-96: Launching districtservice (17)] INFO  o.eclipse.m2e.core.internal.Bundles - getClasspathEntries(Bundle=jakarta.annotation-api_1.3.5 [31])
2026-04-12 22:07:09,763 [Worker-96: Launching districtservice (17)] INFO  o.eclipse.m2e.core.internal.Bundles - 	Entry: C:\Users\hp\.p2\pool\plugins\jakarta.annotation-api_1.3.5.jar
2026-04-12 22:07:09,763 [Worker-96: Launching districtservice (17)] INFO  o.eclipse.m2e.core.internal.Bundles - getClasspathEntries(Bundle=org.apache.commons.cli_1.11.0 [83])
2026-04-12 22:07:09,763 [Worker-96: Launching districtservice (17)] INFO  o.eclipse.m2e.core.internal.Bundles - 	Entry: C:\Users\hp\.p2\pool\plugins\org.apache.commons.cli_1.11.0.jar
2026-04-12 22:07:09,763 [Worker-96: Launching districtservice (17)] INFO  o.eclipse.m2e.core.internal.Bundles - getClasspathEntries(Bundle=org.apache.commons.commons-codec_1.21.0 [85])
2026-04-12 22:07:09,764 [Worker-96: Launching districtservice (17)] INFO  o.eclipse.m2e.core.internal.Bundles - 	Entry: C:\Users\hp\.p2\pool\plugins\org.apache.commons.commons-codec_1.21.0.jar
2026-04-12 22:07:09,764 [Worker-96: Launching districtservice (17)] INFO  o.eclipse.m2e.core.internal.Bundles - getClasspathEntries(Bundle=com.google.guava.failureaccess_1.0.3 [19])
2026-04-12 22:07:09,764 [Worker-96: Launching districtservice (17)] INFO  o.eclipse.m2e.core.internal.Bundles - 	Entry: C:\Users\hp\.p2\pool\plugins\com.google.guava.failureaccess_1.0.3.jar
2026-04-12 22:07:09,765 [Worker-96: Launching districtservice (17)] INFO  o.e.m.i.launch.MavenLaunchDelegate - Run build in "C:\Users\hp\Desktop\CMP404 Urban Flow Project\districtservice":
2026-04-12 22:07:09,765 [Worker-96: Launching districtservice (17)] INFO  o.e.m.i.launch.MavenLaunchDelegate -  mvn  -B -Dstyle.color=always azure-webapp:deploy
2026-04-12 22:07:46,145 [Worker-102: Searching...] INFO  o.eclipse.m2e.core.internal.Bundles - getClasspathEntries(Bundle=org.eclipse.m2e.workspace.cli_0.4.0 [660])
2026-04-12 22:07:46,146 [Worker-102: Searching...] INFO  o.eclipse.m2e.core.internal.Bundles - 	Entry: C:\Users\hp\.p2\pool\plugins\org.eclipse.m2e.workspace.cli_0.4.0.jar
2026-04-12 22:07:46,755 [Worker-102: Searching...] INFO  o.e.m.c.i.e.AbstractTransferListenerAdapter - Downloading https://repo.maven.apache.org/maven2/io/takari/m2e/workspace/org.eclipse.m2e.workspace.cli/0.4.0/org.eclipse.m2e.workspace.cli-0.4.0-sources.jar
2026-04-12 22:07:46,782 [Worker-102: Searching...] INFO  o.e.m.c.i.e.AbstractTransferListenerAdapter - Downloaded https://repo.maven.apache.org/maven2/io/takari/m2e/workspace/org.eclipse.m2e.workspace.cli/0.4.0/org.eclipse.m2e.workspace.cli-0.4.0-sources.jar
2026-04-12 22:07:46,791 [Worker-102: Searching...] INFO  o.eclipse.m2e.core.internal.Bundles - getClasspathEntries(Bundle=org.eclipse.m2e.maven.runtime_3.9.1200.20260112-2306 [648])
2026-04-12 22:07:46,792 [Worker-102: Searching...] INFO  o.eclipse.m2e.core.internal.Bundles - 	Entry: C:\Users\hp\.p2\pool\plugins\org.eclipse.m2e.maven.runtime_3.9.1200.20260112-2306
2026-04-12 22:07:46,792 [Worker-102: Searching...] INFO  o.eclipse.m2e.core.internal.Bundles - 	Entry: C:\Users\hp\.p2\pool\plugins\org.eclipse.m2e.maven.runtime_3.9.1200.20260112-2306\jars\aopalliance-1.0.jar
2026-04-12 22:07:46,792 [Worker-102: Searching...] INFO  o.eclipse.m2e.core.internal.Bundles - 	Entry: C:\Users\hp\.p2\pool\plugins\org.eclipse.m2e.maven.runtime_3.9.1200.20260112-2306\jars\asm-9.9.jar
2026-04-12 22:07:46,792 [Worker-102: Searching...] INFO  o.eclipse.m2e.core.internal.Bundles - 	Entry: C:\Users\hp\.p2\pool\plugins\org.eclipse.m2e.maven.runtime_3.9.1200.20260112-2306\jars\error_prone_annotations-2.41.0.jar
2026-04-12 22:07:46,792 [Worker-102: Searching...] INFO  o.eclipse.m2e.core.internal.Bundles - 	Entry: C:\Users\hp\.p2\pool\plugins\org.eclipse.m2e.maven.runtime_3.9.1200.20260112-2306\jars\gson-2.13.2.jar
2026-04-12 22:07:46,793 [Worker-102: Searching...] INFO  o.eclipse.m2e.core.internal.Bundles - 	Entry: C:\Users\hp\.p2\pool\plugins\org.eclipse.m2e.maven.runtime_3.9.1200.20260112-2306\jars\guice-5.1.0-classes.jar
2026-04-12 22:07:46,793 [Worker-102: Searching...] INFO  o.eclipse.m2e.core.internal.Bundles - 	Entry: C:\Users\hp\.p2\pool\plugins\org.eclipse.m2e.maven.runtime_3.9.1200.20260112-2306\jars\httpclient-4.5.14.jar
2026-04-12 22:07:46,793 [Worker-102: Searching...] INFO  o.eclipse.m2e.core.internal.Bundles - 	Entry: C:\Users\hp\.p2\pool\plugins\org.eclipse.m2e.maven.runtime_3.9.1200.20260112-2306\jars\httpcore-4.4.16.jar
2026-04-12 22:07:46,793 [Worker-102: Searching...] INFO  o.eclipse.m2e.core.internal.Bundles - 	Entry: C:\Users\hp\.p2\pool\plugins\org.eclipse.m2e.maven.runtime_3.9.1200.20260112-2306\jars\jansi-2.4.2.jar
2026-04-12 22:07:46,794 [Worker-102: Searching...] INFO  o.eclipse.m2e.core.internal.Bundles - 	Entry: C:\Users\hp\.p2\pool\plugins\org.eclipse.m2e.maven.runtime_3.9.1200.20260112-2306\jars\jcl-over-slf4j-1.7.36.jar
2026-04-12 22:07:46,794 [Worker-102: Searching...] INFO  o.eclipse.m2e.core.internal.Bundles - 	Entry: C:\Users\hp\.p2\pool\plugins\org.eclipse.m2e.maven.runtime_3.9.1200.20260112-2306\jars\maven-artifact-3.9.12.jar
2026-04-12 22:07:46,794 [Worker-102: Searching...] INFO  o.eclipse.m2e.core.internal.Bundles - 	Entry: C:\Users\hp\.p2\pool\plugins\org.eclipse.m2e.maven.runtime_3.9.1200.20260112-2306\jars\maven-builder-support-3.9.12.jar
2026-04-12 22:07:46,794 [Worker-102: Searching...] INFO  o.eclipse.m2e.core.internal.Bundles - 	Entry: C:\Users\hp\.p2\pool\plugins\org.eclipse.m2e.maven.runtime_3.9.1200.20260112-2306\jars\maven-compat-3.9.12.jar
2026-04-12 22:07:46,795 [Worker-102: Searching...] INFO  o.eclipse.m2e.core.internal.Bundles - 	Entry: C:\Users\hp\.p2\pool\plugins\org.eclipse.m2e.maven.runtime_3.9.1200.20260112-2306\jars\maven-core-3.9.12.jar
2026-04-12 22:07:46,795 [Worker-102: Searching...] INFO  o.eclipse.m2e.core.internal.Bundles - 	Entry: C:\Users\hp\.p2\pool\plugins\org.eclipse.m2e.maven.runtime_3.9.1200.20260112-2306\jars\maven-embedder-3.9.12.jar
2026-04-12 22:07:46,795 [Worker-102: Searching...] INFO  o.eclipse.m2e.core.internal.Bundles - 	Entry: C:\Users\hp\.p2\pool\plugins\org.eclipse.m2e.maven.runtime_3.9.1200.20260112-2306\jars\maven-model-3.9.12.jar
2026-04-12 22:07:46,795 [Worker-102: Searching...] INFO  o.eclipse.m2e.core.internal.Bundles - 	Entry: C:\Users\hp\.p2\pool\plugins\org.eclipse.m2e.maven.runtime_3.9.1200.20260112-2306\jars\maven-model-builder-3.9.12.jar
2026-04-12 22:07:46,795 [Worker-102: Searching...] INFO  o.eclipse.m2e.core.internal.Bundles - 	Entry: C:\Users\hp\.p2\pool\plugins\org.eclipse.m2e.maven.runtime_3.9.1200.20260112-2306\jars\maven-plugin-api-3.9.12.jar
2026-04-12 22:07:46,796 [Worker-102: Searching...] INFO  o.eclipse.m2e.core.internal.Bundles - 	Entry: C:\Users\hp\.p2\pool\plugins\org.eclipse.m2e.maven.runtime_3.9.1200.20260112-2306\jars\maven-repository-metadata-3.9.12.jar
2026-04-12 22:07:46,796 [Worker-102: Searching...] INFO  o.eclipse.m2e.core.internal.Bundles - 	Entry: C:\Users\hp\.p2\pool\plugins\org.eclipse.m2e.maven.runtime_3.9.1200.20260112-2306\jars\maven-resolver-api-1.9.25.jar
2026-04-12 22:07:46,796 [Worker-102: Searching...] INFO  o.eclipse.m2e.core.internal.Bundles - 	Entry: C:\Users\hp\.p2\pool\plugins\org.eclipse.m2e.maven.runtime_3.9.1200.20260112-2306\jars\maven-resolver-connector-basic-1.9.25.jar
2026-04-12 22:07:46,796 [Worker-102: Searching...] INFO  o.eclipse.m2e.core.internal.Bundles - 	Entry: C:\Users\hp\.p2\pool\plugins\org.eclipse.m2e.maven.runtime_3.9.1200.20260112-2306\jars\maven-resolver-impl-1.9.25.jar
2026-04-12 22:07:46,796 [Worker-102: Searching...] INFO  o.eclipse.m2e.core.internal.Bundles - 	Entry: C:\Users\hp\.p2\pool\plugins\org.eclipse.m2e.maven.runtime_3.9.1200.20260112-2306\jars\maven-resolver-named-locks-1.9.25.jar
2026-04-12 22:07:46,797 [Worker-102: Searching...] INFO  o.eclipse.m2e.core.internal.Bundles - 	Entry: C:\Users\hp\.p2\pool\plugins\org.eclipse.m2e.maven.runtime_3.9.1200.20260112-2306\jars\maven-resolver-provider-3.9.12.jar
2026-04-12 22:07:46,797 [Worker-102: Searching...] INFO  o.eclipse.m2e.core.internal.Bundles - 	Entry: C:\Users\hp\.p2\pool\plugins\org.eclipse.m2e.maven.runtime_3.9.1200.20260112-2306\jars\maven-resolver-spi-1.9.25.jar
2026-04-12 22:07:46,797 [Worker-102: Searching...] INFO  o.eclipse.m2e.core.internal.Bundles - 	Entry: C:\Users\hp\.p2\pool\plugins\org.eclipse.m2e.maven.runtime_3.9.1200.20260112-2306\jars\maven-resolver-transport-file-1.9.25.jar
2026-04-12 22:07:46,797 [Worker-102: Searching...] INFO  o.eclipse.m2e.core.internal.Bundles - 	Entry: C:\Users\hp\.p2\pool\plugins\org.eclipse.m2e.maven.runtime_3.9.1200.20260112-2306\jars\maven-resolver-transport-http-1.9.25.jar
2026-04-12 22:07:46,797 [Worker-102: Searching...] INFO  o.eclipse.m2e.core.internal.Bundles - 	Entry: C:\Users\hp\.p2\pool\plugins\org.eclipse.m2e.maven.runtime_3.9.1200.20260112-2306\jars\maven-resolver-transport-wagon-1.9.25.jar
2026-04-12 22:07:46,797 [Worker-102: Searching...] INFO  o.eclipse.m2e.core.internal.Bundles - 	Entry: C:\Users\hp\.p2\pool\plugins\org.eclipse.m2e.maven.runtime_3.9.1200.20260112-2306\jars\maven-resolver-util-1.9.25.jar
2026-04-12 22:07:46,797 [Worker-102: Searching...] INFO  o.eclipse.m2e.core.internal.Bundles - 	Entry: C:\Users\hp\.p2\pool\plugins\org.eclipse.m2e.maven.runtime_3.9.1200.20260112-2306\jars\maven-settings-3.9.12.jar
2026-04-12 22:07:46,798 [Worker-102: Searching...] INFO  o.eclipse.m2e.core.internal.Bundles - 	Entry: C:\Users\hp\.p2\pool\plugins\org.eclipse.m2e.maven.runtime_3.9.1200.20260112-2306\jars\maven-settings-builder-3.9.12.jar
2026-04-12 22:07:46,798 [Worker-102: Searching...] INFO  o.eclipse.m2e.core.internal.Bundles - 	Entry: C:\Users\hp\.p2\pool\plugins\org.eclipse.m2e.maven.runtime_3.9.1200.20260112-2306\jars\maven-shared-utils-3.4.2.jar
2026-04-12 22:07:46,798 [Worker-102: Searching...] INFO  o.eclipse.m2e.core.internal.Bundles - 	Entry: C:\Users\hp\.p2\pool\plugins\org.eclipse.m2e.maven.runtime_3.9.1200.20260112-2306\jars\org.eclipse.sisu.inject-0.9.0.M4.jar
2026-04-12 22:07:46,798 [Worker-102: Searching...] INFO  o.eclipse.m2e.core.internal.Bundles - 	Entry: C:\Users\hp\.p2\pool\plugins\org.eclipse.m2e.maven.runtime_3.9.1200.20260112-2306\jars\org.eclipse.sisu.plexus-0.9.0.M4.jar
2026-04-12 22:07:46,798 [Worker-102: Searching...] INFO  o.eclipse.m2e.core.internal.Bundles - 	Entry: C:\Users\hp\.p2\pool\plugins\org.eclipse.m2e.maven.runtime_3.9.1200.20260112-2306\jars\plexus-build-api-0.0.7.jar
2026-04-12 22:07:46,798 [Worker-102: Searching...] INFO  o.eclipse.m2e.core.internal.Bundles - 	Entry: C:\Users\hp\.p2\pool\plugins\org.eclipse.m2e.maven.runtime_3.9.1200.20260112-2306\jars\plexus-build-api-1.2.0.jar
2026-04-12 22:07:46,799 [Worker-102: Searching...] INFO  o.eclipse.m2e.core.internal.Bundles - 	Entry: C:\Users\hp\.p2\pool\plugins\org.eclipse.m2e.maven.runtime_3.9.1200.20260112-2306\jars\plexus-cipher-2.0.jar
2026-04-12 22:07:46,799 [Worker-102: Searching...] INFO  o.eclipse.m2e.core.internal.Bundles - 	Entry: C:\Users\hp\.p2\pool\plugins\org.eclipse.m2e.maven.runtime_3.9.1200.20260112-2306\jars\plexus-classworlds-2.9.0.jar
2026-04-12 22:07:46,799 [Worker-102: Searching...] INFO  o.eclipse.m2e.core.internal.Bundles - 	Entry: C:\Users\hp\.p2\pool\plugins\org.eclipse.m2e.maven.runtime_3.9.1200.20260112-2306\jars\plexus-component-annotations-2.2.0.jar
2026-04-12 22:07:46,799 [Worker-102: Searching...] INFO  o.eclipse.m2e.core.internal.Bundles - 	Entry: C:\Users\hp\.p2\pool\plugins\org.eclipse.m2e.maven.runtime_3.9.1200.20260112-2306\jars\plexus-interpolation-1.29.jar
2026-04-12 22:07:46,799 [Worker-102: Searching...] INFO  o.eclipse.m2e.core.internal.Bundles - 	Entry: C:\Users\hp\.p2\pool\plugins\org.eclipse.m2e.maven.runtime_3.9.1200.20260112-2306\jars\plexus-sec-dispatcher-2.0.jar
2026-04-12 22:07:46,800 [Worker-102: Searching...] INFO  o.eclipse.m2e.core.internal.Bundles - 	Entry: C:\Users\hp\.p2\pool\plugins\org.eclipse.m2e.maven.runtime_3.9.1200.20260112-2306\jars\plexus-utils-3.6.0.jar
2026-04-12 22:07:46,800 [Worker-102: Searching...] INFO  o.eclipse.m2e.core.internal.Bundles - 	Entry: C:\Users\hp\.p2\pool\plugins\org.eclipse.m2e.maven.runtime_3.9.1200.20260112-2306\jars\wagon-file-3.5.3.jar
2026-04-12 22:07:46,800 [Worker-102: Searching...] INFO  o.eclipse.m2e.core.internal.Bundles - 	Entry: C:\Users\hp\.p2\pool\plugins\org.eclipse.m2e.maven.runtime_3.9.1200.20260112-2306\jars\wagon-http-3.5.3.jar
2026-04-12 22:07:46,800 [Worker-102: Searching...] INFO  o.eclipse.m2e.core.internal.Bundles - 	Entry: C:\Users\hp\.p2\pool\plugins\org.eclipse.m2e.maven.runtime_3.9.1200.20260112-2306\jars\wagon-http-shared-3.5.3.jar
2026-04-12 22:07:46,800 [Worker-102: Searching...] INFO  o.eclipse.m2e.core.internal.Bundles - 	Entry: C:\Users\hp\.p2\pool\plugins\org.eclipse.m2e.maven.runtime_3.9.1200.20260112-2306\jars\wagon-provider-api-3.5.3.jar
2026-04-12 22:07:46,801 [Worker-102: Searching...] INFO  o.eclipse.m2e.core.internal.Bundles - getClasspathEntries(Bundle=com.google.guava_33.5.0.jre [18])
2026-04-12 22:07:46,801 [Worker-102: Searching...] INFO  o.eclipse.m2e.core.internal.Bundles - 	Entry: C:\Users\hp\.p2\pool\plugins\com.google.guava_33.5.0.jre.jar
2026-04-12 22:07:46,801 [Worker-102: Searching...] INFO  o.eclipse.m2e.core.internal.Bundles - getClasspathEntries(Bundle=slf4j.api_2.0.17 [1013])
2026-04-12 22:07:46,802 [Worker-102: Searching...] INFO  o.eclipse.m2e.core.internal.Bundles - 	Entry: C:\Users\hp\.p2\pool\plugins\slf4j.api_2.0.17.jar
2026-04-12 22:07:46,802 [Worker-102: Searching...] INFO  o.eclipse.m2e.core.internal.Bundles - getClasspathEntries(Bundle=jakarta.inject.jakarta.inject-api_1.0.5 [35])
2026-04-12 22:07:46,802 [Worker-102: Searching...] INFO  o.eclipse.m2e.core.internal.Bundles - 	Entry: C:\Users\hp\.p2\pool\plugins\jakarta.inject.jakarta.inject-api_1.0.5.jar
2026-04-12 22:07:46,802 [Worker-102: Searching...] INFO  o.eclipse.m2e.core.internal.Bundles - getClasspathEntries(Bundle=jakarta.annotation-api_1.3.5 [31])
2026-04-12 22:07:46,803 [Worker-102: Searching...] INFO  o.eclipse.m2e.core.internal.Bundles - 	Entry: C:\Users\hp\.p2\pool\plugins\jakarta.annotation-api_1.3.5.jar
2026-04-12 22:07:46,803 [Worker-102: Searching...] INFO  o.eclipse.m2e.core.internal.Bundles - getClasspathEntries(Bundle=org.apache.commons.cli_1.11.0 [83])
2026-04-12 22:07:46,803 [Worker-102: Searching...] INFO  o.eclipse.m2e.core.internal.Bundles - 	Entry: C:\Users\hp\.p2\pool\plugins\org.apache.commons.cli_1.11.0.jar
2026-04-12 22:07:46,803 [Worker-102: Searching...] INFO  o.eclipse.m2e.core.internal.Bundles - getClasspathEntries(Bundle=org.apache.commons.commons-codec_1.21.0 [85])
2026-04-12 22:07:46,804 [Worker-102: Searching...] INFO  o.eclipse.m2e.core.internal.Bundles - 	Entry: C:\Users\hp\.p2\pool\plugins\org.apache.commons.commons-codec_1.21.0.jar
2026-04-12 22:07:46,804 [Worker-102: Searching...] INFO  o.eclipse.m2e.core.internal.Bundles - getClasspathEntries(Bundle=com.google.guava.failureaccess_1.0.3 [19])
2026-04-12 22:07:46,804 [Worker-102: Searching...] INFO  o.eclipse.m2e.core.internal.Bundles - 	Entry: C:\Users\hp\.p2\pool\plugins\com.google.guava.failureaccess_1.0.3.jar
2026-04-12 22:07:47,158 [Worker-102: Searching...] INFO  o.e.m.c.i.e.AbstractTransferListenerAdapter - Downloading https://repo.maven.apache.org/maven2/org/codehaus/plexus/plexus-classworlds/2.9.0/plexus-classworlds-2.9.0-sources.jar
2026-04-12 22:07:47,195 [Worker-102: Searching...] INFO  o.e.m.c.i.e.AbstractTransferListenerAdapter - Downloaded https://repo.maven.apache.org/maven2/org/codehaus/plexus/plexus-classworlds/2.9.0/plexus-classworlds-2.9.0-sources.jar
2026-04-12 22:07:47,356 [Worker-102: Searching...] INFO  o.e.m.c.i.e.AbstractTransferListenerAdapter - Downloading https://repo.maven.apache.org/maven2/com/google/errorprone/error_prone_annotations/2.41.0/error_prone_annotations-2.41.0-sources.jar
2026-04-12 22:07:47,368 [Worker-102: Searching...] INFO  o.e.m.c.i.e.AbstractTransferListenerAdapter - Downloaded https://repo.maven.apache.org/maven2/com/google/errorprone/error_prone_annotations/2.41.0/error_prone_annotations-2.41.0-sources.jar
2026-04-12 22:07:47,490 [Worker-102: Searching...] INFO  o.e.m.c.i.e.AbstractTransferListenerAdapter - Downloading https://repo.maven.apache.org/maven2/com/google/code/gson/gson/2.13.2/gson-2.13.2-sources.jar
2026-04-12 22:07:47,578 [Worker-102: Searching...] INFO  o.e.m.c.i.e.AbstractTransferListenerAdapter - Downloaded https://repo.maven.apache.org/maven2/com/google/code/gson/gson/2.13.2/gson-2.13.2-sources.jar
2026-04-12 22:07:47,669 [Worker-102: Searching...] INFO  o.e.m.c.i.e.AbstractTransferListenerAdapter - Downloading https://repo.maven.apache.org/maven2/org/apache/httpcomponents/httpclient/4.5.14/httpclient-4.5.14-sources.jar
2026-04-12 22:07:48,033 [Worker-102: Searching...] INFO  o.e.m.c.i.e.AbstractTransferListenerAdapter - Downloaded https://repo.maven.apache.org/maven2/org/apache/httpcomponents/httpclient/4.5.14/httpclient-4.5.14-sources.jar
2026-04-12 22:07:48,124 [Worker-102: Searching...] INFO  o.e.m.c.i.e.AbstractTransferListenerAdapter - Downloading https://repo.maven.apache.org/maven2/org/apache/httpcomponents/httpcore/4.4.16/httpcore-4.4.16-sources.jar
2026-04-12 22:07:48,308 [Worker-102: Searching...] INFO  o.e.m.c.i.e.AbstractTransferListenerAdapter - Downloaded https://repo.maven.apache.org/maven2/org/apache/httpcomponents/httpcore/4.4.16/httpcore-4.4.16-sources.jar
2026-04-12 22:07:48,657 [Worker-102: Searching...] INFO  o.e.m.c.i.e.AbstractTransferListenerAdapter - Downloading https://repo.maven.apache.org/maven2/org/fusesource/jansi/jansi/2.4.2/jansi-2.4.2-sources.jar
2026-04-12 22:07:48,757 [Worker-102: Searching...] INFO  o.e.m.c.i.e.AbstractTransferListenerAdapter - Downloaded https://repo.maven.apache.org/maven2/org/fusesource/jansi/jansi/2.4.2/jansi-2.4.2-sources.jar
2026-04-12 22:07:48,868 [Worker-102: Searching...] INFO  o.e.m.c.i.e.AbstractTransferListenerAdapter - Downloading https://repo.maven.apache.org/maven2/org/slf4j/jcl-over-slf4j/1.7.36/jcl-over-slf4j-1.7.36-sources.jar
2026-04-12 22:07:48,875 [Worker-102: Searching...] INFO  o.e.m.c.i.e.AbstractTransferListenerAdapter - Downloaded https://repo.maven.apache.org/maven2/org/slf4j/jcl-over-slf4j/1.7.36/jcl-over-slf4j-1.7.36-sources.jar
2026-04-12 22:07:49,225 [Worker-102: Searching...] INFO  o.e.m.c.i.e.AbstractTransferListenerAdapter - Downloading https://repo.maven.apache.org/maven2/org/apache/maven/maven-artifact/3.9.12/maven-artifact-3.9.12-sources.jar
2026-04-12 22:07:49,251 [Worker-102: Searching...] INFO  o.e.m.c.i.e.AbstractTransferListenerAdapter - Downloaded https://repo.maven.apache.org/maven2/org/apache/maven/maven-artifact/3.9.12/maven-artifact-3.9.12-sources.jar
2026-04-12 22:07:49,585 [Worker-102: Searching...] INFO  o.e.m.c.i.e.AbstractTransferListenerAdapter - Downloading https://repo.maven.apache.org/maven2/org/apache/maven/maven-builder-support/3.9.12/maven-builder-support-3.9.12-sources.jar
2026-04-12 22:07:49,606 [Worker-102: Searching...] INFO  o.e.m.c.i.e.AbstractTransferListenerAdapter - Downloaded https://repo.maven.apache.org/maven2/org/apache/maven/maven-builder-support/3.9.12/maven-builder-support-3.9.12-sources.jar
2026-04-12 22:07:49,948 [Worker-102: Searching...] INFO  o.e.m.c.i.e.AbstractTransferListenerAdapter - Downloading https://repo.maven.apache.org/maven2/org/apache/maven/maven-compat/3.9.12/maven-compat-3.9.12-sources.jar
2026-04-12 22:07:50,075 [Worker-102: Searching...] INFO  o.e.m.c.i.e.AbstractTransferListenerAdapter - Downloaded https://repo.maven.apache.org/maven2/org/apache/maven/maven-compat/3.9.12/maven-compat-3.9.12-sources.jar
2026-04-12 22:07:50,173 [Worker-102: Searching...] INFO  o.e.m.c.i.e.AbstractTransferListenerAdapter - Downloading https://repo.maven.apache.org/maven2/org/apache/maven/maven-core/3.9.12/maven-core-3.9.12-sources.jar
2026-04-12 22:07:50,412 [Worker-102: Searching...] INFO  o.e.m.c.i.e.AbstractTransferListenerAdapter - Downloaded https://repo.maven.apache.org/maven2/org/apache/maven/maven-core/3.9.12/maven-core-3.9.12-sources.jar
2026-04-12 22:07:50,747 [Worker-102: Searching...] INFO  o.e.m.c.i.e.AbstractTransferListenerAdapter - Downloading https://repo.maven.apache.org/maven2/org/apache/maven/maven-embedder/3.9.12/maven-embedder-3.9.12-sources.jar
2026-04-12 22:07:50,806 [Worker-102: Searching...] INFO  o.e.m.c.i.e.AbstractTransferListenerAdapter - Downloaded https://repo.maven.apache.org/maven2/org/apache/maven/maven-embedder/3.9.12/maven-embedder-3.9.12-sources.jar
2026-04-12 22:07:51,147 [Worker-102: Searching...] INFO  o.e.m.c.i.e.AbstractTransferListenerAdapter - Downloading https://repo.maven.apache.org/maven2/org/apache/maven/maven-model/3.9.12/maven-model-3.9.12-sources.jar
2026-04-12 22:07:51,214 [Worker-102: Searching...] INFO  o.e.m.c.i.e.AbstractTransferListenerAdapter - Downloaded https://repo.maven.apache.org/maven2/org/apache/maven/maven-model/3.9.12/maven-model-3.9.12-sources.jar
2026-04-12 22:07:51,304 [Worker-102: Searching...] INFO  o.e.m.c.i.e.AbstractTransferListenerAdapter - Downloading https://repo.maven.apache.org/maven2/org/apache/maven/maven-model-builder/3.9.12/maven-model-builder-3.9.12-sources.jar
2026-04-12 22:07:51,393 [Worker-102: Searching...] INFO  o.e.m.c.i.e.AbstractTransferListenerAdapter - Downloaded https://repo.maven.apache.org/maven2/org/apache/maven/maven-model-builder/3.9.12/maven-model-builder-3.9.12-sources.jar
2026-04-12 22:07:51,732 [Worker-102: Searching...] INFO  o.e.m.c.i.e.AbstractTransferListenerAdapter - Downloading https://repo.maven.apache.org/maven2/org/apache/maven/maven-plugin-api/3.9.12/maven-plugin-api-3.9.12-sources.jar
2026-04-12 22:07:51,749 [Worker-102: Searching...] INFO  o.e.m.c.i.e.AbstractTransferListenerAdapter - Downloaded https://repo.maven.apache.org/maven2/org/apache/maven/maven-plugin-api/3.9.12/maven-plugin-api-3.9.12-sources.jar
2026-04-12 22:07:52,099 [Worker-102: Searching...] INFO  o.e.m.c.i.e.AbstractTransferListenerAdapter - Downloading https://repo.maven.apache.org/maven2/org/apache/maven/maven-repository-metadata/3.9.12/maven-repository-metadata-3.9.12-sources.jar
2026-04-12 22:07:52,111 [Worker-102: Searching...] INFO  o.e.m.c.i.e.AbstractTransferListenerAdapter - Downloaded https://repo.maven.apache.org/maven2/org/apache/maven/maven-repository-metadata/3.9.12/maven-repository-metadata-3.9.12-sources.jar
2026-04-12 22:07:52,207 [Worker-102: Searching...] INFO  o.e.m.c.i.e.AbstractTransferListenerAdapter - Downloading https://repo.maven.apache.org/maven2/org/apache/maven/resolver/maven-resolver-api/1.9.25/maven-resolver-api-1.9.25-sources.jar
2026-04-12 22:07:52,309 [Worker-102: Searching...] INFO  o.e.m.c.i.e.AbstractTransferListenerAdapter - Downloaded https://repo.maven.apache.org/maven2/org/apache/maven/resolver/maven-resolver-api/1.9.25/maven-resolver-api-1.9.25-sources.jar
2026-04-12 22:07:52,650 [Worker-102: Searching...] INFO  o.e.m.c.i.e.AbstractTransferListenerAdapter - Downloading https://repo.maven.apache.org/maven2/org/apache/maven/resolver/maven-resolver-connector-basic/1.9.25/maven-resolver-connector-basic-1.9.25-sources.jar
2026-04-12 22:07:52,680 [Worker-102: Searching...] INFO  o.e.m.c.i.e.AbstractTransferListenerAdapter - Downloaded https://repo.maven.apache.org/maven2/org/apache/maven/resolver/maven-resolver-connector-basic/1.9.25/maven-resolver-connector-basic-1.9.25-sources.jar
2026-04-12 22:07:52,768 [Worker-102: Searching...] INFO  o.e.m.c.i.e.AbstractTransferListenerAdapter - Downloading https://repo.maven.apache.org/maven2/org/apache/maven/resolver/maven-resolver-impl/1.9.25/maven-resolver-impl-1.9.25-sources.jar
2026-04-12 22:07:52,854 [Worker-102: Searching...] INFO  o.e.m.c.i.e.AbstractTransferListenerAdapter - Downloaded https://repo.maven.apache.org/maven2/org/apache/maven/resolver/maven-resolver-impl/1.9.25/maven-resolver-impl-1.9.25-sources.jar
2026-04-12 22:07:53,218 [Worker-102: Searching...] INFO  o.e.m.c.i.e.AbstractTransferListenerAdapter - Downloading https://repo.maven.apache.org/maven2/org/apache/maven/resolver/maven-resolver-named-locks/1.9.25/maven-resolver-named-locks-1.9.25-sources.jar
2026-04-12 22:07:53,227 [Worker-102: Searching...] INFO  o.e.m.c.i.e.AbstractTransferListenerAdapter - Downloaded https://repo.maven.apache.org/maven2/org/apache/maven/resolver/maven-resolver-named-locks/1.9.25/maven-resolver-named-locks-1.9.25-sources.jar
2026-04-12 22:07:53,597 [Worker-102: Searching...] INFO  o.e.m.c.i.e.AbstractTransferListenerAdapter - Downloading https://repo.maven.apache.org/maven2/org/apache/maven/maven-resolver-provider/3.9.12/maven-resolver-provider-3.9.12-sources.jar
2026-04-12 22:07:53,602 [Worker-102: Searching...] INFO  o.e.m.c.i.e.AbstractTransferListenerAdapter - Downloaded https://repo.maven.apache.org/maven2/org/apache/maven/maven-resolver-provider/3.9.12/maven-resolver-provider-3.9.12-sources.jar
2026-04-12 22:07:53,711 [Worker-102: Searching...] INFO  o.e.m.c.i.e.AbstractTransferListenerAdapter - Downloading https://repo.maven.apache.org/maven2/org/apache/maven/resolver/maven-resolver-spi/1.9.25/maven-resolver-spi-1.9.25-sources.jar
2026-04-12 22:07:53,738 [Worker-102: Searching...] INFO  o.e.m.c.i.e.AbstractTransferListenerAdapter - Downloaded https://repo.maven.apache.org/maven2/org/apache/maven/resolver/maven-resolver-spi/1.9.25/maven-resolver-spi-1.9.25-sources.jar
2026-04-12 22:07:53,833 [Worker-102: Searching...] INFO  o.e.m.c.i.e.AbstractTransferListenerAdapter - Downloading https://repo.maven.apache.org/maven2/org/apache/maven/resolver/maven-resolver-transport-file/1.9.25/maven-resolver-transport-file-1.9.25-sources.jar
2026-04-12 22:07:53,839 [Worker-102: Searching...] INFO  o.e.m.c.i.e.AbstractTransferListenerAdapter - Downloaded https://repo.maven.apache.org/maven2/org/apache/maven/resolver/maven-resolver-transport-file/1.9.25/maven-resolver-transport-file-1.9.25-sources.jar
2026-04-12 22:07:54,193 [Worker-102: Searching...] INFO  o.e.m.c.i.e.AbstractTransferListenerAdapter - Downloading https://repo.maven.apache.org/maven2/org/apache/maven/resolver/maven-resolver-transport-http/1.9.25/maven-resolver-transport-http-1.9.25-sources.jar
2026-04-12 22:07:54,203 [Worker-102: Searching...] INFO  o.e.m.c.i.e.AbstractTransferListenerAdapter - Downloaded https://repo.maven.apache.org/maven2/org/apache/maven/resolver/maven-resolver-transport-http/1.9.25/maven-resolver-transport-http-1.9.25-sources.jar
2026-04-12 22:07:54,558 [Worker-102: Searching...] INFO  o.e.m.c.i.e.AbstractTransferListenerAdapter - Downloading https://repo.maven.apache.org/maven2/org/apache/maven/resolver/maven-resolver-transport-wagon/1.9.25/maven-resolver-transport-wagon-1.9.25-sources.jar
2026-04-12 22:07:54,566 [Worker-102: Searching...] INFO  o.e.m.c.i.e.AbstractTransferListenerAdapter - Downloaded https://repo.maven.apache.org/maven2/org/apache/maven/resolver/maven-resolver-transport-wagon/1.9.25/maven-resolver-transport-wagon-1.9.25-sources.jar
2026-04-12 22:07:54,698 [Worker-102: Searching...] INFO  o.e.m.c.i.e.AbstractTransferListenerAdapter - Downloading https://repo.maven.apache.org/maven2/org/apache/maven/resolver/maven-resolver-util/1.9.25/maven-resolver-util-1.9.25-sources.jar
2026-04-12 22:07:54,768 [Worker-102: Searching...] INFO  o.e.m.c.i.e.AbstractTransferListenerAdapter - Downloaded https://repo.maven.apache.org/maven2/org/apache/maven/resolver/maven-resolver-util/1.9.25/maven-resolver-util-1.9.25-sources.jar
2026-04-12 22:07:55,133 [Worker-102: Searching...] INFO  o.e.m.c.i.e.AbstractTransferListenerAdapter - Downloading https://repo.maven.apache.org/maven2/org/apache/maven/maven-settings/3.9.12/maven-settings-3.9.12-sources.jar
2026-04-12 22:07:55,153 [Worker-102: Searching...] INFO  o.e.m.c.i.e.AbstractTransferListenerAdapter - Downloaded https://repo.maven.apache.org/maven2/org/apache/maven/maven-settings/3.9.12/maven-settings-3.9.12-sources.jar
2026-04-12 22:07:55,496 [Worker-102: Searching...] INFO  o.e.m.c.i.e.AbstractTransferListenerAdapter - Downloading https://repo.maven.apache.org/maven2/org/apache/maven/maven-settings-builder/3.9.12/maven-settings-builder-3.9.12-sources.jar
2026-04-12 22:07:55,519 [Worker-102: Searching...] INFO  o.e.m.c.i.e.AbstractTransferListenerAdapter - Downloaded https://repo.maven.apache.org/maven2/org/apache/maven/maven-settings-builder/3.9.12/maven-settings-builder-3.9.12-sources.jar
2026-04-12 22:07:55,861 [Worker-102: Searching...] INFO  o.e.m.c.i.e.AbstractTransferListenerAdapter - Downloading https://repo.maven.apache.org/maven2/org/apache/maven/shared/maven-shared-utils/3.4.2/maven-shared-utils-3.4.2-sources.jar
2026-04-12 22:07:55,934 [Worker-102: Searching...] INFO  o.e.m.c.i.e.AbstractTransferListenerAdapter - Downloaded https://repo.maven.apache.org/maven2/org/apache/maven/shared/maven-shared-utils/3.4.2/maven-shared-utils-3.4.2-sources.jar
2026-04-12 22:07:56,061 [Worker-102: Searching...] INFO  o.e.m.c.i.e.AbstractTransferListenerAdapter - Downloading https://repo.maven.apache.org/maven2/org/eclipse/sisu/org.eclipse.sisu.inject/0.9.0.M4/org.eclipse.sisu.inject-0.9.0.M4-sources.jar
2026-04-12 22:07:56,137 [Worker-102: Searching...] INFO  o.e.m.c.i.e.AbstractTransferListenerAdapter - Downloaded https://repo.maven.apache.org/maven2/org/eclipse/sisu/org.eclipse.sisu.inject/0.9.0.M4/org.eclipse.sisu.inject-0.9.0.M4-sources.jar
2026-04-12 22:07:56,489 [Worker-102: Searching...] INFO  o.e.m.c.i.e.AbstractTransferListenerAdapter - Downloading https://repo.maven.apache.org/maven2/org/eclipse/sisu/org.eclipse.sisu.plexus/0.9.0.M4/org.eclipse.sisu.plexus-0.9.0.M4-sources.jar
2026-04-12 22:07:56,576 [Worker-102: Searching...] INFO  o.e.m.c.i.e.AbstractTransferListenerAdapter - Downloaded https://repo.maven.apache.org/maven2/org/eclipse/sisu/org.eclipse.sisu.plexus/0.9.0.M4/org.eclipse.sisu.plexus-0.9.0.M4-sources.jar
2026-04-12 22:07:56,933 [Worker-102: Searching...] INFO  o.e.m.c.i.e.AbstractTransferListenerAdapter - Downloading https://repo.maven.apache.org/maven2/org/codehaus/plexus/plexus-cipher/2.0/plexus-cipher-2.0-sources.jar
2026-04-12 22:07:56,937 [Worker-102: Searching...] INFO  o.e.m.c.i.e.AbstractTransferListenerAdapter - Downloaded https://repo.maven.apache.org/maven2/org/codehaus/plexus/plexus-cipher/2.0/plexus-cipher-2.0-sources.jar
2026-04-12 22:07:57,267 [Worker-102: Searching...] INFO  o.e.m.c.i.e.AbstractTransferListenerAdapter - Downloading https://repo.maven.apache.org/maven2/org/codehaus/plexus/plexus-component-annotations/2.2.0/plexus-component-annotations-2.2.0-sources.jar
2026-04-12 22:07:57,278 [Worker-102: Searching...] INFO  o.e.m.c.i.e.AbstractTransferListenerAdapter - Downloaded https://repo.maven.apache.org/maven2/org/codehaus/plexus/plexus-component-annotations/2.2.0/plexus-component-annotations-2.2.0-sources.jar
2026-04-12 22:07:57,649 [Worker-102: Searching...] INFO  o.e.m.c.i.e.AbstractTransferListenerAdapter - Downloading https://repo.maven.apache.org/maven2/org/codehaus/plexus/plexus-interpolation/1.29/plexus-interpolation-1.29-sources.jar
2026-04-12 22:07:57,700 [Worker-102: Searching...] INFO  o.e.m.c.i.e.AbstractTransferListenerAdapter - Downloaded https://repo.maven.apache.org/maven2/org/codehaus/plexus/plexus-interpolation/1.29/plexus-interpolation-1.29-sources.jar
2026-04-12 22:07:58,059 [Worker-102: Searching...] INFO  o.e.m.c.i.e.AbstractTransferListenerAdapter - Downloading https://repo.maven.apache.org/maven2/org/codehaus/plexus/plexus-sec-dispatcher/2.0/plexus-sec-dispatcher-2.0-sources.jar
2026-04-12 22:07:58,075 [Worker-102: Searching...] INFO  o.e.m.c.i.e.AbstractTransferListenerAdapter - Downloaded https://repo.maven.apache.org/maven2/org/codehaus/plexus/plexus-sec-dispatcher/2.0/plexus-sec-dispatcher-2.0-sources.jar
2026-04-12 22:07:58,172 [Worker-102: Searching...] INFO  o.e.m.c.i.e.AbstractTransferListenerAdapter - Downloading https://repo.maven.apache.org/maven2/org/codehaus/plexus/plexus-utils/3.6.0/plexus-utils-3.6.0-sources.jar
2026-04-12 22:07:58,275 [Worker-102: Searching...] INFO  o.e.m.c.i.e.AbstractTransferListenerAdapter - Downloaded https://repo.maven.apache.org/maven2/org/codehaus/plexus/plexus-utils/3.6.0/plexus-utils-3.6.0-sources.jar
2026-04-12 22:07:58,622 [Worker-102: Searching...] INFO  o.e.m.c.i.e.AbstractTransferListenerAdapter - Downloading https://repo.maven.apache.org/maven2/org/apache/maven/wagon/wagon-file/3.5.3/wagon-file-3.5.3-sources.jar
2026-04-12 22:07:58,636 [Worker-102: Searching...] INFO  o.e.m.c.i.e.AbstractTransferListenerAdapter - Downloaded https://repo.maven.apache.org/maven2/org/apache/maven/wagon/wagon-file/3.5.3/wagon-file-3.5.3-sources.jar
2026-04-12 22:07:58,723 [Worker-102: Searching...] INFO  o.e.m.c.i.e.AbstractTransferListenerAdapter - Downloading https://repo.maven.apache.org/maven2/org/apache/maven/wagon/wagon-http/3.5.3/wagon-http-3.5.3-sources.jar
2026-04-12 22:07:58,727 [Worker-102: Searching...] INFO  o.e.m.c.i.e.AbstractTransferListenerAdapter - Downloaded https://repo.maven.apache.org/maven2/org/apache/maven/wagon/wagon-http/3.5.3/wagon-http-3.5.3-sources.jar
2026-04-12 22:07:59,073 [Worker-102: Searching...] INFO  o.e.m.c.i.e.AbstractTransferListenerAdapter - Downloading https://repo.maven.apache.org/maven2/org/apache/maven/wagon/wagon-http-shared/3.5.3/wagon-http-shared-3.5.3-sources.jar
2026-04-12 22:07:59,096 [Worker-102: Searching...] INFO  o.e.m.c.i.e.AbstractTransferListenerAdapter - Downloaded https://repo.maven.apache.org/maven2/org/apache/maven/wagon/wagon-http-shared/3.5.3/wagon-http-shared-3.5.3-sources.jar
2026-04-12 22:07:59,436 [Worker-102: Searching...] INFO  o.e.m.c.i.e.AbstractTransferListenerAdapter - Downloading https://repo.maven.apache.org/maven2/org/apache/maven/wagon/wagon-provider-api/3.5.3/wagon-provider-api-3.5.3-sources.jar
2026-04-12 22:07:59,479 [Worker-102: Searching...] INFO  o.e.m.c.i.e.AbstractTransferListenerAdapter - Downloaded https://repo.maven.apache.org/maven2/org/apache/maven/wagon/wagon-provider-api/3.5.3/wagon-provider-api-3.5.3-sources.jar
2026-04-12 22:07:59,573 [Worker-102: Searching...] INFO  o.e.m.c.i.e.AbstractTransferListenerAdapter - Downloading https://repo.maven.apache.org/maven2/org/apache/maven/maven-slf4j-provider/3.9.12/maven-slf4j-provider-3.9.12-sources.jar
2026-04-12 22:07:59,582 [Worker-102: Searching...] INFO  o.e.m.c.i.e.AbstractTransferListenerAdapter - Downloaded https://repo.maven.apache.org/maven2/org/apache/maven/maven-slf4j-provider/3.9.12/maven-slf4j-provider-3.9.12-sources.jar
2026-04-12 22:07:59,683 [Worker-102: Searching...] INFO  o.e.m.c.i.e.AbstractTransferListenerAdapter - Downloading https://repo.maven.apache.org/maven2/com/google/guava/guava/33.5.0-jre/guava-33.5.0-jre-sources.jar
2026-04-12 22:08:00,363 [Worker-102: Searching...] INFO  o.e.m.c.i.e.AbstractTransferListenerAdapter - Downloaded https://repo.maven.apache.org/maven2/com/google/guava/guava/33.5.0-jre/guava-33.5.0-jre-sources.jar
2026-04-12 22:08:00,708 [Worker-102: Searching...] INFO  o.e.m.c.i.e.AbstractTransferListenerAdapter - Downloading https://repo.maven.apache.org/maven2/jakarta/inject/jakarta.inject-api/1.0.5/jakarta.inject-api-1.0.5-sources.jar
2026-04-12 22:08:00,714 [Worker-102: Searching...] INFO  o.e.m.c.i.e.AbstractTransferListenerAdapter - Downloaded https://repo.maven.apache.org/maven2/jakarta/inject/jakarta.inject-api/1.0.5/jakarta.inject-api-1.0.5-sources.jar
2026-04-12 22:08:00,807 [Worker-102: Searching...] INFO  o.e.m.c.i.e.AbstractTransferListenerAdapter - Downloading https://repo.maven.apache.org/maven2/jakarta/annotation/jakarta.annotation-api/1.3.5/jakarta.annotation-api-1.3.5-sources.jar
2026-04-12 22:08:00,814 [Worker-102: Searching...] INFO  o.e.m.c.i.e.AbstractTransferListenerAdapter - Downloaded https://repo.maven.apache.org/maven2/jakarta/annotation/jakarta.annotation-api/1.3.5/jakarta.annotation-api-1.3.5-sources.jar
2026-04-12 22:08:00,908 [Worker-102: Searching...] INFO  o.e.m.c.i.e.AbstractTransferListenerAdapter - Downloading https://repo.maven.apache.org/maven2/commons-cli/commons-cli/1.11.0/commons-cli-1.11.0-sources.jar
2026-04-12 22:08:00,951 [Worker-102: Searching...] INFO  o.e.m.c.i.e.AbstractTransferListenerAdapter - Downloaded https://repo.maven.apache.org/maven2/commons-cli/commons-cli/1.11.0/commons-cli-1.11.0-sources.jar
2026-04-12 22:08:01,047 [Worker-102: Searching...] INFO  o.e.m.c.i.e.AbstractTransferListenerAdapter - Downloading https://repo.maven.apache.org/maven2/commons-codec/commons-codec/1.21.0/commons-codec-1.21.0-sources.jar
2026-04-12 22:08:01,210 [Worker-102: Searching...] INFO  o.e.m.c.i.e.AbstractTransferListenerAdapter - Downloaded https://repo.maven.apache.org/maven2/commons-codec/commons-codec/1.21.0/commons-codec-1.21.0-sources.jar
2026-04-12 22:08:01,302 [Worker-102: Searching...] INFO  o.e.m.c.i.e.AbstractTransferListenerAdapter - Downloading https://repo.maven.apache.org/maven2/com/google/guava/failureaccess/1.0.3/failureaccess-1.0.3-sources.jar
2026-04-12 22:08:01,317 [Worker-102: Searching...] INFO  o.e.m.c.i.e.AbstractTransferListenerAdapter - Downloaded https://repo.maven.apache.org/maven2/com/google/guava/failureaccess/1.0.3/failureaccess-1.0.3-sources.jar
2026-04-12 22:08:35,363 [main] INFO  o.e.m2e.actions.ExecutePomAction - Creating new launch configuration
2026-04-12 22:08:45,077 [Worker-101: Launching districtservice (18)] INFO  o.eclipse.m2e.core.internal.Bundles - getClasspathEntries(Bundle=org.eclipse.m2e.maven.runtime_3.9.1200.20260112-2306 [648])
2026-04-12 22:08:45,078 [Worker-101: Launching districtservice (18)] INFO  o.eclipse.m2e.core.internal.Bundles - 	Entry: C:\Users\hp\.p2\pool\plugins\org.eclipse.m2e.maven.runtime_3.9.1200.20260112-2306
2026-04-12 22:08:45,078 [Worker-101: Launching districtservice (18)] INFO  o.eclipse.m2e.core.internal.Bundles - 	Entry: C:\Users\hp\.p2\pool\plugins\org.eclipse.m2e.maven.runtime_3.9.1200.20260112-2306\jars\aopalliance-1.0.jar
2026-04-12 22:08:45,078 [Worker-101: Launching districtservice (18)] INFO  o.eclipse.m2e.core.internal.Bundles - 	Entry: C:\Users\hp\.p2\pool\plugins\org.eclipse.m2e.maven.runtime_3.9.1200.20260112-2306\jars\asm-9.9.jar
2026-04-12 22:08:45,078 [Worker-101: Launching districtservice (18)] INFO  o.eclipse.m2e.core.internal.Bundles - 	Entry: C:\Users\hp\.p2\pool\plugins\org.eclipse.m2e.maven.runtime_3.9.1200.20260112-2306\jars\error_prone_annotations-2.41.0.jar
2026-04-12 22:08:45,078 [Worker-101: Launching districtservice (18)] INFO  o.eclipse.m2e.core.internal.Bundles - 	Entry: C:\Users\hp\.p2\pool\plugins\org.eclipse.m2e.maven.runtime_3.9.1200.20260112-2306\jars\gson-2.13.2.jar
2026-04-12 22:08:45,079 [Worker-101: Launching districtservice (18)] INFO  o.eclipse.m2e.core.internal.Bundles - 	Entry: C:\Users\hp\.p2\pool\plugins\org.eclipse.m2e.maven.runtime_3.9.1200.20260112-2306\jars\guice-5.1.0-classes.jar
2026-04-12 22:08:45,079 [Worker-101: Launching districtservice (18)] INFO  o.eclipse.m2e.core.internal.Bundles - 	Entry: C:\Users\hp\.p2\pool\plugins\org.eclipse.m2e.maven.runtime_3.9.1200.20260112-2306\jars\httpclient-4.5.14.jar
2026-04-12 22:08:45,079 [Worker-101: Launching districtservice (18)] INFO  o.eclipse.m2e.core.internal.Bundles - 	Entry: C:\Users\hp\.p2\pool\plugins\org.eclipse.m2e.maven.runtime_3.9.1200.20260112-2306\jars\httpcore-4.4.16.jar
2026-04-12 22:08:45,079 [Worker-101: Launching districtservice (18)] INFO  o.eclipse.m2e.core.internal.Bundles - 	Entry: C:\Users\hp\.p2\pool\plugins\org.eclipse.m2e.maven.runtime_3.9.1200.20260112-2306\jars\jansi-2.4.2.jar
2026-04-12 22:08:45,079 [Worker-101: Launching districtservice (18)] INFO  o.eclipse.m2e.core.internal.Bundles - 	Entry: C:\Users\hp\.p2\pool\plugins\org.eclipse.m2e.maven.runtime_3.9.1200.20260112-2306\jars\jcl-over-slf4j-1.7.36.jar
2026-04-12 22:08:45,079 [Worker-101: Launching districtservice (18)] INFO  o.eclipse.m2e.core.internal.Bundles - 	Entry: C:\Users\hp\.p2\pool\plugins\org.eclipse.m2e.maven.runtime_3.9.1200.20260112-2306\jars\maven-artifact-3.9.12.jar
2026-04-12 22:08:45,079 [Worker-101: Launching districtservice (18)] INFO  o.eclipse.m2e.core.internal.Bundles - 	Entry: C:\Users\hp\.p2\pool\plugins\org.eclipse.m2e.maven.runtime_3.9.1200.20260112-2306\jars\maven-builder-support-3.9.12.jar
2026-04-12 22:08:45,079 [Worker-101: Launching districtservice (18)] INFO  o.eclipse.m2e.core.internal.Bundles - 	Entry: C:\Users\hp\.p2\pool\plugins\org.eclipse.m2e.maven.runtime_3.9.1200.20260112-2306\jars\maven-compat-3.9.12.jar
2026-04-12 22:08:45,079 [Worker-101: Launching districtservice (18)] INFO  o.eclipse.m2e.core.internal.Bundles - 	Entry: C:\Users\hp\.p2\pool\plugins\org.eclipse.m2e.maven.runtime_3.9.1200.20260112-2306\jars\maven-core-3.9.12.jar
2026-04-12 22:08:45,079 [Worker-101: Launching districtservice (18)] INFO  o.eclipse.m2e.core.internal.Bundles - 	Entry: C:\Users\hp\.p2\pool\plugins\org.eclipse.m2e.maven.runtime_3.9.1200.20260112-2306\jars\maven-embedder-3.9.12.jar
2026-04-12 22:08:45,080 [Worker-101: Launching districtservice (18)] INFO  o.eclipse.m2e.core.internal.Bundles - 	Entry: C:\Users\hp\.p2\pool\plugins\org.eclipse.m2e.maven.runtime_3.9.1200.20260112-2306\jars\maven-model-3.9.12.jar
2026-04-12 22:08:45,080 [Worker-101: Launching districtservice (18)] INFO  o.eclipse.m2e.core.internal.Bundles - 	Entry: C:\Users\hp\.p2\pool\plugins\org.eclipse.m2e.maven.runtime_3.9.1200.20260112-2306\jars\maven-model-builder-3.9.12.jar
2026-04-12 22:08:45,080 [Worker-101: Launching districtservice (18)] INFO  o.eclipse.m2e.core.internal.Bundles - 	Entry: C:\Users\hp\.p2\pool\plugins\org.eclipse.m2e.maven.runtime_3.9.1200.20260112-2306\jars\maven-plugin-api-3.9.12.jar
2026-04-12 22:08:45,080 [Worker-101: Launching districtservice (18)] INFO  o.eclipse.m2e.core.internal.Bundles - 	Entry: C:\Users\hp\.p2\pool\plugins\org.eclipse.m2e.maven.runtime_3.9.1200.20260112-2306\jars\maven-repository-metadata-3.9.12.jar
2026-04-12 22:08:45,080 [Worker-101: Launching districtservice (18)] INFO  o.eclipse.m2e.core.internal.Bundles - 	Entry: C:\Users\hp\.p2\pool\plugins\org.eclipse.m2e.maven.runtime_3.9.1200.20260112-2306\jars\maven-resolver-api-1.9.25.jar
2026-04-12 22:08:45,080 [Worker-101: Launching districtservice (18)] INFO  o.eclipse.m2e.core.internal.Bundles - 	Entry: C:\Users\hp\.p2\pool\plugins\org.eclipse.m2e.maven.runtime_3.9.1200.20260112-2306\jars\maven-resolver-connector-basic-1.9.25.jar
2026-04-12 22:08:45,080 [Worker-101: Launching districtservice (18)] INFO  o.eclipse.m2e.core.internal.Bundles - 	Entry: C:\Users\hp\.p2\pool\plugins\org.eclipse.m2e.maven.runtime_3.9.1200.20260112-2306\jars\maven-resolver-impl-1.9.25.jar
2026-04-12 22:08:45,080 [Worker-101: Launching districtservice (18)] INFO  o.eclipse.m2e.core.internal.Bundles - 	Entry: C:\Users\hp\.p2\pool\plugins\org.eclipse.m2e.maven.runtime_3.9.1200.20260112-2306\jars\maven-resolver-named-locks-1.9.25.jar
2026-04-12 22:08:45,080 [Worker-101: Launching districtservice (18)] INFO  o.eclipse.m2e.core.internal.Bundles - 	Entry: C:\Users\hp\.p2\pool\plugins\org.eclipse.m2e.maven.runtime_3.9.1200.20260112-2306\jars\maven-resolver-provider-3.9.12.jar
2026-04-12 22:08:45,081 [Worker-101: Launching districtservice (18)] INFO  o.eclipse.m2e.core.internal.Bundles - 	Entry: C:\Users\hp\.p2\pool\plugins\org.eclipse.m2e.maven.runtime_3.9.1200.20260112-2306\jars\maven-resolver-spi-1.9.25.jar
2026-04-12 22:08:45,081 [Worker-101: Launching districtservice (18)] INFO  o.eclipse.m2e.core.internal.Bundles - 	Entry: C:\Users\hp\.p2\pool\plugins\org.eclipse.m2e.maven.runtime_3.9.1200.20260112-2306\jars\maven-resolver-transport-file-1.9.25.jar
2026-04-12 22:08:45,081 [Worker-101: Launching districtservice (18)] INFO  o.eclipse.m2e.core.internal.Bundles - 	Entry: C:\Users\hp\.p2\pool\plugins\org.eclipse.m2e.maven.runtime_3.9.1200.20260112-2306\jars\maven-resolver-transport-http-1.9.25.jar
2026-04-12 22:08:45,081 [Worker-101: Launching districtservice (18)] INFO  o.eclipse.m2e.core.internal.Bundles - 	Entry: C:\Users\hp\.p2\pool\plugins\org.eclipse.m2e.maven.runtime_3.9.1200.20260112-2306\jars\maven-resolver-transport-wagon-1.9.25.jar
2026-04-12 22:08:45,081 [Worker-101: Launching districtservice (18)] INFO  o.eclipse.m2e.core.internal.Bundles - 	Entry: C:\Users\hp\.p2\pool\plugins\org.eclipse.m2e.maven.runtime_3.9.1200.20260112-2306\jars\maven-resolver-util-1.9.25.jar
2026-04-12 22:08:45,081 [Worker-101: Launching districtservice (18)] INFO  o.eclipse.m2e.core.internal.Bundles - 	Entry: C:\Users\hp\.p2\pool\plugins\org.eclipse.m2e.maven.runtime_3.9.1200.20260112-2306\jars\maven-settings-3.9.12.jar
2026-04-12 22:08:45,081 [Worker-101: Launching districtservice (18)] INFO  o.eclipse.m2e.core.internal.Bundles - 	Entry: C:\Users\hp\.p2\pool\plugins\org.eclipse.m2e.maven.runtime_3.9.1200.20260112-2306\jars\maven-settings-builder-3.9.12.jar
2026-04-12 22:08:45,081 [Worker-101: Launching districtservice (18)] INFO  o.eclipse.m2e.core.internal.Bundles - 	Entry: C:\Users\hp\.p2\pool\plugins\org.eclipse.m2e.maven.runtime_3.9.1200.20260112-2306\jars\maven-shared-utils-3.4.2.jar
2026-04-12 22:08:45,081 [Worker-101: Launching districtservice (18)] INFO  o.eclipse.m2e.core.internal.Bundles - 	Entry: C:\Users\hp\.p2\pool\plugins\org.eclipse.m2e.maven.runtime_3.9.1200.20260112-2306\jars\org.eclipse.sisu.inject-0.9.0.M4.jar
2026-04-12 22:08:45,082 [Worker-101: Launching districtservice (18)] INFO  o.eclipse.m2e.core.internal.Bundles - 	Entry: C:\Users\hp\.p2\pool\plugins\org.eclipse.m2e.maven.runtime_3.9.1200.20260112-2306\jars\org.eclipse.sisu.plexus-0.9.0.M4.jar
2026-04-12 22:08:45,082 [Worker-101: Launching districtservice (18)] INFO  o.eclipse.m2e.core.internal.Bundles - 	Entry: C:\Users\hp\.p2\pool\plugins\org.eclipse.m2e.maven.runtime_3.9.1200.20260112-2306\jars\plexus-build-api-0.0.7.jar
2026-04-12 22:08:45,082 [Worker-101: Launching districtservice (18)] INFO  o.eclipse.m2e.core.internal.Bundles - 	Entry: C:\Users\hp\.p2\pool\plugins\org.eclipse.m2e.maven.runtime_3.9.1200.20260112-2306\jars\plexus-build-api-1.2.0.jar
2026-04-12 22:08:45,082 [Worker-101: Launching districtservice (18)] INFO  o.eclipse.m2e.core.internal.Bundles - 	Entry: C:\Users\hp\.p2\pool\plugins\org.eclipse.m2e.maven.runtime_3.9.1200.20260112-2306\jars\plexus-cipher-2.0.jar
2026-04-12 22:08:45,082 [Worker-101: Launching districtservice (18)] INFO  o.eclipse.m2e.core.internal.Bundles - 	Entry: C:\Users\hp\.p2\pool\plugins\org.eclipse.m2e.maven.runtime_3.9.1200.20260112-2306\jars\plexus-classworlds-2.9.0.jar
2026-04-12 22:08:45,082 [Worker-101: Launching districtservice (18)] INFO  o.eclipse.m2e.core.internal.Bundles - 	Entry: C:\Users\hp\.p2\pool\plugins\org.eclipse.m2e.maven.runtime_3.9.1200.20260112-2306\jars\plexus-component-annotations-2.2.0.jar
2026-04-12 22:08:45,082 [Worker-101: Launching districtservice (18)] INFO  o.eclipse.m2e.core.internal.Bundles - 	Entry: C:\Users\hp\.p2\pool\plugins\org.eclipse.m2e.maven.runtime_3.9.1200.20260112-2306\jars\plexus-interpolation-1.29.jar
2026-04-12 22:08:45,082 [Worker-101: Launching districtservice (18)] INFO  o.eclipse.m2e.core.internal.Bundles - 	Entry: C:\Users\hp\.p2\pool\plugins\org.eclipse.m2e.maven.runtime_3.9.1200.20260112-2306\jars\plexus-sec-dispatcher-2.0.jar
2026-04-12 22:08:45,082 [Worker-101: Launching districtservice (18)] INFO  o.eclipse.m2e.core.internal.Bundles - 	Entry: C:\Users\hp\.p2\pool\plugins\org.eclipse.m2e.maven.runtime_3.9.1200.20260112-2306\jars\plexus-utils-3.6.0.jar
2026-04-12 22:08:45,082 [Worker-101: Launching districtservice (18)] INFO  o.eclipse.m2e.core.internal.Bundles - 	Entry: C:\Users\hp\.p2\pool\plugins\org.eclipse.m2e.maven.runtime_3.9.1200.20260112-2306\jars\wagon-file-3.5.3.jar
2026-04-12 22:08:45,083 [Worker-101: Launching districtservice (18)] INFO  o.eclipse.m2e.core.internal.Bundles - 	Entry: C:\Users\hp\.p2\pool\plugins\org.eclipse.m2e.maven.runtime_3.9.1200.20260112-2306\jars\wagon-http-3.5.3.jar
2026-04-12 22:08:45,083 [Worker-101: Launching districtservice (18)] INFO  o.eclipse.m2e.core.internal.Bundles - 	Entry: C:\Users\hp\.p2\pool\plugins\org.eclipse.m2e.maven.runtime_3.9.1200.20260112-2306\jars\wagon-http-shared-3.5.3.jar
2026-04-12 22:08:45,083 [Worker-101: Launching districtservice (18)] INFO  o.eclipse.m2e.core.internal.Bundles - 	Entry: C:\Users\hp\.p2\pool\plugins\org.eclipse.m2e.maven.runtime_3.9.1200.20260112-2306\jars\wagon-provider-api-3.5.3.jar
2026-04-12 22:08:45,083 [Worker-101: Launching districtservice (18)] INFO  o.eclipse.m2e.core.internal.Bundles - getClasspathEntries(Bundle=com.google.guava_33.5.0.jre [18])
2026-04-12 22:08:45,083 [Worker-101: Launching districtservice (18)] INFO  o.eclipse.m2e.core.internal.Bundles - 	Entry: C:\Users\hp\.p2\pool\plugins\com.google.guava_33.5.0.jre.jar
2026-04-12 22:08:45,083 [Worker-101: Launching districtservice (18)] INFO  o.eclipse.m2e.core.internal.Bundles - getClasspathEntries(Bundle=slf4j.api_2.0.17 [1013])
2026-04-12 22:08:45,084 [Worker-101: Launching districtservice (18)] INFO  o.eclipse.m2e.core.internal.Bundles - 	Entry: C:\Users\hp\.p2\pool\plugins\slf4j.api_2.0.17.jar
2026-04-12 22:08:45,084 [Worker-101: Launching districtservice (18)] INFO  o.eclipse.m2e.core.internal.Bundles - getClasspathEntries(Bundle=jakarta.inject.jakarta.inject-api_1.0.5 [35])
2026-04-12 22:08:45,084 [Worker-101: Launching districtservice (18)] INFO  o.eclipse.m2e.core.internal.Bundles - 	Entry: C:\Users\hp\.p2\pool\plugins\jakarta.inject.jakarta.inject-api_1.0.5.jar
2026-04-12 22:08:45,084 [Worker-101: Launching districtservice (18)] INFO  o.eclipse.m2e.core.internal.Bundles - getClasspathEntries(Bundle=jakarta.annotation-api_1.3.5 [31])
2026-04-12 22:08:45,084 [Worker-101: Launching districtservice (18)] INFO  o.eclipse.m2e.core.internal.Bundles - 	Entry: C:\Users\hp\.p2\pool\plugins\jakarta.annotation-api_1.3.5.jar
2026-04-12 22:08:45,084 [Worker-101: Launching districtservice (18)] INFO  o.eclipse.m2e.core.internal.Bundles - getClasspathEntries(Bundle=org.apache.commons.cli_1.11.0 [83])
2026-04-12 22:08:45,085 [Worker-101: Launching districtservice (18)] INFO  o.eclipse.m2e.core.internal.Bundles - 	Entry: C:\Users\hp\.p2\pool\plugins\org.apache.commons.cli_1.11.0.jar
2026-04-12 22:08:45,085 [Worker-101: Launching districtservice (18)] INFO  o.eclipse.m2e.core.internal.Bundles - getClasspathEntries(Bundle=org.apache.commons.commons-codec_1.21.0 [85])
2026-04-12 22:08:45,085 [Worker-101: Launching districtservice (18)] INFO  o.eclipse.m2e.core.internal.Bundles - 	Entry: C:\Users\hp\.p2\pool\plugins\org.apache.commons.commons-codec_1.21.0.jar
2026-04-12 22:08:45,085 [Worker-101: Launching districtservice (18)] INFO  o.eclipse.m2e.core.internal.Bundles - getClasspathEntries(Bundle=com.google.guava.failureaccess_1.0.3 [19])
2026-04-12 22:08:45,085 [Worker-101: Launching districtservice (18)] INFO  o.eclipse.m2e.core.internal.Bundles - 	Entry: C:\Users\hp\.p2\pool\plugins\com.google.guava.failureaccess_1.0.3.jar
2026-04-12 22:08:45,086 [Worker-101: Launching districtservice (18)] INFO  o.e.m.i.launch.MavenLaunchDelegate - Run build in "C:\Users\hp\Desktop\CMP404 Urban Flow Project\districtservice":
2026-04-12 22:08:45,086 [Worker-101: Launching districtservice (18)] INFO  o.e.m.i.launch.MavenLaunchDelegate -  mvn  -B -Dstyle.color=always clean package -DskipTests
2026-04-12 22:20:10,902 [main] INFO  o.e.m2e.actions.ExecutePomAction - Creating new launch configuration
2026-04-12 22:20:21,479 [Worker-105: Launching districtservice (19)] INFO  o.eclipse.m2e.core.internal.Bundles - getClasspathEntries(Bundle=org.eclipse.m2e.maven.runtime_3.9.1200.20260112-2306 [648])
2026-04-12 22:20:21,480 [Worker-105: Launching districtservice (19)] INFO  o.eclipse.m2e.core.internal.Bundles - 	Entry: C:\Users\hp\.p2\pool\plugins\org.eclipse.m2e.maven.runtime_3.9.1200.20260112-2306
2026-04-12 22:20:21,480 [Worker-105: Launching districtservice (19)] INFO  o.eclipse.m2e.core.internal.Bundles - 	Entry: C:\Users\hp\.p2\pool\plugins\org.eclipse.m2e.maven.runtime_3.9.1200.20260112-2306\jars\aopalliance-1.0.jar
2026-04-12 22:20:21,480 [Worker-105: Launching districtservice (19)] INFO  o.eclipse.m2e.core.internal.Bundles - 	Entry: C:\Users\hp\.p2\pool\plugins\org.eclipse.m2e.maven.runtime_3.9.1200.20260112-2306\jars\asm-9.9.jar
2026-04-12 22:20:21,480 [Worker-105: Launching districtservice (19)] INFO  o.eclipse.m2e.core.internal.Bundles - 	Entry: C:\Users\hp\.p2\pool\plugins\org.eclipse.m2e.maven.runtime_3.9.1200.20260112-2306\jars\error_prone_annotations-2.41.0.jar
2026-04-12 22:20:21,480 [Worker-105: Launching districtservice (19)] INFO  o.eclipse.m2e.core.internal.Bundles - 	Entry: C:\Users\hp\.p2\pool\plugins\org.eclipse.m2e.maven.runtime_3.9.1200.20260112-2306\jars\gson-2.13.2.jar
2026-04-12 22:20:21,480 [Worker-105: Launching districtservice (19)] INFO  o.eclipse.m2e.core.internal.Bundles - 	Entry: C:\Users\hp\.p2\pool\plugins\org.eclipse.m2e.maven.runtime_3.9.1200.20260112-2306\jars\guice-5.1.0-classes.jar
2026-04-12 22:20:21,480 [Worker-105: Launching districtservice (19)] INFO  o.eclipse.m2e.core.internal.Bundles - 	Entry: C:\Users\hp\.p2\pool\plugins\org.eclipse.m2e.maven.runtime_3.9.1200.20260112-2306\jars\httpclient-4.5.14.jar
2026-04-12 22:20:21,481 [Worker-105: Launching districtservice (19)] INFO  o.eclipse.m2e.core.internal.Bundles - 	Entry: C:\Users\hp\.p2\pool\plugins\org.eclipse.m2e.maven.runtime_3.9.1200.20260112-2306\jars\httpcore-4.4.16.jar
2026-04-12 22:20:21,481 [Worker-105: Launching districtservice (19)] INFO  o.eclipse.m2e.core.internal.Bundles - 	Entry: C:\Users\hp\.p2\pool\plugins\org.eclipse.m2e.maven.runtime_3.9.1200.20260112-2306\jars\jansi-2.4.2.jar
2026-04-12 22:20:21,481 [Worker-105: Launching districtservice (19)] INFO  o.eclipse.m2e.core.internal.Bundles - 	Entry: C:\Users\hp\.p2\pool\plugins\org.eclipse.m2e.maven.runtime_3.9.1200.20260112-2306\jars\jcl-over-slf4j-1.7.36.jar
2026-04-12 22:20:21,481 [Worker-105: Launching districtservice (19)] INFO  o.eclipse.m2e.core.internal.Bundles - 	Entry: C:\Users\hp\.p2\pool\plugins\org.eclipse.m2e.maven.runtime_3.9.1200.20260112-2306\jars\maven-artifact-3.9.12.jar
2026-04-12 22:20:21,481 [Worker-105: Launching districtservice (19)] INFO  o.eclipse.m2e.core.internal.Bundles - 	Entry: C:\Users\hp\.p2\pool\plugins\org.eclipse.m2e.maven.runtime_3.9.1200.20260112-2306\jars\maven-builder-support-3.9.12.jar
2026-04-12 22:20:21,481 [Worker-105: Launching districtservice (19)] INFO  o.eclipse.m2e.core.internal.Bundles - 	Entry: C:\Users\hp\.p2\pool\plugins\org.eclipse.m2e.maven.runtime_3.9.1200.20260112-2306\jars\maven-compat-3.9.12.jar
2026-04-12 22:20:21,481 [Worker-105: Launching districtservice (19)] INFO  o.eclipse.m2e.core.internal.Bundles - 	Entry: C:\Users\hp\.p2\pool\plugins\org.eclipse.m2e.maven.runtime_3.9.1200.20260112-2306\jars\maven-core-3.9.12.jar
2026-04-12 22:20:21,481 [Worker-105: Launching districtservice (19)] INFO  o.eclipse.m2e.core.internal.Bundles - 	Entry: C:\Users\hp\.p2\pool\plugins\org.eclipse.m2e.maven.runtime_3.9.1200.20260112-2306\jars\maven-embedder-3.9.12.jar
2026-04-12 22:20:21,481 [Worker-105: Launching districtservice (19)] INFO  o.eclipse.m2e.core.internal.Bundles - 	Entry: C:\Users\hp\.p2\pool\plugins\org.eclipse.m2e.maven.runtime_3.9.1200.20260112-2306\jars\maven-model-3.9.12.jar
2026-04-12 22:20:21,481 [Worker-105: Launching districtservice (19)] INFO  o.eclipse.m2e.core.internal.Bundles - 	Entry: C:\Users\hp\.p2\pool\plugins\org.eclipse.m2e.maven.runtime_3.9.1200.20260112-2306\jars\maven-model-builder-3.9.12.jar
2026-04-12 22:20:21,482 [Worker-105: Launching districtservice (19)] INFO  o.eclipse.m2e.core.internal.Bundles - 	Entry: C:\Users\hp\.p2\pool\plugins\org.eclipse.m2e.maven.runtime_3.9.1200.20260112-2306\jars\maven-plugin-api-3.9.12.jar
2026-04-12 22:20:21,482 [Worker-105: Launching districtservice (19)] INFO  o.eclipse.m2e.core.internal.Bundles - 	Entry: C:\Users\hp\.p2\pool\plugins\org.eclipse.m2e.maven.runtime_3.9.1200.20260112-2306\jars\maven-repository-metadata-3.9.12.jar
2026-04-12 22:20:21,482 [Worker-105: Launching districtservice (19)] INFO  o.eclipse.m2e.core.internal.Bundles - 	Entry: C:\Users\hp\.p2\pool\plugins\org.eclipse.m2e.maven.runtime_3.9.1200.20260112-2306\jars\maven-resolver-api-1.9.25.jar
2026-04-12 22:20:21,482 [Worker-105: Launching districtservice (19)] INFO  o.eclipse.m2e.core.internal.Bundles - 	Entry: C:\Users\hp\.p2\pool\plugins\org.eclipse.m2e.maven.runtime_3.9.1200.20260112-2306\jars\maven-resolver-connector-basic-1.9.25.jar
2026-04-12 22:20:21,482 [Worker-105: Launching districtservice (19)] INFO  o.eclipse.m2e.core.internal.Bundles - 	Entry: C:\Users\hp\.p2\pool\plugins\org.eclipse.m2e.maven.runtime_3.9.1200.20260112-2306\jars\maven-resolver-impl-1.9.25.jar
2026-04-12 22:20:21,482 [Worker-105: Launching districtservice (19)] INFO  o.eclipse.m2e.core.internal.Bundles - 	Entry: C:\Users\hp\.p2\pool\plugins\org.eclipse.m2e.maven.runtime_3.9.1200.20260112-2306\jars\maven-resolver-named-locks-1.9.25.jar
2026-04-12 22:20:21,483 [Worker-105: Launching districtservice (19)] INFO  o.eclipse.m2e.core.internal.Bundles - 	Entry: C:\Users\hp\.p2\pool\plugins\org.eclipse.m2e.maven.runtime_3.9.1200.20260112-2306\jars\maven-resolver-provider-3.9.12.jar
2026-04-12 22:20:21,483 [Worker-105: Launching districtservice (19)] INFO  o.eclipse.m2e.core.internal.Bundles - 	Entry: C:\Users\hp\.p2\pool\plugins\org.eclipse.m2e.maven.runtime_3.9.1200.20260112-2306\jars\maven-resolver-spi-1.9.25.jar
2026-04-12 22:20:21,483 [Worker-105: Launching districtservice (19)] INFO  o.eclipse.m2e.core.internal.Bundles - 	Entry: C:\Users\hp\.p2\pool\plugins\org.eclipse.m2e.maven.runtime_3.9.1200.20260112-2306\jars\maven-resolver-transport-file-1.9.25.jar
2026-04-12 22:20:21,483 [Worker-105: Launching districtservice (19)] INFO  o.eclipse.m2e.core.internal.Bundles - 	Entry: C:\Users\hp\.p2\pool\plugins\org.eclipse.m2e.maven.runtime_3.9.1200.20260112-2306\jars\maven-resolver-transport-http-1.9.25.jar
2026-04-12 22:20:21,483 [Worker-105: Launching districtservice (19)] INFO  o.eclipse.m2e.core.internal.Bundles - 	Entry: C:\Users\hp\.p2\pool\plugins\org.eclipse.m2e.maven.runtime_3.9.1200.20260112-2306\jars\maven-resolver-transport-wagon-1.9.25.jar
2026-04-12 22:20:21,483 [Worker-105: Launching districtservice (19)] INFO  o.eclipse.m2e.core.internal.Bundles - 	Entry: C:\Users\hp\.p2\pool\plugins\org.eclipse.m2e.maven.runtime_3.9.1200.20260112-2306\jars\maven-resolver-util-1.9.25.jar
2026-04-12 22:20:21,484 [Worker-105: Launching districtservice (19)] INFO  o.eclipse.m2e.core.internal.Bundles - 	Entry: C:\Users\hp\.p2\pool\plugins\org.eclipse.m2e.maven.runtime_3.9.1200.20260112-2306\jars\maven-settings-3.9.12.jar
2026-04-12 22:20:21,484 [Worker-105: Launching districtservice (19)] INFO  o.eclipse.m2e.core.internal.Bundles - 	Entry: C:\Users\hp\.p2\pool\plugins\org.eclipse.m2e.maven.runtime_3.9.1200.20260112-2306\jars\maven-settings-builder-3.9.12.jar
2026-04-12 22:20:21,484 [Worker-105: Launching districtservice (19)] INFO  o.eclipse.m2e.core.internal.Bundles - 	Entry: C:\Users\hp\.p2\pool\plugins\org.eclipse.m2e.maven.runtime_3.9.1200.20260112-2306\jars\maven-shared-utils-3.4.2.jar
2026-04-12 22:20:21,484 [Worker-105: Launching districtservice (19)] INFO  o.eclipse.m2e.core.internal.Bundles - 	Entry: C:\Users\hp\.p2\pool\plugins\org.eclipse.m2e.maven.runtime_3.9.1200.20260112-2306\jars\org.eclipse.sisu.inject-0.9.0.M4.jar
2026-04-12 22:20:21,484 [Worker-105: Launching districtservice (19)] INFO  o.eclipse.m2e.core.internal.Bundles - 	Entry: C:\Users\hp\.p2\pool\plugins\org.eclipse.m2e.maven.runtime_3.9.1200.20260112-2306\jars\org.eclipse.sisu.plexus-0.9.0.M4.jar
2026-04-12 22:20:21,484 [Worker-105: Launching districtservice (19)] INFO  o.eclipse.m2e.core.internal.Bundles - 	Entry: C:\Users\hp\.p2\pool\plugins\org.eclipse.m2e.maven.runtime_3.9.1200.20260112-2306\jars\plexus-build-api-0.0.7.jar
2026-04-12 22:20:21,484 [Worker-105: Launching districtservice (19)] INFO  o.eclipse.m2e.core.internal.Bundles - 	Entry: C:\Users\hp\.p2\pool\plugins\org.eclipse.m2e.maven.runtime_3.9.1200.20260112-2306\jars\plexus-build-api-1.2.0.jar
2026-04-12 22:20:21,484 [Worker-105: Launching districtservice (19)] INFO  o.eclipse.m2e.core.internal.Bundles - 	Entry: C:\Users\hp\.p2\pool\plugins\org.eclipse.m2e.maven.runtime_3.9.1200.20260112-2306\jars\plexus-cipher-2.0.jar
2026-04-12 22:20:21,484 [Worker-105: Launching districtservice (19)] INFO  o.eclipse.m2e.core.internal.Bundles - 	Entry: C:\Users\hp\.p2\pool\plugins\org.eclipse.m2e.maven.runtime_3.9.1200.20260112-2306\jars\plexus-classworlds-2.9.0.jar
2026-04-12 22:20:21,484 [Worker-105: Launching districtservice (19)] INFO  o.eclipse.m2e.core.internal.Bundles - 	Entry: C:\Users\hp\.p2\pool\plugins\org.eclipse.m2e.maven.runtime_3.9.1200.20260112-2306\jars\plexus-component-annotations-2.2.0.jar
2026-04-12 22:20:21,485 [Worker-105: Launching districtservice (19)] INFO  o.eclipse.m2e.core.internal.Bundles - 	Entry: C:\Users\hp\.p2\pool\plugins\org.eclipse.m2e.maven.runtime_3.9.1200.20260112-2306\jars\plexus-interpolation-1.29.jar
2026-04-12 22:20:21,485 [Worker-105: Launching districtservice (19)] INFO  o.eclipse.m2e.core.internal.Bundles - 	Entry: C:\Users\hp\.p2\pool\plugins\org.eclipse.m2e.maven.runtime_3.9.1200.20260112-2306\jars\plexus-sec-dispatcher-2.0.jar
2026-04-12 22:20:21,485 [Worker-105: Launching districtservice (19)] INFO  o.eclipse.m2e.core.internal.Bundles - 	Entry: C:\Users\hp\.p2\pool\plugins\org.eclipse.m2e.maven.runtime_3.9.1200.20260112-2306\jars\plexus-utils-3.6.0.jar
2026-04-12 22:20:21,485 [Worker-105: Launching districtservice (19)] INFO  o.eclipse.m2e.core.internal.Bundles - 	Entry: C:\Users\hp\.p2\pool\plugins\org.eclipse.m2e.maven.runtime_3.9.1200.20260112-2306\jars\wagon-file-3.5.3.jar
2026-04-12 22:20:21,485 [Worker-105: Launching districtservice (19)] INFO  o.eclipse.m2e.core.internal.Bundles - 	Entry: C:\Users\hp\.p2\pool\plugins\org.eclipse.m2e.maven.runtime_3.9.1200.20260112-2306\jars\wagon-http-3.5.3.jar
2026-04-12 22:20:21,485 [Worker-105: Launching districtservice (19)] INFO  o.eclipse.m2e.core.internal.Bundles - 	Entry: C:\Users\hp\.p2\pool\plugins\org.eclipse.m2e.maven.runtime_3.9.1200.20260112-2306\jars\wagon-http-shared-3.5.3.jar
2026-04-12 22:20:21,485 [Worker-105: Launching districtservice (19)] INFO  o.eclipse.m2e.core.internal.Bundles - 	Entry: C:\Users\hp\.p2\pool\plugins\org.eclipse.m2e.maven.runtime_3.9.1200.20260112-2306\jars\wagon-provider-api-3.5.3.jar
2026-04-12 22:20:21,485 [Worker-105: Launching districtservice (19)] INFO  o.eclipse.m2e.core.internal.Bundles - getClasspathEntries(Bundle=com.google.guava_33.5.0.jre [18])
2026-04-12 22:20:21,486 [Worker-105: Launching districtservice (19)] INFO  o.eclipse.m2e.core.internal.Bundles - 	Entry: C:\Users\hp\.p2\pool\plugins\com.google.guava_33.5.0.jre.jar
2026-04-12 22:20:21,486 [Worker-105: Launching districtservice (19)] INFO  o.eclipse.m2e.core.internal.Bundles - getClasspathEntries(Bundle=slf4j.api_2.0.17 [1013])
2026-04-12 22:20:21,486 [Worker-105: Launching districtservice (19)] INFO  o.eclipse.m2e.core.internal.Bundles - 	Entry: C:\Users\hp\.p2\pool\plugins\slf4j.api_2.0.17.jar
2026-04-12 22:20:21,486 [Worker-105: Launching districtservice (19)] INFO  o.eclipse.m2e.core.internal.Bundles - getClasspathEntries(Bundle=jakarta.inject.jakarta.inject-api_1.0.5 [35])
2026-04-12 22:20:21,487 [Worker-105: Launching districtservice (19)] INFO  o.eclipse.m2e.core.internal.Bundles - 	Entry: C:\Users\hp\.p2\pool\plugins\jakarta.inject.jakarta.inject-api_1.0.5.jar
2026-04-12 22:20:21,487 [Worker-105: Launching districtservice (19)] INFO  o.eclipse.m2e.core.internal.Bundles - getClasspathEntries(Bundle=jakarta.annotation-api_1.3.5 [31])
2026-04-12 22:20:21,487 [Worker-105: Launching districtservice (19)] INFO  o.eclipse.m2e.core.internal.Bundles - 	Entry: C:\Users\hp\.p2\pool\plugins\jakarta.annotation-api_1.3.5.jar
2026-04-12 22:20:21,487 [Worker-105: Launching districtservice (19)] INFO  o.eclipse.m2e.core.internal.Bundles - getClasspathEntries(Bundle=org.apache.commons.cli_1.11.0 [83])
2026-04-12 22:20:21,487 [Worker-105: Launching districtservice (19)] INFO  o.eclipse.m2e.core.internal.Bundles - 	Entry: C:\Users\hp\.p2\pool\plugins\org.apache.commons.cli_1.11.0.jar
2026-04-12 22:20:21,487 [Worker-105: Launching districtservice (19)] INFO  o.eclipse.m2e.core.internal.Bundles - getClasspathEntries(Bundle=org.apache.commons.commons-codec_1.21.0 [85])
2026-04-12 22:20:21,488 [Worker-105: Launching districtservice (19)] INFO  o.eclipse.m2e.core.internal.Bundles - 	Entry: C:\Users\hp\.p2\pool\plugins\org.apache.commons.commons-codec_1.21.0.jar
2026-04-12 22:20:21,488 [Worker-105: Launching districtservice (19)] INFO  o.eclipse.m2e.core.internal.Bundles - getClasspathEntries(Bundle=com.google.guava.failureaccess_1.0.3 [19])
2026-04-12 22:20:21,488 [Worker-105: Launching districtservice (19)] INFO  o.eclipse.m2e.core.internal.Bundles - 	Entry: C:\Users\hp\.p2\pool\plugins\com.google.guava.failureaccess_1.0.3.jar
2026-04-12 22:20:21,489 [Worker-105: Launching districtservice (19)] INFO  o.e.m.i.launch.MavenLaunchDelegate - Run build in "C:\Users\hp\Desktop\CMP404 Urban Flow Project\districtservice":
2026-04-12 22:20:21,489 [Worker-105: Launching districtservice (19)] INFO  o.e.m.i.launch.MavenLaunchDelegate -  mvn  -B -Dstyle.color=always clean package -DskipTests
2026-04-12 22:31:15,611 [main] INFO  o.e.m2e.actions.ExecutePomAction - Creating new launch configuration
2026-04-12 22:31:51,478 [Worker-106: Launching districtservice (20)] INFO  o.eclipse.m2e.core.internal.Bundles - getClasspathEntries(Bundle=org.eclipse.m2e.maven.runtime_3.9.1200.20260112-2306 [648])
2026-04-12 22:31:51,479 [Worker-106: Launching districtservice (20)] INFO  o.eclipse.m2e.core.internal.Bundles - 	Entry: C:\Users\hp\.p2\pool\plugins\org.eclipse.m2e.maven.runtime_3.9.1200.20260112-2306
2026-04-12 22:31:51,480 [Worker-106: Launching districtservice (20)] INFO  o.eclipse.m2e.core.internal.Bundles - 	Entry: C:\Users\hp\.p2\pool\plugins\org.eclipse.m2e.maven.runtime_3.9.1200.20260112-2306\jars\aopalliance-1.0.jar
2026-04-12 22:31:51,481 [Worker-106: Launching districtservice (20)] INFO  o.eclipse.m2e.core.internal.Bundles - 	Entry: C:\Users\hp\.p2\pool\plugins\org.eclipse.m2e.maven.runtime_3.9.1200.20260112-2306\jars\asm-9.9.jar
2026-04-12 22:31:51,481 [Worker-106: Launching districtservice (20)] INFO  o.eclipse.m2e.core.internal.Bundles - 	Entry: C:\Users\hp\.p2\pool\plugins\org.eclipse.m2e.maven.runtime_3.9.1200.20260112-2306\jars\error_prone_annotations-2.41.0.jar
2026-04-12 22:31:51,481 [Worker-106: Launching districtservice (20)] INFO  o.eclipse.m2e.core.internal.Bundles - 	Entry: C:\Users\hp\.p2\pool\plugins\org.eclipse.m2e.maven.runtime_3.9.1200.20260112-2306\jars\gson-2.13.2.jar
2026-04-12 22:31:51,482 [Worker-106: Launching districtservice (20)] INFO  o.eclipse.m2e.core.internal.Bundles - 	Entry: C:\Users\hp\.p2\pool\plugins\org.eclipse.m2e.maven.runtime_3.9.1200.20260112-2306\jars\guice-5.1.0-classes.jar
2026-04-12 22:31:51,482 [Worker-106: Launching districtservice (20)] INFO  o.eclipse.m2e.core.internal.Bundles - 	Entry: C:\Users\hp\.p2\pool\plugins\org.eclipse.m2e.maven.runtime_3.9.1200.20260112-2306\jars\httpclient-4.5.14.jar
2026-04-12 22:31:51,482 [Worker-106: Launching districtservice (20)] INFO  o.eclipse.m2e.core.internal.Bundles - 	Entry: C:\Users\hp\.p2\pool\plugins\org.eclipse.m2e.maven.runtime_3.9.1200.20260112-2306\jars\httpcore-4.4.16.jar
2026-04-12 22:31:51,483 [Worker-106: Launching districtservice (20)] INFO  o.eclipse.m2e.core.internal.Bundles - 	Entry: C:\Users\hp\.p2\pool\plugins\org.eclipse.m2e.maven.runtime_3.9.1200.20260112-2306\jars\jansi-2.4.2.jar
2026-04-12 22:31:51,483 [Worker-106: Launching districtservice (20)] INFO  o.eclipse.m2e.core.internal.Bundles - 	Entry: C:\Users\hp\.p2\pool\plugins\org.eclipse.m2e.maven.runtime_3.9.1200.20260112-2306\jars\jcl-over-slf4j-1.7.36.jar
2026-04-12 22:31:51,484 [Worker-106: Launching districtservice (20)] INFO  o.eclipse.m2e.core.internal.Bundles - 	Entry: C:\Users\hp\.p2\pool\plugins\org.eclipse.m2e.maven.runtime_3.9.1200.20260112-2306\jars\maven-artifact-3.9.12.jar
2026-04-12 22:31:51,484 [Worker-106: Launching districtservice (20)] INFO  o.eclipse.m2e.core.internal.Bundles - 	Entry: C:\Users\hp\.p2\pool\plugins\org.eclipse.m2e.maven.runtime_3.9.1200.20260112-2306\jars\maven-builder-support-3.9.12.jar
2026-04-12 22:31:51,484 [Worker-106: Launching districtservice (20)] INFO  o.eclipse.m2e.core.internal.Bundles - 	Entry: C:\Users\hp\.p2\pool\plugins\org.eclipse.m2e.maven.runtime_3.9.1200.20260112-2306\jars\maven-compat-3.9.12.jar
2026-04-12 22:31:51,484 [Worker-106: Launching districtservice (20)] INFO  o.eclipse.m2e.core.internal.Bundles - 	Entry: C:\Users\hp\.p2\pool\plugins\org.eclipse.m2e.maven.runtime_3.9.1200.20260112-2306\jars\maven-core-3.9.12.jar
2026-04-12 22:31:51,484 [Worker-106: Launching districtservice (20)] INFO  o.eclipse.m2e.core.internal.Bundles - 	Entry: C:\Users\hp\.p2\pool\plugins\org.eclipse.m2e.maven.runtime_3.9.1200.20260112-2306\jars\maven-embedder-3.9.12.jar
2026-04-12 22:31:51,485 [Worker-106: Launching districtservice (20)] INFO  o.eclipse.m2e.core.internal.Bundles - 	Entry: C:\Users\hp\.p2\pool\plugins\org.eclipse.m2e.maven.runtime_3.9.1200.20260112-2306\jars\maven-model-3.9.12.jar
2026-04-12 22:31:51,485 [Worker-106: Launching districtservice (20)] INFO  o.eclipse.m2e.core.internal.Bundles - 	Entry: C:\Users\hp\.p2\pool\plugins\org.eclipse.m2e.maven.runtime_3.9.1200.20260112-2306\jars\maven-model-builder-3.9.12.jar
2026-04-12 22:31:51,485 [Worker-106: Launching districtservice (20)] INFO  o.eclipse.m2e.core.internal.Bundles - 	Entry: C:\Users\hp\.p2\pool\plugins\org.eclipse.m2e.maven.runtime_3.9.1200.20260112-2306\jars\maven-plugin-api-3.9.12.jar
2026-04-12 22:31:51,485 [Worker-106: Launching districtservice (20)] INFO  o.eclipse.m2e.core.internal.Bundles - 	Entry: C:\Users\hp\.p2\pool\plugins\org.eclipse.m2e.maven.runtime_3.9.1200.20260112-2306\jars\maven-repository-metadata-3.9.12.jar
2026-04-12 22:31:51,485 [Worker-106: Launching districtservice (20)] INFO  o.eclipse.m2e.core.internal.Bundles - 	Entry: C:\Users\hp\.p2\pool\plugins\org.eclipse.m2e.maven.runtime_3.9.1200.20260112-2306\jars\maven-resolver-api-1.9.25.jar
2026-04-12 22:31:51,485 [Worker-106: Launching districtservice (20)] INFO  o.eclipse.m2e.core.internal.Bundles - 	Entry: C:\Users\hp\.p2\pool\plugins\org.eclipse.m2e.maven.runtime_3.9.1200.20260112-2306\jars\maven-resolver-connector-basic-1.9.25.jar
2026-04-12 22:31:51,485 [Worker-106: Launching districtservice (20)] INFO  o.eclipse.m2e.core.internal.Bundles - 	Entry: C:\Users\hp\.p2\pool\plugins\org.eclipse.m2e.maven.runtime_3.9.1200.20260112-2306\jars\maven-resolver-impl-1.9.25.jar
2026-04-12 22:31:51,487 [Worker-106: Launching districtservice (20)] INFO  o.eclipse.m2e.core.internal.Bundles - 	Entry: C:\Users\hp\.p2\pool\plugins\org.eclipse.m2e.maven.runtime_3.9.1200.20260112-2306\jars\maven-resolver-named-locks-1.9.25.jar
2026-04-12 22:31:51,487 [Worker-106: Launching districtservice (20)] INFO  o.eclipse.m2e.core.internal.Bundles - 	Entry: C:\Users\hp\.p2\pool\plugins\org.eclipse.m2e.maven.runtime_3.9.1200.20260112-2306\jars\maven-resolver-provider-3.9.12.jar
2026-04-12 22:31:51,487 [Worker-106: Launching districtservice (20)] INFO  o.eclipse.m2e.core.internal.Bundles - 	Entry: C:\Users\hp\.p2\pool\plugins\org.eclipse.m2e.maven.runtime_3.9.1200.20260112-2306\jars\maven-resolver-spi-1.9.25.jar
2026-04-12 22:31:51,487 [Worker-106: Launching districtservice (20)] INFO  o.eclipse.m2e.core.internal.Bundles - 	Entry: C:\Users\hp\.p2\pool\plugins\org.eclipse.m2e.maven.runtime_3.9.1200.20260112-2306\jars\maven-resolver-transport-file-1.9.25.jar
2026-04-12 22:31:51,488 [Worker-106: Launching districtservice (20)] INFO  o.eclipse.m2e.core.internal.Bundles - 	Entry: C:\Users\hp\.p2\pool\plugins\org.eclipse.m2e.maven.runtime_3.9.1200.20260112-2306\jars\maven-resolver-transport-http-1.9.25.jar
2026-04-12 22:31:51,488 [Worker-106: Launching districtservice (20)] INFO  o.eclipse.m2e.core.internal.Bundles - 	Entry: C:\Users\hp\.p2\pool\plugins\org.eclipse.m2e.maven.runtime_3.9.1200.20260112-2306\jars\maven-resolver-transport-wagon-1.9.25.jar
2026-04-12 22:31:51,488 [Worker-106: Launching districtservice (20)] INFO  o.eclipse.m2e.core.internal.Bundles - 	Entry: C:\Users\hp\.p2\pool\plugins\org.eclipse.m2e.maven.runtime_3.9.1200.20260112-2306\jars\maven-resolver-util-1.9.25.jar
2026-04-12 22:31:51,488 [Worker-106: Launching districtservice (20)] INFO  o.eclipse.m2e.core.internal.Bundles - 	Entry: C:\Users\hp\.p2\pool\plugins\org.eclipse.m2e.maven.runtime_3.9.1200.20260112-2306\jars\maven-settings-3.9.12.jar
2026-04-12 22:31:51,488 [Worker-106: Launching districtservice (20)] INFO  o.eclipse.m2e.core.internal.Bundles - 	Entry: C:\Users\hp\.p2\pool\plugins\org.eclipse.m2e.maven.runtime_3.9.1200.20260112-2306\jars\maven-settings-builder-3.9.12.jar
2026-04-12 22:31:51,489 [Worker-106: Launching districtservice (20)] INFO  o.eclipse.m2e.core.internal.Bundles - 	Entry: C:\Users\hp\.p2\pool\plugins\org.eclipse.m2e.maven.runtime_3.9.1200.20260112-2306\jars\maven-shared-utils-3.4.2.jar
2026-04-12 22:31:51,489 [Worker-106: Launching districtservice (20)] INFO  o.eclipse.m2e.core.internal.Bundles - 	Entry: C:\Users\hp\.p2\pool\plugins\org.eclipse.m2e.maven.runtime_3.9.1200.20260112-2306\jars\org.eclipse.sisu.inject-0.9.0.M4.jar
2026-04-12 22:31:51,489 [Worker-106: Launching districtservice (20)] INFO  o.eclipse.m2e.core.internal.Bundles - 	Entry: C:\Users\hp\.p2\pool\plugins\org.eclipse.m2e.maven.runtime_3.9.1200.20260112-2306\jars\org.eclipse.sisu.plexus-0.9.0.M4.jar
2026-04-12 22:31:51,489 [Worker-106: Launching districtservice (20)] INFO  o.eclipse.m2e.core.internal.Bundles - 	Entry: C:\Users\hp\.p2\pool\plugins\org.eclipse.m2e.maven.runtime_3.9.1200.20260112-2306\jars\plexus-build-api-0.0.7.jar
2026-04-12 22:31:51,489 [Worker-106: Launching districtservice (20)] INFO  o.eclipse.m2e.core.internal.Bundles - 	Entry: C:\Users\hp\.p2\pool\plugins\org.eclipse.m2e.maven.runtime_3.9.1200.20260112-2306\jars\plexus-build-api-1.2.0.jar
2026-04-12 22:31:51,490 [Worker-106: Launching districtservice (20)] INFO  o.eclipse.m2e.core.internal.Bundles - 	Entry: C:\Users\hp\.p2\pool\plugins\org.eclipse.m2e.maven.runtime_3.9.1200.20260112-2306\jars\plexus-cipher-2.0.jar
2026-04-12 22:31:51,490 [Worker-106: Launching districtservice (20)] INFO  o.eclipse.m2e.core.internal.Bundles - 	Entry: C:\Users\hp\.p2\pool\plugins\org.eclipse.m2e.maven.runtime_3.9.1200.20260112-2306\jars\plexus-classworlds-2.9.0.jar
2026-04-12 22:31:51,490 [Worker-106: Launching districtservice (20)] INFO  o.eclipse.m2e.core.internal.Bundles - 	Entry: C:\Users\hp\.p2\pool\plugins\org.eclipse.m2e.maven.runtime_3.9.1200.20260112-2306\jars\plexus-component-annotations-2.2.0.jar
2026-04-12 22:31:51,490 [Worker-106: Launching districtservice (20)] INFO  o.eclipse.m2e.core.internal.Bundles - 	Entry: C:\Users\hp\.p2\pool\plugins\org.eclipse.m2e.maven.runtime_3.9.1200.20260112-2306\jars\plexus-interpolation-1.29.jar
2026-04-12 22:31:51,490 [Worker-106: Launching districtservice (20)] INFO  o.eclipse.m2e.core.internal.Bundles - 	Entry: C:\Users\hp\.p2\pool\plugins\org.eclipse.m2e.maven.runtime_3.9.1200.20260112-2306\jars\plexus-sec-dispatcher-2.0.jar
2026-04-12 22:31:51,491 [Worker-106: Launching districtservice (20)] INFO  o.eclipse.m2e.core.internal.Bundles - 	Entry: C:\Users\hp\.p2\pool\plugins\org.eclipse.m2e.maven.runtime_3.9.1200.20260112-2306\jars\plexus-utils-3.6.0.jar
2026-04-12 22:31:51,491 [Worker-106: Launching districtservice (20)] INFO  o.eclipse.m2e.core.internal.Bundles - 	Entry: C:\Users\hp\.p2\pool\plugins\org.eclipse.m2e.maven.runtime_3.9.1200.20260112-2306\jars\wagon-file-3.5.3.jar
2026-04-12 22:31:51,491 [Worker-106: Launching districtservice (20)] INFO  o.eclipse.m2e.core.internal.Bundles - 	Entry: C:\Users\hp\.p2\pool\plugins\org.eclipse.m2e.maven.runtime_3.9.1200.20260112-2306\jars\wagon-http-3.5.3.jar
2026-04-12 22:31:51,491 [Worker-106: Launching districtservice (20)] INFO  o.eclipse.m2e.core.internal.Bundles - 	Entry: C:\Users\hp\.p2\pool\plugins\org.eclipse.m2e.maven.runtime_3.9.1200.20260112-2306\jars\wagon-http-shared-3.5.3.jar
2026-04-12 22:31:51,492 [Worker-106: Launching districtservice (20)] INFO  o.eclipse.m2e.core.internal.Bundles - 	Entry: C:\Users\hp\.p2\pool\plugins\org.eclipse.m2e.maven.runtime_3.9.1200.20260112-2306\jars\wagon-provider-api-3.5.3.jar
2026-04-12 22:31:51,492 [Worker-106: Launching districtservice (20)] INFO  o.eclipse.m2e.core.internal.Bundles - getClasspathEntries(Bundle=com.google.guava_33.5.0.jre [18])
2026-04-12 22:31:51,493 [Worker-106: Launching districtservice (20)] INFO  o.eclipse.m2e.core.internal.Bundles - 	Entry: C:\Users\hp\.p2\pool\plugins\com.google.guava_33.5.0.jre.jar
2026-04-12 22:31:51,493 [Worker-106: Launching districtservice (20)] INFO  o.eclipse.m2e.core.internal.Bundles - getClasspathEntries(Bundle=slf4j.api_2.0.17 [1013])
2026-04-12 22:31:51,494 [Worker-106: Launching districtservice (20)] INFO  o.eclipse.m2e.core.internal.Bundles - 	Entry: C:\Users\hp\.p2\pool\plugins\slf4j.api_2.0.17.jar
2026-04-12 22:31:51,494 [Worker-106: Launching districtservice (20)] INFO  o.eclipse.m2e.core.internal.Bundles - getClasspathEntries(Bundle=jakarta.inject.jakarta.inject-api_1.0.5 [35])
2026-04-12 22:31:51,495 [Worker-106: Launching districtservice (20)] INFO  o.eclipse.m2e.core.internal.Bundles - 	Entry: C:\Users\hp\.p2\pool\plugins\jakarta.inject.jakarta.inject-api_1.0.5.jar
2026-04-12 22:31:51,495 [Worker-106: Launching districtservice (20)] INFO  o.eclipse.m2e.core.internal.Bundles - getClasspathEntries(Bundle=jakarta.annotation-api_1.3.5 [31])
2026-04-12 22:31:51,495 [Worker-106: Launching districtservice (20)] INFO  o.eclipse.m2e.core.internal.Bundles - 	Entry: C:\Users\hp\.p2\pool\plugins\jakarta.annotation-api_1.3.5.jar
2026-04-12 22:31:51,495 [Worker-106: Launching districtservice (20)] INFO  o.eclipse.m2e.core.internal.Bundles - getClasspathEntries(Bundle=org.apache.commons.cli_1.11.0 [83])
2026-04-12 22:31:51,495 [Worker-106: Launching districtservice (20)] INFO  o.eclipse.m2e.core.internal.Bundles - 	Entry: C:\Users\hp\.p2\pool\plugins\org.apache.commons.cli_1.11.0.jar
2026-04-12 22:31:51,496 [Worker-106: Launching districtservice (20)] INFO  o.eclipse.m2e.core.internal.Bundles - getClasspathEntries(Bundle=org.apache.commons.commons-codec_1.21.0 [85])
2026-04-12 22:31:51,496 [Worker-106: Launching districtservice (20)] INFO  o.eclipse.m2e.core.internal.Bundles - 	Entry: C:\Users\hp\.p2\pool\plugins\org.apache.commons.commons-codec_1.21.0.jar
2026-04-12 22:31:51,496 [Worker-106: Launching districtservice (20)] INFO  o.eclipse.m2e.core.internal.Bundles - getClasspathEntries(Bundle=com.google.guava.failureaccess_1.0.3 [19])
2026-04-12 22:31:51,496 [Worker-106: Launching districtservice (20)] INFO  o.eclipse.m2e.core.internal.Bundles - 	Entry: C:\Users\hp\.p2\pool\plugins\com.google.guava.failureaccess_1.0.3.jar
2026-04-12 22:31:51,500 [Worker-106: Launching districtservice (20)] INFO  o.e.m.i.launch.MavenLaunchDelegate - Run build in "C:\Users\hp\Desktop\CMP404 Urban Flow Project\districtservice":
2026-04-12 22:31:51,500 [Worker-106: Launching districtservice (20)] INFO  o.e.m.i.launch.MavenLaunchDelegate -  mvn  -B -Dstyle.color=always azure-webapp:deploy
2026-04-12 22:33:18,992 [main] INFO  o.e.m2e.actions.ExecutePomAction - Creating new launch configuration
2026-04-12 22:33:23,885 [Worker-108: Launching districtservice (21)] INFO  o.eclipse.m2e.core.internal.Bundles - getClasspathEntries(Bundle=org.eclipse.m2e.maven.runtime_3.9.1200.20260112-2306 [648])
2026-04-12 22:33:23,887 [Worker-108: Launching districtservice (21)] INFO  o.eclipse.m2e.core.internal.Bundles - 	Entry: C:\Users\hp\.p2\pool\plugins\org.eclipse.m2e.maven.runtime_3.9.1200.20260112-2306
2026-04-12 22:33:23,887 [Worker-108: Launching districtservice (21)] INFO  o.eclipse.m2e.core.internal.Bundles - 	Entry: C:\Users\hp\.p2\pool\plugins\org.eclipse.m2e.maven.runtime_3.9.1200.20260112-2306\jars\aopalliance-1.0.jar
2026-04-12 22:33:23,887 [Worker-108: Launching districtservice (21)] INFO  o.eclipse.m2e.core.internal.Bundles - 	Entry: C:\Users\hp\.p2\pool\plugins\org.eclipse.m2e.maven.runtime_3.9.1200.20260112-2306\jars\asm-9.9.jar
2026-04-12 22:33:23,887 [Worker-108: Launching districtservice (21)] INFO  o.eclipse.m2e.core.internal.Bundles - 	Entry: C:\Users\hp\.p2\pool\plugins\org.eclipse.m2e.maven.runtime_3.9.1200.20260112-2306\jars\error_prone_annotations-2.41.0.jar
2026-04-12 22:33:23,888 [Worker-108: Launching districtservice (21)] INFO  o.eclipse.m2e.core.internal.Bundles - 	Entry: C:\Users\hp\.p2\pool\plugins\org.eclipse.m2e.maven.runtime_3.9.1200.20260112-2306\jars\gson-2.13.2.jar
2026-04-12 22:33:23,888 [Worker-108: Launching districtservice (21)] INFO  o.eclipse.m2e.core.internal.Bundles - 	Entry: C:\Users\hp\.p2\pool\plugins\org.eclipse.m2e.maven.runtime_3.9.1200.20260112-2306\jars\guice-5.1.0-classes.jar
2026-04-12 22:33:23,888 [Worker-108: Launching districtservice (21)] INFO  o.eclipse.m2e.core.internal.Bundles - 	Entry: C:\Users\hp\.p2\pool\plugins\org.eclipse.m2e.maven.runtime_3.9.1200.20260112-2306\jars\httpclient-4.5.14.jar
2026-04-12 22:33:23,888 [Worker-108: Launching districtservice (21)] INFO  o.eclipse.m2e.core.internal.Bundles - 	Entry: C:\Users\hp\.p2\pool\plugins\org.eclipse.m2e.maven.runtime_3.9.1200.20260112-2306\jars\httpcore-4.4.16.jar
2026-04-12 22:33:23,888 [Worker-108: Launching districtservice (21)] INFO  o.eclipse.m2e.core.internal.Bundles - 	Entry: C:\Users\hp\.p2\pool\plugins\org.eclipse.m2e.maven.runtime_3.9.1200.20260112-2306\jars\jansi-2.4.2.jar
2026-04-12 22:33:23,888 [Worker-108: Launching districtservice (21)] INFO  o.eclipse.m2e.core.internal.Bundles - 	Entry: C:\Users\hp\.p2\pool\plugins\org.eclipse.m2e.maven.runtime_3.9.1200.20260112-2306\jars\jcl-over-slf4j-1.7.36.jar
2026-04-12 22:33:23,888 [Worker-108: Launching districtservice (21)] INFO  o.eclipse.m2e.core.internal.Bundles - 	Entry: C:\Users\hp\.p2\pool\plugins\org.eclipse.m2e.maven.runtime_3.9.1200.20260112-2306\jars\maven-artifact-3.9.12.jar
2026-04-12 22:33:23,889 [Worker-108: Launching districtservice (21)] INFO  o.eclipse.m2e.core.internal.Bundles - 	Entry: C:\Users\hp\.p2\pool\plugins\org.eclipse.m2e.maven.runtime_3.9.1200.20260112-2306\jars\maven-builder-support-3.9.12.jar
2026-04-12 22:33:23,889 [Worker-108: Launching districtservice (21)] INFO  o.eclipse.m2e.core.internal.Bundles - 	Entry: C:\Users\hp\.p2\pool\plugins\org.eclipse.m2e.maven.runtime_3.9.1200.20260112-2306\jars\maven-compat-3.9.12.jar
2026-04-12 22:33:23,889 [Worker-108: Launching districtservice (21)] INFO  o.eclipse.m2e.core.internal.Bundles - 	Entry: C:\Users\hp\.p2\pool\plugins\org.eclipse.m2e.maven.runtime_3.9.1200.20260112-2306\jars\maven-core-3.9.12.jar
2026-04-12 22:33:23,889 [Worker-108: Launching districtservice (21)] INFO  o.eclipse.m2e.core.internal.Bundles - 	Entry: C:\Users\hp\.p2\pool\plugins\org.eclipse.m2e.maven.runtime_3.9.1200.20260112-2306\jars\maven-embedder-3.9.12.jar
2026-04-12 22:33:23,889 [Worker-108: Launching districtservice (21)] INFO  o.eclipse.m2e.core.internal.Bundles - 	Entry: C:\Users\hp\.p2\pool\plugins\org.eclipse.m2e.maven.runtime_3.9.1200.20260112-2306\jars\maven-model-3.9.12.jar
2026-04-12 22:33:23,889 [Worker-108: Launching districtservice (21)] INFO  o.eclipse.m2e.core.internal.Bundles - 	Entry: C:\Users\hp\.p2\pool\plugins\org.eclipse.m2e.maven.runtime_3.9.1200.20260112-2306\jars\maven-model-builder-3.9.12.jar
2026-04-12 22:33:23,889 [Worker-108: Launching districtservice (21)] INFO  o.eclipse.m2e.core.internal.Bundles - 	Entry: C:\Users\hp\.p2\pool\plugins\org.eclipse.m2e.maven.runtime_3.9.1200.20260112-2306\jars\maven-plugin-api-3.9.12.jar
2026-04-12 22:33:23,890 [Worker-108: Launching districtservice (21)] INFO  o.eclipse.m2e.core.internal.Bundles - 	Entry: C:\Users\hp\.p2\pool\plugins\org.eclipse.m2e.maven.runtime_3.9.1200.20260112-2306\jars\maven-repository-metadata-3.9.12.jar
2026-04-12 22:33:23,890 [Worker-108: Launching districtservice (21)] INFO  o.eclipse.m2e.core.internal.Bundles - 	Entry: C:\Users\hp\.p2\pool\plugins\org.eclipse.m2e.maven.runtime_3.9.1200.20260112-2306\jars\maven-resolver-api-1.9.25.jar
2026-04-12 22:33:23,890 [Worker-108: Launching districtservice (21)] INFO  o.eclipse.m2e.core.internal.Bundles - 	Entry: C:\Users\hp\.p2\pool\plugins\org.eclipse.m2e.maven.runtime_3.9.1200.20260112-2306\jars\maven-resolver-connector-basic-1.9.25.jar
2026-04-12 22:33:23,890 [Worker-108: Launching districtservice (21)] INFO  o.eclipse.m2e.core.internal.Bundles - 	Entry: C:\Users\hp\.p2\pool\plugins\org.eclipse.m2e.maven.runtime_3.9.1200.20260112-2306\jars\maven-resolver-impl-1.9.25.jar
2026-04-12 22:33:23,890 [Worker-108: Launching districtservice (21)] INFO  o.eclipse.m2e.core.internal.Bundles - 	Entry: C:\Users\hp\.p2\pool\plugins\org.eclipse.m2e.maven.runtime_3.9.1200.20260112-2306\jars\maven-resolver-named-locks-1.9.25.jar
2026-04-12 22:33:23,890 [Worker-108: Launching districtservice (21)] INFO  o.eclipse.m2e.core.internal.Bundles - 	Entry: C:\Users\hp\.p2\pool\plugins\org.eclipse.m2e.maven.runtime_3.9.1200.20260112-2306\jars\maven-resolver-provider-3.9.12.jar
2026-04-12 22:33:23,890 [Worker-108: Launching districtservice (21)] INFO  o.eclipse.m2e.core.internal.Bundles - 	Entry: C:\Users\hp\.p2\pool\plugins\org.eclipse.m2e.maven.runtime_3.9.1200.20260112-2306\jars\maven-resolver-spi-1.9.25.jar
2026-04-12 22:33:23,891 [Worker-108: Launching districtservice (21)] INFO  o.eclipse.m2e.core.internal.Bundles - 	Entry: C:\Users\hp\.p2\pool\plugins\org.eclipse.m2e.maven.runtime_3.9.1200.20260112-2306\jars\maven-resolver-transport-file-1.9.25.jar
2026-04-12 22:33:23,891 [Worker-108: Launching districtservice (21)] INFO  o.eclipse.m2e.core.internal.Bundles - 	Entry: C:\Users\hp\.p2\pool\plugins\org.eclipse.m2e.maven.runtime_3.9.1200.20260112-2306\jars\maven-resolver-transport-http-1.9.25.jar
2026-04-12 22:33:23,891 [Worker-108: Launching districtservice (21)] INFO  o.eclipse.m2e.core.internal.Bundles - 	Entry: C:\Users\hp\.p2\pool\plugins\org.eclipse.m2e.maven.runtime_3.9.1200.20260112-2306\jars\maven-resolver-transport-wagon-1.9.25.jar
2026-04-12 22:33:23,891 [Worker-108: Launching districtservice (21)] INFO  o.eclipse.m2e.core.internal.Bundles - 	Entry: C:\Users\hp\.p2\pool\plugins\org.eclipse.m2e.maven.runtime_3.9.1200.20260112-2306\jars\maven-resolver-util-1.9.25.jar
2026-04-12 22:33:23,891 [Worker-108: Launching districtservice (21)] INFO  o.eclipse.m2e.core.internal.Bundles - 	Entry: C:\Users\hp\.p2\pool\plugins\org.eclipse.m2e.maven.runtime_3.9.1200.20260112-2306\jars\maven-settings-3.9.12.jar
2026-04-12 22:33:23,891 [Worker-108: Launching districtservice (21)] INFO  o.eclipse.m2e.core.internal.Bundles - 	Entry: C:\Users\hp\.p2\pool\plugins\org.eclipse.m2e.maven.runtime_3.9.1200.20260112-2306\jars\maven-settings-builder-3.9.12.jar
2026-04-12 22:33:23,891 [Worker-108: Launching districtservice (21)] INFO  o.eclipse.m2e.core.internal.Bundles - 	Entry: C:\Users\hp\.p2\pool\plugins\org.eclipse.m2e.maven.runtime_3.9.1200.20260112-2306\jars\maven-shared-utils-3.4.2.jar
2026-04-12 22:33:23,892 [Worker-108: Launching districtservice (21)] INFO  o.eclipse.m2e.core.internal.Bundles - 	Entry: C:\Users\hp\.p2\pool\plugins\org.eclipse.m2e.maven.runtime_3.9.1200.20260112-2306\jars\org.eclipse.sisu.inject-0.9.0.M4.jar
2026-04-12 22:33:23,892 [Worker-108: Launching districtservice (21)] INFO  o.eclipse.m2e.core.internal.Bundles - 	Entry: C:\Users\hp\.p2\pool\plugins\org.eclipse.m2e.maven.runtime_3.9.1200.20260112-2306\jars\org.eclipse.sisu.plexus-0.9.0.M4.jar
2026-04-12 22:33:23,892 [Worker-108: Launching districtservice (21)] INFO  o.eclipse.m2e.core.internal.Bundles - 	Entry: C:\Users\hp\.p2\pool\plugins\org.eclipse.m2e.maven.runtime_3.9.1200.20260112-2306\jars\plexus-build-api-0.0.7.jar
2026-04-12 22:33:23,892 [Worker-108: Launching districtservice (21)] INFO  o.eclipse.m2e.core.internal.Bundles - 	Entry: C:\Users\hp\.p2\pool\plugins\org.eclipse.m2e.maven.runtime_3.9.1200.20260112-2306\jars\plexus-build-api-1.2.0.jar
2026-04-12 22:33:23,892 [Worker-108: Launching districtservice (21)] INFO  o.eclipse.m2e.core.internal.Bundles - 	Entry: C:\Users\hp\.p2\pool\plugins\org.eclipse.m2e.maven.runtime_3.9.1200.20260112-2306\jars\plexus-cipher-2.0.jar
2026-04-12 22:33:23,892 [Worker-108: Launching districtservice (21)] INFO  o.eclipse.m2e.core.internal.Bundles - 	Entry: C:\Users\hp\.p2\pool\plugins\org.eclipse.m2e.maven.runtime_3.9.1200.20260112-2306\jars\plexus-classworlds-2.9.0.jar
2026-04-12 22:33:23,892 [Worker-108: Launching districtservice (21)] INFO  o.eclipse.m2e.core.internal.Bundles - 	Entry: C:\Users\hp\.p2\pool\plugins\org.eclipse.m2e.maven.runtime_3.9.1200.20260112-2306\jars\plexus-component-annotations-2.2.0.jar
2026-04-12 22:33:23,893 [Worker-108: Launching districtservice (21)] INFO  o.eclipse.m2e.core.internal.Bundles - 	Entry: C:\Users\hp\.p2\pool\plugins\org.eclipse.m2e.maven.runtime_3.9.1200.20260112-2306\jars\plexus-interpolation-1.29.jar
2026-04-12 22:33:23,893 [Worker-108: Launching districtservice (21)] INFO  o.eclipse.m2e.core.internal.Bundles - 	Entry: C:\Users\hp\.p2\pool\plugins\org.eclipse.m2e.maven.runtime_3.9.1200.20260112-2306\jars\plexus-sec-dispatcher-2.0.jar
2026-04-12 22:33:23,893 [Worker-108: Launching districtservice (21)] INFO  o.eclipse.m2e.core.internal.Bundles - 	Entry: C:\Users\hp\.p2\pool\plugins\org.eclipse.m2e.maven.runtime_3.9.1200.20260112-2306\jars\plexus-utils-3.6.0.jar
2026-04-12 22:33:23,893 [Worker-108: Launching districtservice (21)] INFO  o.eclipse.m2e.core.internal.Bundles - 	Entry: C:\Users\hp\.p2\pool\plugins\org.eclipse.m2e.maven.runtime_3.9.1200.20260112-2306\jars\wagon-file-3.5.3.jar
2026-04-12 22:33:23,893 [Worker-108: Launching districtservice (21)] INFO  o.eclipse.m2e.core.internal.Bundles - 	Entry: C:\Users\hp\.p2\pool\plugins\org.eclipse.m2e.maven.runtime_3.9.1200.20260112-2306\jars\wagon-http-3.5.3.jar
2026-04-12 22:33:23,893 [Worker-108: Launching districtservice (21)] INFO  o.eclipse.m2e.core.internal.Bundles - 	Entry: C:\Users\hp\.p2\pool\plugins\org.eclipse.m2e.maven.runtime_3.9.1200.20260112-2306\jars\wagon-http-shared-3.5.3.jar
2026-04-12 22:33:23,893 [Worker-108: Launching districtservice (21)] INFO  o.eclipse.m2e.core.internal.Bundles - 	Entry: C:\Users\hp\.p2\pool\plugins\org.eclipse.m2e.maven.runtime_3.9.1200.20260112-2306\jars\wagon-provider-api-3.5.3.jar
2026-04-12 22:33:23,894 [Worker-108: Launching districtservice (21)] INFO  o.eclipse.m2e.core.internal.Bundles - getClasspathEntries(Bundle=com.google.guava_33.5.0.jre [18])
2026-04-12 22:33:23,894 [Worker-108: Launching districtservice (21)] INFO  o.eclipse.m2e.core.internal.Bundles - 	Entry: C:\Users\hp\.p2\pool\plugins\com.google.guava_33.5.0.jre.jar
2026-04-12 22:33:23,894 [Worker-108: Launching districtservice (21)] INFO  o.eclipse.m2e.core.internal.Bundles - getClasspathEntries(Bundle=slf4j.api_2.0.17 [1013])
2026-04-12 22:33:23,895 [Worker-108: Launching districtservice (21)] INFO  o.eclipse.m2e.core.internal.Bundles - 	Entry: C:\Users\hp\.p2\pool\plugins\slf4j.api_2.0.17.jar
2026-04-12 22:33:23,895 [Worker-108: Launching districtservice (21)] INFO  o.eclipse.m2e.core.internal.Bundles - getClasspathEntries(Bundle=jakarta.inject.jakarta.inject-api_1.0.5 [35])
2026-04-12 22:33:23,895 [Worker-108: Launching districtservice (21)] INFO  o.eclipse.m2e.core.internal.Bundles - 	Entry: C:\Users\hp\.p2\pool\plugins\jakarta.inject.jakarta.inject-api_1.0.5.jar
2026-04-12 22:33:23,895 [Worker-108: Launching districtservice (21)] INFO  o.eclipse.m2e.core.internal.Bundles - getClasspathEntries(Bundle=jakarta.annotation-api_1.3.5 [31])
2026-04-12 22:33:23,896 [Worker-108: Launching districtservice (21)] INFO  o.eclipse.m2e.core.internal.Bundles - 	Entry: C:\Users\hp\.p2\pool\plugins\jakarta.annotation-api_1.3.5.jar
2026-04-12 22:33:23,897 [Worker-108: Launching districtservice (21)] INFO  o.eclipse.m2e.core.internal.Bundles - getClasspathEntries(Bundle=org.apache.commons.cli_1.11.0 [83])
2026-04-12 22:33:23,897 [Worker-108: Launching districtservice (21)] INFO  o.eclipse.m2e.core.internal.Bundles - 	Entry: C:\Users\hp\.p2\pool\plugins\org.apache.commons.cli_1.11.0.jar
2026-04-12 22:33:23,897 [Worker-108: Launching districtservice (21)] INFO  o.eclipse.m2e.core.internal.Bundles - getClasspathEntries(Bundle=org.apache.commons.commons-codec_1.21.0 [85])
2026-04-12 22:33:23,898 [Worker-108: Launching districtservice (21)] INFO  o.eclipse.m2e.core.internal.Bundles - 	Entry: C:\Users\hp\.p2\pool\plugins\org.apache.commons.commons-codec_1.21.0.jar
2026-04-12 22:33:23,898 [Worker-108: Launching districtservice (21)] INFO  o.eclipse.m2e.core.internal.Bundles - getClasspathEntries(Bundle=com.google.guava.failureaccess_1.0.3 [19])
2026-04-12 22:33:23,899 [Worker-108: Launching districtservice (21)] INFO  o.eclipse.m2e.core.internal.Bundles - 	Entry: C:\Users\hp\.p2\pool\plugins\com.google.guava.failureaccess_1.0.3.jar
2026-04-12 22:33:23,901 [Worker-108: Launching districtservice (21)] INFO  o.e.m.i.launch.MavenLaunchDelegate - Run build in "C:\Users\hp\Desktop\CMP404 Urban Flow Project\districtservice":
2026-04-12 22:33:23,901 [Worker-108: Launching districtservice (21)] INFO  o.e.m.i.launch.MavenLaunchDelegate -  mvn  -B -Dstyle.color=always azure-webapp:deploy
2026-04-12 22:49:30,572 [Worker-113: Building] INFO  o.a.m.s.f.DefaultMavenResourcesFiltering - Copying 1 resource from src\main\resources to target\classes
2026-04-12 22:49:30,642 [Worker-113: Building] INFO  o.a.m.s.f.DefaultMavenResourcesFiltering - Copying 0 resource from src\main\resources to target\classes
2026-04-12 22:49:30,648 [Worker-113: Building] INFO  o.a.m.s.f.DefaultMavenResourcesFiltering - skip non existing resourceDirectory C:\Users\hp\Desktop\CMP404 Urban Flow Project\districtservice\src\test\resources
2026-04-12 22:49:30,682 [Worker-113: Building] WARN  o.apache.maven.project.MavenProject - Plugin is modifying compileSourceRoots through clear(), which will not work in Maven 4.0.0. Use MavenProject.addCompileSourceRoot()/removeCompileSourceRoot() methods instead. If using a plugin, please upgrade to the latest version or report the issue to the plugin maintainer. To disable these warnings, set -Dmaven.project.sourceRoots.warningsDisabled=true on the command line, in the .mvn/maven.config file, or in project POM properties.
2026-04-12 22:49:30,684 [Worker-113: Building] WARN  o.apache.maven.project.MavenProject - Plugin is modifying compileSourceRoots through add(), which will not work in Maven 4.0.0. Use MavenProject.addCompileSourceRoot()/removeCompileSourceRoot() methods instead. If using a plugin, please upgrade to the latest version or report the issue to the plugin maintainer. To disable these warnings, set -Dmaven.project.sourceRoots.warningsDisabled=true on the command line, in the .mvn/maven.config file, or in project POM properties.
2026-04-12 22:49:30,686 [Worker-113: Building] WARN  o.apache.maven.project.MavenProject - Plugin is modifying testCompileSourceRoots through clear(), which will not work in Maven 4.0.0. Use MavenProject.addTestCompileSourceRoot()/removeTestCompileSourceRoot() methods instead. If using a plugin, please upgrade to the latest version or report the issue to the plugin maintainer. To disable these warnings, set -Dmaven.project.sourceRoots.warningsDisabled=true on the command line, in the .mvn/maven.config file, or in project POM properties.
2026-04-12 22:49:30,690 [Worker-113: Building] WARN  o.apache.maven.project.MavenProject - Plugin is modifying testCompileSourceRoots through add(), which will not work in Maven 4.0.0. Use MavenProject.addTestCompileSourceRoot()/removeTestCompileSourceRoot() methods instead. If using a plugin, please upgrade to the latest version or report the issue to the plugin maintainer. To disable these warnings, set -Dmaven.project.sourceRoots.warningsDisabled=true on the command line, in the .mvn/maven.config file, or in project POM properties.
2026-04-12 22:50:17,808 [Worker-113: Building] INFO  o.a.m.s.f.DefaultMavenResourcesFiltering - Copying 1 resource from src\main\resources to target\classes
2026-04-12 22:50:17,814 [Worker-113: Building] INFO  o.a.m.s.f.DefaultMavenResourcesFiltering - Copying 0 resource from src\main\resources to target\classes
2026-04-12 22:50:17,818 [Worker-113: Building] INFO  o.a.m.s.f.DefaultMavenResourcesFiltering - skip non existing resourceDirectory C:\Users\hp\Desktop\CMP404 Urban Flow Project\districtservice\src\test\resources
2026-04-12 22:50:17,818 [Worker-113: Building] WARN  o.apache.maven.project.MavenProject - Plugin is modifying compileSourceRoots through clear(), which will not work in Maven 4.0.0. Use MavenProject.addCompileSourceRoot()/removeCompileSourceRoot() methods instead. If using a plugin, please upgrade to the latest version or report the issue to the plugin maintainer. To disable these warnings, set -Dmaven.project.sourceRoots.warningsDisabled=true on the command line, in the .mvn/maven.config file, or in project POM properties.
2026-04-12 22:50:17,819 [Worker-113: Building] WARN  o.apache.maven.project.MavenProject - Plugin is modifying compileSourceRoots through add(), which will not work in Maven 4.0.0. Use MavenProject.addCompileSourceRoot()/removeCompileSourceRoot() methods instead. If using a plugin, please upgrade to the latest version or report the issue to the plugin maintainer. To disable these warnings, set -Dmaven.project.sourceRoots.warningsDisabled=true on the command line, in the .mvn/maven.config file, or in project POM properties.
2026-04-12 22:50:17,820 [Worker-113: Building] WARN  o.apache.maven.project.MavenProject - Plugin is modifying testCompileSourceRoots through clear(), which will not work in Maven 4.0.0. Use MavenProject.addTestCompileSourceRoot()/removeTestCompileSourceRoot() methods instead. If using a plugin, please upgrade to the latest version or report the issue to the plugin maintainer. To disable these warnings, set -Dmaven.project.sourceRoots.warningsDisabled=true on the command line, in the .mvn/maven.config file, or in project POM properties.
2026-04-12 22:50:17,821 [Worker-113: Building] WARN  o.apache.maven.project.MavenProject - Plugin is modifying testCompileSourceRoots through add(), which will not work in Maven 4.0.0. Use MavenProject.addTestCompileSourceRoot()/removeTestCompileSourceRoot() methods instead. If using a plugin, please upgrade to the latest version or report the issue to the plugin maintainer. To disable these warnings, set -Dmaven.project.sourceRoots.warningsDisabled=true on the command line, in the .mvn/maven.config file, or in project POM properties.
2026-04-12 22:50:21,265 [Worker-115: Building] INFO  o.a.m.s.f.DefaultMavenResourcesFiltering - Copying 1 resource from src\main\resources to target\classes
2026-04-12 22:50:21,280 [Worker-115: Building] INFO  o.a.m.s.f.DefaultMavenResourcesFiltering - Copying 0 resource from src\main\resources to target\classes
2026-04-12 22:50:21,282 [Worker-115: Building] INFO  o.a.m.s.f.DefaultMavenResourcesFiltering - skip non existing resourceDirectory C:\Users\hp\Desktop\CMP404 Urban Flow Project\districtservice\src\test\resources
2026-04-12 22:50:21,284 [Worker-115: Building] WARN  o.apache.maven.project.MavenProject - Plugin is modifying compileSourceRoots through clear(), which will not work in Maven 4.0.0. Use MavenProject.addCompileSourceRoot()/removeCompileSourceRoot() methods instead. If using a plugin, please upgrade to the latest version or report the issue to the plugin maintainer. To disable these warnings, set -Dmaven.project.sourceRoots.warningsDisabled=true on the command line, in the .mvn/maven.config file, or in project POM properties.
2026-04-12 22:50:21,286 [Worker-115: Building] WARN  o.apache.maven.project.MavenProject - Plugin is modifying compileSourceRoots through add(), which will not work in Maven 4.0.0. Use MavenProject.addCompileSourceRoot()/removeCompileSourceRoot() methods instead. If using a plugin, please upgrade to the latest version or report the issue to the plugin maintainer. To disable these warnings, set -Dmaven.project.sourceRoots.warningsDisabled=true on the command line, in the .mvn/maven.config file, or in project POM properties.
2026-04-12 22:50:21,287 [Worker-115: Building] WARN  o.apache.maven.project.MavenProject - Plugin is modifying testCompileSourceRoots through clear(), which will not work in Maven 4.0.0. Use MavenProject.addTestCompileSourceRoot()/removeTestCompileSourceRoot() methods instead. If using a plugin, please upgrade to the latest version or report the issue to the plugin maintainer. To disable these warnings, set -Dmaven.project.sourceRoots.warningsDisabled=true on the command line, in the .mvn/maven.config file, or in project POM properties.
2026-04-12 22:50:21,288 [Worker-115: Building] WARN  o.apache.maven.project.MavenProject - Plugin is modifying testCompileSourceRoots through add(), which will not work in Maven 4.0.0. Use MavenProject.addTestCompileSourceRoot()/removeTestCompileSourceRoot() methods instead. If using a plugin, please upgrade to the latest version or report the issue to the plugin maintainer. To disable these warnings, set -Dmaven.project.sourceRoots.warningsDisabled=true on the command line, in the .mvn/maven.config file, or in project POM properties.
2026-04-12 22:51:17,004 [Worker-114: Building] INFO  o.a.m.s.f.DefaultMavenResourcesFiltering - Copying 1 resource from src\main\resources to target\classes
2026-04-12 22:51:17,035 [Worker-114: Building] INFO  o.a.m.s.f.DefaultMavenResourcesFiltering - Copying 0 resource from src\main\resources to target\classes
2026-04-12 22:51:17,040 [Worker-114: Building] INFO  o.a.m.s.f.DefaultMavenResourcesFiltering - skip non existing resourceDirectory C:\Users\hp\Desktop\CMP404 Urban Flow Project\districtservice\src\test\resources
2026-04-12 22:51:17,066 [Worker-114: Building] WARN  o.apache.maven.project.MavenProject - Plugin is modifying compileSourceRoots through clear(), which will not work in Maven 4.0.0. Use MavenProject.addCompileSourceRoot()/removeCompileSourceRoot() methods instead. If using a plugin, please upgrade to the latest version or report the issue to the plugin maintainer. To disable these warnings, set -Dmaven.project.sourceRoots.warningsDisabled=true on the command line, in the .mvn/maven.config file, or in project POM properties.
2026-04-12 22:51:17,067 [Worker-114: Building] WARN  o.apache.maven.project.MavenProject - Plugin is modifying compileSourceRoots through add(), which will not work in Maven 4.0.0. Use MavenProject.addCompileSourceRoot()/removeCompileSourceRoot() methods instead. If using a plugin, please upgrade to the latest version or report the issue to the plugin maintainer. To disable these warnings, set -Dmaven.project.sourceRoots.warningsDisabled=true on the command line, in the .mvn/maven.config file, or in project POM properties.
2026-04-12 22:51:17,068 [Worker-114: Building] WARN  o.apache.maven.project.MavenProject - Plugin is modifying testCompileSourceRoots through clear(), which will not work in Maven 4.0.0. Use MavenProject.addTestCompileSourceRoot()/removeTestCompileSourceRoot() methods instead. If using a plugin, please upgrade to the latest version or report the issue to the plugin maintainer. To disable these warnings, set -Dmaven.project.sourceRoots.warningsDisabled=true on the command line, in the .mvn/maven.config file, or in project POM properties.
2026-04-12 22:51:17,069 [Worker-114: Building] WARN  o.apache.maven.project.MavenProject - Plugin is modifying testCompileSourceRoots through add(), which will not work in Maven 4.0.0. Use MavenProject.addTestCompileSourceRoot()/removeTestCompileSourceRoot() methods instead. If using a plugin, please upgrade to the latest version or report the issue to the plugin maintainer. To disable these warnings, set -Dmaven.project.sourceRoots.warningsDisabled=true on the command line, in the .mvn/maven.config file, or in project POM properties.
2026-04-12 22:51:27,914 [Worker-114: Building] INFO  o.a.m.s.f.DefaultMavenResourcesFiltering - Copying 1 resource from src\main\resources to target\classes
2026-04-12 22:51:27,965 [Worker-114: Building] INFO  o.a.m.s.f.DefaultMavenResourcesFiltering - Copying 0 resource from src\main\resources to target\classes
2026-04-12 22:51:27,977 [Worker-114: Building] INFO  o.a.m.s.f.DefaultMavenResourcesFiltering - skip non existing resourceDirectory C:\Users\hp\Desktop\CMP404 Urban Flow Project\districtservice\src\test\resources
2026-04-12 22:51:27,978 [Worker-114: Building] WARN  o.apache.maven.project.MavenProject - Plugin is modifying compileSourceRoots through clear(), which will not work in Maven 4.0.0. Use MavenProject.addCompileSourceRoot()/removeCompileSourceRoot() methods instead. If using a plugin, please upgrade to the latest version or report the issue to the plugin maintainer. To disable these warnings, set -Dmaven.project.sourceRoots.warningsDisabled=true on the command line, in the .mvn/maven.config file, or in project POM properties.
2026-04-12 22:51:27,980 [Worker-114: Building] WARN  o.apache.maven.project.MavenProject - Plugin is modifying compileSourceRoots through add(), which will not work in Maven 4.0.0. Use MavenProject.addCompileSourceRoot()/removeCompileSourceRoot() methods instead. If using a plugin, please upgrade to the latest version or report the issue to the plugin maintainer. To disable these warnings, set -Dmaven.project.sourceRoots.warningsDisabled=true on the command line, in the .mvn/maven.config file, or in project POM properties.
2026-04-12 22:51:27,981 [Worker-114: Building] WARN  o.apache.maven.project.MavenProject - Plugin is modifying testCompileSourceRoots through clear(), which will not work in Maven 4.0.0. Use MavenProject.addTestCompileSourceRoot()/removeTestCompileSourceRoot() methods instead. If using a plugin, please upgrade to the latest version or report the issue to the plugin maintainer. To disable these warnings, set -Dmaven.project.sourceRoots.warningsDisabled=true on the command line, in the .mvn/maven.config file, or in project POM properties.
2026-04-12 22:51:27,982 [Worker-114: Building] WARN  o.apache.maven.project.MavenProject - Plugin is modifying testCompileSourceRoots through add(), which will not work in Maven 4.0.0. Use MavenProject.addTestCompileSourceRoot()/removeTestCompileSourceRoot() methods instead. If using a plugin, please upgrade to the latest version or report the issue to the plugin maintainer. To disable these warnings, set -Dmaven.project.sourceRoots.warningsDisabled=true on the command line, in the .mvn/maven.config file, or in project POM properties.
2026-04-12 22:52:21,860 [Worker-114: Building] INFO  o.a.m.s.f.DefaultMavenResourcesFiltering - Copying 1 resource from src\main\resources to target\classes
2026-04-12 22:52:21,866 [Worker-114: Building] INFO  o.a.m.s.f.DefaultMavenResourcesFiltering - Copying 0 resource from src\main\resources to target\classes
2026-04-12 22:52:21,870 [Worker-114: Building] INFO  o.a.m.s.f.DefaultMavenResourcesFiltering - skip non existing resourceDirectory C:\Users\hp\Desktop\CMP404 Urban Flow Project\districtservice\src\test\resources
2026-04-12 22:52:21,870 [Worker-114: Building] WARN  o.apache.maven.project.MavenProject - Plugin is modifying compileSourceRoots through clear(), which will not work in Maven 4.0.0. Use MavenProject.addCompileSourceRoot()/removeCompileSourceRoot() methods instead. If using a plugin, please upgrade to the latest version or report the issue to the plugin maintainer. To disable these warnings, set -Dmaven.project.sourceRoots.warningsDisabled=true on the command line, in the .mvn/maven.config file, or in project POM properties.
2026-04-12 22:52:21,871 [Worker-114: Building] WARN  o.apache.maven.project.MavenProject - Plugin is modifying compileSourceRoots through add(), which will not work in Maven 4.0.0. Use MavenProject.addCompileSourceRoot()/removeCompileSourceRoot() methods instead. If using a plugin, please upgrade to the latest version or report the issue to the plugin maintainer. To disable these warnings, set -Dmaven.project.sourceRoots.warningsDisabled=true on the command line, in the .mvn/maven.config file, or in project POM properties.
2026-04-12 22:52:21,871 [Worker-114: Building] WARN  o.apache.maven.project.MavenProject - Plugin is modifying testCompileSourceRoots through clear(), which will not work in Maven 4.0.0. Use MavenProject.addTestCompileSourceRoot()/removeTestCompileSourceRoot() methods instead. If using a plugin, please upgrade to the latest version or report the issue to the plugin maintainer. To disable these warnings, set -Dmaven.project.sourceRoots.warningsDisabled=true on the command line, in the .mvn/maven.config file, or in project POM properties.
2026-04-12 22:52:21,872 [Worker-114: Building] WARN  o.apache.maven.project.MavenProject - Plugin is modifying testCompileSourceRoots through add(), which will not work in Maven 4.0.0. Use MavenProject.addTestCompileSourceRoot()/removeTestCompileSourceRoot() methods instead. If using a plugin, please upgrade to the latest version or report the issue to the plugin maintainer. To disable these warnings, set -Dmaven.project.sourceRoots.warningsDisabled=true on the command line, in the .mvn/maven.config file, or in project POM properties.
2026-04-12 22:52:45,935 [Worker-106: Building] INFO  o.a.m.s.f.DefaultMavenResourcesFiltering - Copying 1 resource from src\main\resources to target\classes
2026-04-12 22:52:45,944 [Worker-106: Building] INFO  o.a.m.s.f.DefaultMavenResourcesFiltering - Copying 0 resource from src\main\resources to target\classes
2026-04-12 22:52:45,948 [Worker-106: Building] INFO  o.a.m.s.f.DefaultMavenResourcesFiltering - skip non existing resourceDirectory C:\Users\hp\Desktop\CMP404 Urban Flow Project\districtservice\src\test\resources
2026-04-12 22:52:45,948 [Worker-106: Building] WARN  o.apache.maven.project.MavenProject - Plugin is modifying compileSourceRoots through clear(), which will not work in Maven 4.0.0. Use MavenProject.addCompileSourceRoot()/removeCompileSourceRoot() methods instead. If using a plugin, please upgrade to the latest version or report the issue to the plugin maintainer. To disable these warnings, set -Dmaven.project.sourceRoots.warningsDisabled=true on the command line, in the .mvn/maven.config file, or in project POM properties.
2026-04-12 22:52:45,949 [Worker-106: Building] WARN  o.apache.maven.project.MavenProject - Plugin is modifying compileSourceRoots through add(), which will not work in Maven 4.0.0. Use MavenProject.addCompileSourceRoot()/removeCompileSourceRoot() methods instead. If using a plugin, please upgrade to the latest version or report the issue to the plugin maintainer. To disable these warnings, set -Dmaven.project.sourceRoots.warningsDisabled=true on the command line, in the .mvn/maven.config file, or in project POM properties.
2026-04-12 22:52:45,950 [Worker-106: Building] WARN  o.apache.maven.project.MavenProject - Plugin is modifying testCompileSourceRoots through clear(), which will not work in Maven 4.0.0. Use MavenProject.addTestCompileSourceRoot()/removeTestCompileSourceRoot() methods instead. If using a plugin, please upgrade to the latest version or report the issue to the plugin maintainer. To disable these warnings, set -Dmaven.project.sourceRoots.warningsDisabled=true on the command line, in the .mvn/maven.config file, or in project POM properties.
2026-04-12 22:52:45,950 [Worker-106: Building] WARN  o.apache.maven.project.MavenProject - Plugin is modifying testCompileSourceRoots through add(), which will not work in Maven 4.0.0. Use MavenProject.addTestCompileSourceRoot()/removeTestCompileSourceRoot() methods instead. If using a plugin, please upgrade to the latest version or report the issue to the plugin maintainer. To disable these warnings, set -Dmaven.project.sourceRoots.warningsDisabled=true on the command line, in the .mvn/maven.config file, or in project POM properties.
2026-04-12 22:53:51,880 [Worker-116: Building] INFO  o.a.m.s.f.DefaultMavenResourcesFiltering - Copying 1 resource from src\main\resources to target\classes
2026-04-12 22:53:51,888 [Worker-116: Building] INFO  o.a.m.s.f.DefaultMavenResourcesFiltering - Copying 0 resource from src\main\resources to target\classes
2026-04-12 22:53:51,891 [Worker-116: Building] INFO  o.a.m.s.f.DefaultMavenResourcesFiltering - skip non existing resourceDirectory C:\Users\hp\Desktop\CMP404 Urban Flow Project\districtservice\src\test\resources
2026-04-12 22:53:51,892 [Worker-116: Building] WARN  o.apache.maven.project.MavenProject - Plugin is modifying compileSourceRoots through clear(), which will not work in Maven 4.0.0. Use MavenProject.addCompileSourceRoot()/removeCompileSourceRoot() methods instead. If using a plugin, please upgrade to the latest version or report the issue to the plugin maintainer. To disable these warnings, set -Dmaven.project.sourceRoots.warningsDisabled=true on the command line, in the .mvn/maven.config file, or in project POM properties.
2026-04-12 22:53:51,893 [Worker-116: Building] WARN  o.apache.maven.project.MavenProject - Plugin is modifying compileSourceRoots through add(), which will not work in Maven 4.0.0. Use MavenProject.addCompileSourceRoot()/removeCompileSourceRoot() methods instead. If using a plugin, please upgrade to the latest version or report the issue to the plugin maintainer. To disable these warnings, set -Dmaven.project.sourceRoots.warningsDisabled=true on the command line, in the .mvn/maven.config file, or in project POM properties.
2026-04-12 22:53:51,894 [Worker-116: Building] WARN  o.apache.maven.project.MavenProject - Plugin is modifying testCompileSourceRoots through clear(), which will not work in Maven 4.0.0. Use MavenProject.addTestCompileSourceRoot()/removeTestCompileSourceRoot() methods instead. If using a plugin, please upgrade to the latest version or report the issue to the plugin maintainer. To disable these warnings, set -Dmaven.project.sourceRoots.warningsDisabled=true on the command line, in the .mvn/maven.config file, or in project POM properties.
2026-04-12 22:53:51,894 [Worker-116: Building] WARN  o.apache.maven.project.MavenProject - Plugin is modifying testCompileSourceRoots through add(), which will not work in Maven 4.0.0. Use MavenProject.addTestCompileSourceRoot()/removeTestCompileSourceRoot() methods instead. If using a plugin, please upgrade to the latest version or report the issue to the plugin maintainer. To disable these warnings, set -Dmaven.project.sourceRoots.warningsDisabled=true on the command line, in the .mvn/maven.config file, or in project POM properties.
2026-04-12 22:53:57,952 [Worker-113: Building] INFO  o.a.m.s.f.DefaultMavenResourcesFiltering - Copying 1 resource from src\main\resources to target\classes
2026-04-12 22:53:57,961 [Worker-113: Building] INFO  o.a.m.s.f.DefaultMavenResourcesFiltering - Copying 0 resource from src\main\resources to target\classes
2026-04-12 22:53:57,964 [Worker-113: Building] INFO  o.a.m.s.f.DefaultMavenResourcesFiltering - skip non existing resourceDirectory C:\Users\hp\Desktop\CMP404 Urban Flow Project\districtservice\src\test\resources
2026-04-12 22:53:57,965 [Worker-113: Building] WARN  o.apache.maven.project.MavenProject - Plugin is modifying compileSourceRoots through clear(), which will not work in Maven 4.0.0. Use MavenProject.addCompileSourceRoot()/removeCompileSourceRoot() methods instead. If using a plugin, please upgrade to the latest version or report the issue to the plugin maintainer. To disable these warnings, set -Dmaven.project.sourceRoots.warningsDisabled=true on the command line, in the .mvn/maven.config file, or in project POM properties.
2026-04-12 22:53:57,965 [Worker-113: Building] WARN  o.apache.maven.project.MavenProject - Plugin is modifying compileSourceRoots through add(), which will not work in Maven 4.0.0. Use MavenProject.addCompileSourceRoot()/removeCompileSourceRoot() methods instead. If using a plugin, please upgrade to the latest version or report the issue to the plugin maintainer. To disable these warnings, set -Dmaven.project.sourceRoots.warningsDisabled=true on the command line, in the .mvn/maven.config file, or in project POM properties.
2026-04-12 22:53:57,966 [Worker-113: Building] WARN  o.apache.maven.project.MavenProject - Plugin is modifying testCompileSourceRoots through clear(), which will not work in Maven 4.0.0. Use MavenProject.addTestCompileSourceRoot()/removeTestCompileSourceRoot() methods instead. If using a plugin, please upgrade to the latest version or report the issue to the plugin maintainer. To disable these warnings, set -Dmaven.project.sourceRoots.warningsDisabled=true on the command line, in the .mvn/maven.config file, or in project POM properties.
2026-04-12 22:53:57,968 [Worker-113: Building] WARN  o.apache.maven.project.MavenProject - Plugin is modifying testCompileSourceRoots through add(), which will not work in Maven 4.0.0. Use MavenProject.addTestCompileSourceRoot()/removeTestCompileSourceRoot() methods instead. If using a plugin, please upgrade to the latest version or report the issue to the plugin maintainer. To disable these warnings, set -Dmaven.project.sourceRoots.warningsDisabled=true on the command line, in the .mvn/maven.config file, or in project POM properties.
2026-04-12 22:54:01,931 [Worker-114: Building] INFO  o.a.m.s.f.DefaultMavenResourcesFiltering - Copying 1 resource from src\main\resources to target\classes
2026-04-12 22:54:01,939 [Worker-114: Building] INFO  o.a.m.s.f.DefaultMavenResourcesFiltering - Copying 0 resource from src\main\resources to target\classes
2026-04-12 22:54:01,944 [Worker-114: Building] INFO  o.a.m.s.f.DefaultMavenResourcesFiltering - skip non existing resourceDirectory C:\Users\hp\Desktop\CMP404 Urban Flow Project\districtservice\src\test\resources
2026-04-12 22:54:01,945 [Worker-114: Building] WARN  o.apache.maven.project.MavenProject - Plugin is modifying compileSourceRoots through clear(), which will not work in Maven 4.0.0. Use MavenProject.addCompileSourceRoot()/removeCompileSourceRoot() methods instead. If using a plugin, please upgrade to the latest version or report the issue to the plugin maintainer. To disable these warnings, set -Dmaven.project.sourceRoots.warningsDisabled=true on the command line, in the .mvn/maven.config file, or in project POM properties.
2026-04-12 22:54:01,946 [Worker-114: Building] WARN  o.apache.maven.project.MavenProject - Plugin is modifying compileSourceRoots through add(), which will not work in Maven 4.0.0. Use MavenProject.addCompileSourceRoot()/removeCompileSourceRoot() methods instead. If using a plugin, please upgrade to the latest version or report the issue to the plugin maintainer. To disable these warnings, set -Dmaven.project.sourceRoots.warningsDisabled=true on the command line, in the .mvn/maven.config file, or in project POM properties.
2026-04-12 22:54:01,947 [Worker-114: Building] WARN  o.apache.maven.project.MavenProject - Plugin is modifying testCompileSourceRoots through clear(), which will not work in Maven 4.0.0. Use MavenProject.addTestCompileSourceRoot()/removeTestCompileSourceRoot() methods instead. If using a plugin, please upgrade to the latest version or report the issue to the plugin maintainer. To disable these warnings, set -Dmaven.project.sourceRoots.warningsDisabled=true on the command line, in the .mvn/maven.config file, or in project POM properties.
2026-04-12 22:54:01,948 [Worker-114: Building] WARN  o.apache.maven.project.MavenProject - Plugin is modifying testCompileSourceRoots through add(), which will not work in Maven 4.0.0. Use MavenProject.addTestCompileSourceRoot()/removeTestCompileSourceRoot() methods instead. If using a plugin, please upgrade to the latest version or report the issue to the plugin maintainer. To disable these warnings, set -Dmaven.project.sourceRoots.warningsDisabled=true on the command line, in the .mvn/maven.config file, or in project POM properties.
2026-04-12 22:54:27,235 [Worker-116: Building] INFO  o.a.m.s.f.DefaultMavenResourcesFiltering - Copying 1 resource from src\main\resources to target\classes
2026-04-12 22:54:27,244 [Worker-116: Building] INFO  o.a.m.s.f.DefaultMavenResourcesFiltering - Copying 0 resource from src\main\resources to target\classes
2026-04-12 22:54:27,247 [Worker-116: Building] INFO  o.a.m.s.f.DefaultMavenResourcesFiltering - skip non existing resourceDirectory C:\Users\hp\Desktop\CMP404 Urban Flow Project\districtservice\src\test\resources
2026-04-12 22:54:27,247 [Worker-116: Building] WARN  o.apache.maven.project.MavenProject - Plugin is modifying compileSourceRoots through clear(), which will not work in Maven 4.0.0. Use MavenProject.addCompileSourceRoot()/removeCompileSourceRoot() methods instead. If using a plugin, please upgrade to the latest version or report the issue to the plugin maintainer. To disable these warnings, set -Dmaven.project.sourceRoots.warningsDisabled=true on the command line, in the .mvn/maven.config file, or in project POM properties.
2026-04-12 22:54:27,248 [Worker-116: Building] WARN  o.apache.maven.project.MavenProject - Plugin is modifying compileSourceRoots through add(), which will not work in Maven 4.0.0. Use MavenProject.addCompileSourceRoot()/removeCompileSourceRoot() methods instead. If using a plugin, please upgrade to the latest version or report the issue to the plugin maintainer. To disable these warnings, set -Dmaven.project.sourceRoots.warningsDisabled=true on the command line, in the .mvn/maven.config file, or in project POM properties.
2026-04-12 22:54:27,249 [Worker-116: Building] WARN  o.apache.maven.project.MavenProject - Plugin is modifying testCompileSourceRoots through clear(), which will not work in Maven 4.0.0. Use MavenProject.addTestCompileSourceRoot()/removeTestCompileSourceRoot() methods instead. If using a plugin, please upgrade to the latest version or report the issue to the plugin maintainer. To disable these warnings, set -Dmaven.project.sourceRoots.warningsDisabled=true on the command line, in the .mvn/maven.config file, or in project POM properties.
2026-04-12 22:54:27,250 [Worker-116: Building] WARN  o.apache.maven.project.MavenProject - Plugin is modifying testCompileSourceRoots through add(), which will not work in Maven 4.0.0. Use MavenProject.addTestCompileSourceRoot()/removeTestCompileSourceRoot() methods instead. If using a plugin, please upgrade to the latest version or report the issue to the plugin maintainer. To disable these warnings, set -Dmaven.project.sourceRoots.warningsDisabled=true on the command line, in the .mvn/maven.config file, or in project POM properties.
2026-04-12 22:54:37,964 [Worker-118: Building] INFO  o.a.m.s.f.DefaultMavenResourcesFiltering - Copying 1 resource from src\main\resources to target\classes
2026-04-12 22:54:37,975 [Worker-118: Building] INFO  o.a.m.s.f.DefaultMavenResourcesFiltering - Copying 0 resource from src\main\resources to target\classes
2026-04-12 22:54:37,980 [Worker-118: Building] INFO  o.a.m.s.f.DefaultMavenResourcesFiltering - skip non existing resourceDirectory C:\Users\hp\Desktop\CMP404 Urban Flow Project\districtservice\src\test\resources
2026-04-12 22:54:37,980 [Worker-118: Building] WARN  o.apache.maven.project.MavenProject - Plugin is modifying compileSourceRoots through clear(), which will not work in Maven 4.0.0. Use MavenProject.addCompileSourceRoot()/removeCompileSourceRoot() methods instead. If using a plugin, please upgrade to the latest version or report the issue to the plugin maintainer. To disable these warnings, set -Dmaven.project.sourceRoots.warningsDisabled=true on the command line, in the .mvn/maven.config file, or in project POM properties.
2026-04-12 22:54:37,981 [Worker-118: Building] WARN  o.apache.maven.project.MavenProject - Plugin is modifying compileSourceRoots through add(), which will not work in Maven 4.0.0. Use MavenProject.addCompileSourceRoot()/removeCompileSourceRoot() methods instead. If using a plugin, please upgrade to the latest version or report the issue to the plugin maintainer. To disable these warnings, set -Dmaven.project.sourceRoots.warningsDisabled=true on the command line, in the .mvn/maven.config file, or in project POM properties.
2026-04-12 22:54:37,982 [Worker-118: Building] WARN  o.apache.maven.project.MavenProject - Plugin is modifying testCompileSourceRoots through clear(), which will not work in Maven 4.0.0. Use MavenProject.addTestCompileSourceRoot()/removeTestCompileSourceRoot() methods instead. If using a plugin, please upgrade to the latest version or report the issue to the plugin maintainer. To disable these warnings, set -Dmaven.project.sourceRoots.warningsDisabled=true on the command line, in the .mvn/maven.config file, or in project POM properties.
2026-04-12 22:54:37,983 [Worker-118: Building] WARN  o.apache.maven.project.MavenProject - Plugin is modifying testCompileSourceRoots through add(), which will not work in Maven 4.0.0. Use MavenProject.addTestCompileSourceRoot()/removeTestCompileSourceRoot() methods instead. If using a plugin, please upgrade to the latest version or report the issue to the plugin maintainer. To disable these warnings, set -Dmaven.project.sourceRoots.warningsDisabled=true on the command line, in the .mvn/maven.config file, or in project POM properties.
2026-04-12 23:05:15,826 [Worker-120: Building] INFO  o.a.m.s.f.DefaultMavenResourcesFiltering - Copying 1 resource from src\main\resources to target\classes
2026-04-12 23:05:15,872 [Worker-120: Building] INFO  o.a.m.s.f.DefaultMavenResourcesFiltering - Copying 0 resource from src\main\resources to target\classes
2026-04-12 23:05:15,882 [Worker-120: Building] INFO  o.a.m.s.f.DefaultMavenResourcesFiltering - skip non existing resourceDirectory C:\Users\hp\Desktop\CMP404 Urban Flow Project\districtservice\src\test\resources
2026-04-12 23:05:15,883 [Worker-120: Building] WARN  o.apache.maven.project.MavenProject - Plugin is modifying compileSourceRoots through clear(), which will not work in Maven 4.0.0. Use MavenProject.addCompileSourceRoot()/removeCompileSourceRoot() methods instead. If using a plugin, please upgrade to the latest version or report the issue to the plugin maintainer. To disable these warnings, set -Dmaven.project.sourceRoots.warningsDisabled=true on the command line, in the .mvn/maven.config file, or in project POM properties.
2026-04-12 23:05:15,885 [Worker-120: Building] WARN  o.apache.maven.project.MavenProject - Plugin is modifying compileSourceRoots through add(), which will not work in Maven 4.0.0. Use MavenProject.addCompileSourceRoot()/removeCompileSourceRoot() methods instead. If using a plugin, please upgrade to the latest version or report the issue to the plugin maintainer. To disable these warnings, set -Dmaven.project.sourceRoots.warningsDisabled=true on the command line, in the .mvn/maven.config file, or in project POM properties.
2026-04-12 23:05:15,886 [Worker-120: Building] WARN  o.apache.maven.project.MavenProject - Plugin is modifying testCompileSourceRoots through clear(), which will not work in Maven 4.0.0. Use MavenProject.addTestCompileSourceRoot()/removeTestCompileSourceRoot() methods instead. If using a plugin, please upgrade to the latest version or report the issue to the plugin maintainer. To disable these warnings, set -Dmaven.project.sourceRoots.warningsDisabled=true on the command line, in the .mvn/maven.config file, or in project POM properties.
2026-04-12 23:05:15,886 [Worker-120: Building] WARN  o.apache.maven.project.MavenProject - Plugin is modifying testCompileSourceRoots through add(), which will not work in Maven 4.0.0. Use MavenProject.addTestCompileSourceRoot()/removeTestCompileSourceRoot() methods instead. If using a plugin, please upgrade to the latest version or report the issue to the plugin maintainer. To disable these warnings, set -Dmaven.project.sourceRoots.warningsDisabled=true on the command line, in the .mvn/maven.config file, or in project POM properties.
2026-04-12 23:13:46,350 [Worker-123: Building] INFO  o.a.m.s.f.DefaultMavenResourcesFiltering - Copying 1 resource from src\main\resources to target\classes
2026-04-12 23:13:46,356 [Worker-123: Building] INFO  o.a.m.s.f.DefaultMavenResourcesFiltering - Copying 0 resource from src\main\resources to target\classes
2026-04-12 23:13:46,359 [Worker-123: Building] INFO  o.a.m.s.f.DefaultMavenResourcesFiltering - skip non existing resourceDirectory C:\Users\hp\Desktop\CMP404 Urban Flow Project\districtservice\src\test\resources
2026-04-12 23:13:46,359 [Worker-123: Building] WARN  o.apache.maven.project.MavenProject - Plugin is modifying compileSourceRoots through clear(), which will not work in Maven 4.0.0. Use MavenProject.addCompileSourceRoot()/removeCompileSourceRoot() methods instead. If using a plugin, please upgrade to the latest version or report the issue to the plugin maintainer. To disable these warnings, set -Dmaven.project.sourceRoots.warningsDisabled=true on the command line, in the .mvn/maven.config file, or in project POM properties.
2026-04-12 23:13:46,360 [Worker-123: Building] WARN  o.apache.maven.project.MavenProject - Plugin is modifying compileSourceRoots through add(), which will not work in Maven 4.0.0. Use MavenProject.addCompileSourceRoot()/removeCompileSourceRoot() methods instead. If using a plugin, please upgrade to the latest version or report the issue to the plugin maintainer. To disable these warnings, set -Dmaven.project.sourceRoots.warningsDisabled=true on the command line, in the .mvn/maven.config file, or in project POM properties.
2026-04-12 23:13:46,360 [Worker-123: Building] WARN  o.apache.maven.project.MavenProject - Plugin is modifying testCompileSourceRoots through clear(), which will not work in Maven 4.0.0. Use MavenProject.addTestCompileSourceRoot()/removeTestCompileSourceRoot() methods instead. If using a plugin, please upgrade to the latest version or report the issue to the plugin maintainer. To disable these warnings, set -Dmaven.project.sourceRoots.warningsDisabled=true on the command line, in the .mvn/maven.config file, or in project POM properties.
2026-04-12 23:13:46,361 [Worker-123: Building] WARN  o.apache.maven.project.MavenProject - Plugin is modifying testCompileSourceRoots through add(), which will not work in Maven 4.0.0. Use MavenProject.addTestCompileSourceRoot()/removeTestCompileSourceRoot() methods instead. If using a plugin, please upgrade to the latest version or report the issue to the plugin maintainer. To disable these warnings, set -Dmaven.project.sourceRoots.warningsDisabled=true on the command line, in the .mvn/maven.config file, or in project POM properties.
2026-04-12 23:14:22,433 [Worker-123: Building] INFO  o.a.m.s.f.DefaultMavenResourcesFiltering - Copying 1 resource from src\main\resources to target\classes
2026-04-12 23:14:22,444 [Worker-123: Building] INFO  o.a.m.s.f.DefaultMavenResourcesFiltering - Copying 0 resource from src\main\resources to target\classes
2026-04-12 23:14:22,447 [Worker-123: Building] INFO  o.a.m.s.f.DefaultMavenResourcesFiltering - skip non existing resourceDirectory C:\Users\hp\Desktop\CMP404 Urban Flow Project\districtservice\src\test\resources
2026-04-12 23:14:22,447 [Worker-123: Building] WARN  o.apache.maven.project.MavenProject - Plugin is modifying compileSourceRoots through clear(), which will not work in Maven 4.0.0. Use MavenProject.addCompileSourceRoot()/removeCompileSourceRoot() methods instead. If using a plugin, please upgrade to the latest version or report the issue to the plugin maintainer. To disable these warnings, set -Dmaven.project.sourceRoots.warningsDisabled=true on the command line, in the .mvn/maven.config file, or in project POM properties.
2026-04-12 23:14:22,448 [Worker-123: Building] WARN  o.apache.maven.project.MavenProject - Plugin is modifying compileSourceRoots through add(), which will not work in Maven 4.0.0. Use MavenProject.addCompileSourceRoot()/removeCompileSourceRoot() methods instead. If using a plugin, please upgrade to the latest version or report the issue to the plugin maintainer. To disable these warnings, set -Dmaven.project.sourceRoots.warningsDisabled=true on the command line, in the .mvn/maven.config file, or in project POM properties.
2026-04-12 23:14:22,448 [Worker-123: Building] WARN  o.apache.maven.project.MavenProject - Plugin is modifying testCompileSourceRoots through clear(), which will not work in Maven 4.0.0. Use MavenProject.addTestCompileSourceRoot()/removeTestCompileSourceRoot() methods instead. If using a plugin, please upgrade to the latest version or report the issue to the plugin maintainer. To disable these warnings, set -Dmaven.project.sourceRoots.warningsDisabled=true on the command line, in the .mvn/maven.config file, or in project POM properties.
2026-04-12 23:14:22,449 [Worker-123: Building] WARN  o.apache.maven.project.MavenProject - Plugin is modifying testCompileSourceRoots through add(), which will not work in Maven 4.0.0. Use MavenProject.addTestCompileSourceRoot()/removeTestCompileSourceRoot() methods instead. If using a plugin, please upgrade to the latest version or report the issue to the plugin maintainer. To disable these warnings, set -Dmaven.project.sourceRoots.warningsDisabled=true on the command line, in the .mvn/maven.config file, or in project POM properties.
2026-04-12 23:14:55,637 [Worker-122: Building] INFO  o.a.m.s.f.DefaultMavenResourcesFiltering - Copying 1 resource from src\main\resources to target\classes
2026-04-12 23:14:55,656 [Worker-122: Building] INFO  o.a.m.s.f.DefaultMavenResourcesFiltering - Copying 0 resource from src\main\resources to target\classes
2026-04-12 23:14:55,662 [Worker-122: Building] INFO  o.a.m.s.f.DefaultMavenResourcesFiltering - skip non existing resourceDirectory C:\Users\hp\Desktop\CMP404 Urban Flow Project\districtservice\src\test\resources
2026-04-12 23:14:55,662 [Worker-122: Building] WARN  o.apache.maven.project.MavenProject - Plugin is modifying compileSourceRoots through clear(), which will not work in Maven 4.0.0. Use MavenProject.addCompileSourceRoot()/removeCompileSourceRoot() methods instead. If using a plugin, please upgrade to the latest version or report the issue to the plugin maintainer. To disable these warnings, set -Dmaven.project.sourceRoots.warningsDisabled=true on the command line, in the .mvn/maven.config file, or in project POM properties.
2026-04-12 23:14:55,663 [Worker-122: Building] WARN  o.apache.maven.project.MavenProject - Plugin is modifying compileSourceRoots through add(), which will not work in Maven 4.0.0. Use MavenProject.addCompileSourceRoot()/removeCompileSourceRoot() methods instead. If using a plugin, please upgrade to the latest version or report the issue to the plugin maintainer. To disable these warnings, set -Dmaven.project.sourceRoots.warningsDisabled=true on the command line, in the .mvn/maven.config file, or in project POM properties.
2026-04-12 23:14:55,663 [Worker-122: Building] WARN  o.apache.maven.project.MavenProject - Plugin is modifying testCompileSourceRoots through clear(), which will not work in Maven 4.0.0. Use MavenProject.addTestCompileSourceRoot()/removeTestCompileSourceRoot() methods instead. If using a plugin, please upgrade to the latest version or report the issue to the plugin maintainer. To disable these warnings, set -Dmaven.project.sourceRoots.warningsDisabled=true on the command line, in the .mvn/maven.config file, or in project POM properties.
2026-04-12 23:14:55,664 [Worker-122: Building] WARN  o.apache.maven.project.MavenProject - Plugin is modifying testCompileSourceRoots through add(), which will not work in Maven 4.0.0. Use MavenProject.addTestCompileSourceRoot()/removeTestCompileSourceRoot() methods instead. If using a plugin, please upgrade to the latest version or report the issue to the plugin maintainer. To disable these warnings, set -Dmaven.project.sourceRoots.warningsDisabled=true on the command line, in the .mvn/maven.config file, or in project POM properties.
2026-04-12 23:15:01,741 [main] INFO  o.e.m2e.actions.ExecutePomAction - Creating new launch configuration
2026-04-12 23:16:29,181 [Worker-125: Building] INFO  o.a.m.s.f.DefaultMavenResourcesFiltering - Copying 1 resource from src\main\resources to target\classes
2026-04-12 23:16:29,188 [Worker-125: Building] INFO  o.a.m.s.f.DefaultMavenResourcesFiltering - Copying 0 resource from src\main\resources to target\classes
2026-04-12 23:16:29,190 [Worker-125: Building] INFO  o.a.m.s.f.DefaultMavenResourcesFiltering - skip non existing resourceDirectory C:\Users\hp\Desktop\CMP404 Urban Flow Project\districtservice\src\test\resources
2026-04-12 23:16:29,191 [Worker-125: Building] WARN  o.apache.maven.project.MavenProject - Plugin is modifying compileSourceRoots through clear(), which will not work in Maven 4.0.0. Use MavenProject.addCompileSourceRoot()/removeCompileSourceRoot() methods instead. If using a plugin, please upgrade to the latest version or report the issue to the plugin maintainer. To disable these warnings, set -Dmaven.project.sourceRoots.warningsDisabled=true on the command line, in the .mvn/maven.config file, or in project POM properties.
2026-04-12 23:16:29,191 [Worker-125: Building] WARN  o.apache.maven.project.MavenProject - Plugin is modifying compileSourceRoots through add(), which will not work in Maven 4.0.0. Use MavenProject.addCompileSourceRoot()/removeCompileSourceRoot() methods instead. If using a plugin, please upgrade to the latest version or report the issue to the plugin maintainer. To disable these warnings, set -Dmaven.project.sourceRoots.warningsDisabled=true on the command line, in the .mvn/maven.config file, or in project POM properties.
2026-04-12 23:16:29,192 [Worker-125: Building] WARN  o.apache.maven.project.MavenProject - Plugin is modifying testCompileSourceRoots through clear(), which will not work in Maven 4.0.0. Use MavenProject.addTestCompileSourceRoot()/removeTestCompileSourceRoot() methods instead. If using a plugin, please upgrade to the latest version or report the issue to the plugin maintainer. To disable these warnings, set -Dmaven.project.sourceRoots.warningsDisabled=true on the command line, in the .mvn/maven.config file, or in project POM properties.
2026-04-12 23:16:29,192 [Worker-125: Building] WARN  o.apache.maven.project.MavenProject - Plugin is modifying testCompileSourceRoots through add(), which will not work in Maven 4.0.0. Use MavenProject.addTestCompileSourceRoot()/removeTestCompileSourceRoot() methods instead. If using a plugin, please upgrade to the latest version or report the issue to the plugin maintainer. To disable these warnings, set -Dmaven.project.sourceRoots.warningsDisabled=true on the command line, in the .mvn/maven.config file, or in project POM properties.
2026-04-12 23:18:12,280 [Worker-128: Building] INFO  o.a.m.s.f.DefaultMavenResourcesFiltering - Copying 1 resource from src\main\resources to target\classes
2026-04-12 23:18:12,287 [Worker-128: Building] INFO  o.a.m.s.f.DefaultMavenResourcesFiltering - Copying 0 resource from src\main\resources to target\classes
2026-04-12 23:18:12,290 [Worker-128: Building] INFO  o.a.m.s.f.DefaultMavenResourcesFiltering - skip non existing resourceDirectory C:\Users\hp\Desktop\CMP404 Urban Flow Project\districtservice\src\test\resources
2026-04-12 23:18:12,290 [Worker-128: Building] WARN  o.apache.maven.project.MavenProject - Plugin is modifying compileSourceRoots through clear(), which will not work in Maven 4.0.0. Use MavenProject.addCompileSourceRoot()/removeCompileSourceRoot() methods instead. If using a plugin, please upgrade to the latest version or report the issue to the plugin maintainer. To disable these warnings, set -Dmaven.project.sourceRoots.warningsDisabled=true on the command line, in the .mvn/maven.config file, or in project POM properties.
2026-04-12 23:18:12,290 [Worker-128: Building] WARN  o.apache.maven.project.MavenProject - Plugin is modifying compileSourceRoots through add(), which will not work in Maven 4.0.0. Use MavenProject.addCompileSourceRoot()/removeCompileSourceRoot() methods instead. If using a plugin, please upgrade to the latest version or report the issue to the plugin maintainer. To disable these warnings, set -Dmaven.project.sourceRoots.warningsDisabled=true on the command line, in the .mvn/maven.config file, or in project POM properties.
2026-04-12 23:18:12,291 [Worker-128: Building] WARN  o.apache.maven.project.MavenProject - Plugin is modifying testCompileSourceRoots through clear(), which will not work in Maven 4.0.0. Use MavenProject.addTestCompileSourceRoot()/removeTestCompileSourceRoot() methods instead. If using a plugin, please upgrade to the latest version or report the issue to the plugin maintainer. To disable these warnings, set -Dmaven.project.sourceRoots.warningsDisabled=true on the command line, in the .mvn/maven.config file, or in project POM properties.
2026-04-12 23:18:12,291 [Worker-128: Building] WARN  o.apache.maven.project.MavenProject - Plugin is modifying testCompileSourceRoots through add(), which will not work in Maven 4.0.0. Use MavenProject.addTestCompileSourceRoot()/removeTestCompileSourceRoot() methods instead. If using a plugin, please upgrade to the latest version or report the issue to the plugin maintainer. To disable these warnings, set -Dmaven.project.sourceRoots.warningsDisabled=true on the command line, in the .mvn/maven.config file, or in project POM properties.
2026-04-12 23:18:31,689 [Worker-122: Building] INFO  o.a.m.s.f.DefaultMavenResourcesFiltering - Copying 1 resource from src\main\resources to target\classes
2026-04-12 23:18:31,697 [Worker-122: Building] INFO  o.a.m.s.f.DefaultMavenResourcesFiltering - Copying 0 resource from src\main\resources to target\classes
2026-04-12 23:18:31,700 [Worker-122: Building] INFO  o.a.m.s.f.DefaultMavenResourcesFiltering - skip non existing resourceDirectory C:\Users\hp\Desktop\CMP404 Urban Flow Project\districtservice\src\test\resources
2026-04-12 23:18:31,701 [Worker-122: Building] WARN  o.apache.maven.project.MavenProject - Plugin is modifying compileSourceRoots through clear(), which will not work in Maven 4.0.0. Use MavenProject.addCompileSourceRoot()/removeCompileSourceRoot() methods instead. If using a plugin, please upgrade to the latest version or report the issue to the plugin maintainer. To disable these warnings, set -Dmaven.project.sourceRoots.warningsDisabled=true on the command line, in the .mvn/maven.config file, or in project POM properties.
2026-04-12 23:18:31,702 [Worker-122: Building] WARN  o.apache.maven.project.MavenProject - Plugin is modifying compileSourceRoots through add(), which will not work in Maven 4.0.0. Use MavenProject.addCompileSourceRoot()/removeCompileSourceRoot() methods instead. If using a plugin, please upgrade to the latest version or report the issue to the plugin maintainer. To disable these warnings, set -Dmaven.project.sourceRoots.warningsDisabled=true on the command line, in the .mvn/maven.config file, or in project POM properties.
2026-04-12 23:18:31,702 [Worker-122: Building] WARN  o.apache.maven.project.MavenProject - Plugin is modifying testCompileSourceRoots through clear(), which will not work in Maven 4.0.0. Use MavenProject.addTestCompileSourceRoot()/removeTestCompileSourceRoot() methods instead. If using a plugin, please upgrade to the latest version or report the issue to the plugin maintainer. To disable these warnings, set -Dmaven.project.sourceRoots.warningsDisabled=true on the command line, in the .mvn/maven.config file, or in project POM properties.
2026-04-12 23:18:31,703 [Worker-122: Building] WARN  o.apache.maven.project.MavenProject - Plugin is modifying testCompileSourceRoots through add(), which will not work in Maven 4.0.0. Use MavenProject.addTestCompileSourceRoot()/removeTestCompileSourceRoot() methods instead. If using a plugin, please upgrade to the latest version or report the issue to the plugin maintainer. To disable these warnings, set -Dmaven.project.sourceRoots.warningsDisabled=true on the command line, in the .mvn/maven.config file, or in project POM properties.
2026-04-12 23:19:48,223 [Worker-130: Building] INFO  o.a.m.s.f.DefaultMavenResourcesFiltering - Copying 1 resource from src\main\resources to target\classes
2026-04-12 23:19:48,230 [Worker-130: Building] INFO  o.a.m.s.f.DefaultMavenResourcesFiltering - Copying 0 resource from src\main\resources to target\classes
2026-04-12 23:19:48,233 [Worker-130: Building] INFO  o.a.m.s.f.DefaultMavenResourcesFiltering - skip non existing resourceDirectory C:\Users\hp\Desktop\CMP404 Urban Flow Project\districtservice\src\test\resources
2026-04-12 23:19:48,233 [Worker-130: Building] WARN  o.apache.maven.project.MavenProject - Plugin is modifying compileSourceRoots through clear(), which will not work in Maven 4.0.0. Use MavenProject.addCompileSourceRoot()/removeCompileSourceRoot() methods instead. If using a plugin, please upgrade to the latest version or report the issue to the plugin maintainer. To disable these warnings, set -Dmaven.project.sourceRoots.warningsDisabled=true on the command line, in the .mvn/maven.config file, or in project POM properties.
2026-04-12 23:19:48,234 [Worker-130: Building] WARN  o.apache.maven.project.MavenProject - Plugin is modifying compileSourceRoots through add(), which will not work in Maven 4.0.0. Use MavenProject.addCompileSourceRoot()/removeCompileSourceRoot() methods instead. If using a plugin, please upgrade to the latest version or report the issue to the plugin maintainer. To disable these warnings, set -Dmaven.project.sourceRoots.warningsDisabled=true on the command line, in the .mvn/maven.config file, or in project POM properties.
2026-04-12 23:19:48,235 [Worker-130: Building] WARN  o.apache.maven.project.MavenProject - Plugin is modifying testCompileSourceRoots through clear(), which will not work in Maven 4.0.0. Use MavenProject.addTestCompileSourceRoot()/removeTestCompileSourceRoot() methods instead. If using a plugin, please upgrade to the latest version or report the issue to the plugin maintainer. To disable these warnings, set -Dmaven.project.sourceRoots.warningsDisabled=true on the command line, in the .mvn/maven.config file, or in project POM properties.
2026-04-12 23:19:48,235 [Worker-130: Building] WARN  o.apache.maven.project.MavenProject - Plugin is modifying testCompileSourceRoots through add(), which will not work in Maven 4.0.0. Use MavenProject.addTestCompileSourceRoot()/removeTestCompileSourceRoot() methods instead. If using a plugin, please upgrade to the latest version or report the issue to the plugin maintainer. To disable these warnings, set -Dmaven.project.sourceRoots.warningsDisabled=true on the command line, in the .mvn/maven.config file, or in project POM properties.
2026-04-12 23:20:02,310 [Worker-127: Building] INFO  o.a.m.s.f.DefaultMavenResourcesFiltering - Copying 1 resource from src\main\resources to target\classes
2026-04-12 23:20:02,315 [Worker-127: Building] INFO  o.a.m.s.f.DefaultMavenResourcesFiltering - Copying 0 resource from src\main\resources to target\classes
2026-04-12 23:20:02,317 [Worker-127: Building] INFO  o.a.m.s.f.DefaultMavenResourcesFiltering - skip non existing resourceDirectory C:\Users\hp\Desktop\CMP404 Urban Flow Project\districtservice\src\test\resources
2026-04-12 23:20:02,317 [Worker-127: Building] WARN  o.apache.maven.project.MavenProject - Plugin is modifying compileSourceRoots through clear(), which will not work in Maven 4.0.0. Use MavenProject.addCompileSourceRoot()/removeCompileSourceRoot() methods instead. If using a plugin, please upgrade to the latest version or report the issue to the plugin maintainer. To disable these warnings, set -Dmaven.project.sourceRoots.warningsDisabled=true on the command line, in the .mvn/maven.config file, or in project POM properties.
2026-04-12 23:20:02,317 [Worker-127: Building] WARN  o.apache.maven.project.MavenProject - Plugin is modifying compileSourceRoots through add(), which will not work in Maven 4.0.0. Use MavenProject.addCompileSourceRoot()/removeCompileSourceRoot() methods instead. If using a plugin, please upgrade to the latest version or report the issue to the plugin maintainer. To disable these warnings, set -Dmaven.project.sourceRoots.warningsDisabled=true on the command line, in the .mvn/maven.config file, or in project POM properties.
2026-04-12 23:20:02,318 [Worker-127: Building] WARN  o.apache.maven.project.MavenProject - Plugin is modifying testCompileSourceRoots through clear(), which will not work in Maven 4.0.0. Use MavenProject.addTestCompileSourceRoot()/removeTestCompileSourceRoot() methods instead. If using a plugin, please upgrade to the latest version or report the issue to the plugin maintainer. To disable these warnings, set -Dmaven.project.sourceRoots.warningsDisabled=true on the command line, in the .mvn/maven.config file, or in project POM properties.
2026-04-12 23:20:02,318 [Worker-127: Building] WARN  o.apache.maven.project.MavenProject - Plugin is modifying testCompileSourceRoots through add(), which will not work in Maven 4.0.0. Use MavenProject.addTestCompileSourceRoot()/removeTestCompileSourceRoot() methods instead. If using a plugin, please upgrade to the latest version or report the issue to the plugin maintainer. To disable these warnings, set -Dmaven.project.sourceRoots.warningsDisabled=true on the command line, in the .mvn/maven.config file, or in project POM properties.
2026-04-12 23:21:49,188 [Worker-127: Building] INFO  o.a.m.s.f.DefaultMavenResourcesFiltering - Copying 1 resource from src\main\resources to target\classes
2026-04-12 23:21:49,196 [Worker-127: Building] INFO  o.a.m.s.f.DefaultMavenResourcesFiltering - Copying 0 resource from src\main\resources to target\classes
2026-04-12 23:21:49,200 [Worker-127: Building] INFO  o.a.m.s.f.DefaultMavenResourcesFiltering - skip non existing resourceDirectory C:\Users\hp\Desktop\CMP404 Urban Flow Project\districtservice\src\test\resources
2026-04-12 23:21:49,200 [Worker-127: Building] WARN  o.apache.maven.project.MavenProject - Plugin is modifying compileSourceRoots through clear(), which will not work in Maven 4.0.0. Use MavenProject.addCompileSourceRoot()/removeCompileSourceRoot() methods instead. If using a plugin, please upgrade to the latest version or report the issue to the plugin maintainer. To disable these warnings, set -Dmaven.project.sourceRoots.warningsDisabled=true on the command line, in the .mvn/maven.config file, or in project POM properties.
2026-04-12 23:21:49,201 [Worker-127: Building] WARN  o.apache.maven.project.MavenProject - Plugin is modifying compileSourceRoots through add(), which will not work in Maven 4.0.0. Use MavenProject.addCompileSourceRoot()/removeCompileSourceRoot() methods instead. If using a plugin, please upgrade to the latest version or report the issue to the plugin maintainer. To disable these warnings, set -Dmaven.project.sourceRoots.warningsDisabled=true on the command line, in the .mvn/maven.config file, or in project POM properties.
2026-04-12 23:21:49,201 [Worker-127: Building] WARN  o.apache.maven.project.MavenProject - Plugin is modifying testCompileSourceRoots through clear(), which will not work in Maven 4.0.0. Use MavenProject.addTestCompileSourceRoot()/removeTestCompileSourceRoot() methods instead. If using a plugin, please upgrade to the latest version or report the issue to the plugin maintainer. To disable these warnings, set -Dmaven.project.sourceRoots.warningsDisabled=true on the command line, in the .mvn/maven.config file, or in project POM properties.
2026-04-12 23:21:49,202 [Worker-127: Building] WARN  o.apache.maven.project.MavenProject - Plugin is modifying testCompileSourceRoots through add(), which will not work in Maven 4.0.0. Use MavenProject.addTestCompileSourceRoot()/removeTestCompileSourceRoot() methods instead. If using a plugin, please upgrade to the latest version or report the issue to the plugin maintainer. To disable these warnings, set -Dmaven.project.sourceRoots.warningsDisabled=true on the command line, in the .mvn/maven.config file, or in project POM properties.
2026-04-12 23:24:40,926 [Worker-128: Building] INFO  o.a.m.s.f.DefaultMavenResourcesFiltering - Copying 1 resource from src\main\resources to target\classes
2026-04-12 23:24:40,933 [Worker-128: Building] INFO  o.a.m.s.f.DefaultMavenResourcesFiltering - Copying 0 resource from src\main\resources to target\classes
2026-04-12 23:24:40,935 [Worker-128: Building] INFO  o.a.m.s.f.DefaultMavenResourcesFiltering - skip non existing resourceDirectory C:\Users\hp\Desktop\CMP404 Urban Flow Project\districtservice\src\test\resources
2026-04-12 23:24:40,935 [Worker-128: Building] WARN  o.apache.maven.project.MavenProject - Plugin is modifying compileSourceRoots through clear(), which will not work in Maven 4.0.0. Use MavenProject.addCompileSourceRoot()/removeCompileSourceRoot() methods instead. If using a plugin, please upgrade to the latest version or report the issue to the plugin maintainer. To disable these warnings, set -Dmaven.project.sourceRoots.warningsDisabled=true on the command line, in the .mvn/maven.config file, or in project POM properties.
2026-04-12 23:24:40,936 [Worker-128: Building] WARN  o.apache.maven.project.MavenProject - Plugin is modifying compileSourceRoots through add(), which will not work in Maven 4.0.0. Use MavenProject.addCompileSourceRoot()/removeCompileSourceRoot() methods instead. If using a plugin, please upgrade to the latest version or report the issue to the plugin maintainer. To disable these warnings, set -Dmaven.project.sourceRoots.warningsDisabled=true on the command line, in the .mvn/maven.config file, or in project POM properties.
2026-04-12 23:24:40,936 [Worker-128: Building] WARN  o.apache.maven.project.MavenProject - Plugin is modifying testCompileSourceRoots through clear(), which will not work in Maven 4.0.0. Use MavenProject.addTestCompileSourceRoot()/removeTestCompileSourceRoot() methods instead. If using a plugin, please upgrade to the latest version or report the issue to the plugin maintainer. To disable these warnings, set -Dmaven.project.sourceRoots.warningsDisabled=true on the command line, in the .mvn/maven.config file, or in project POM properties.
2026-04-12 23:24:40,937 [Worker-128: Building] WARN  o.apache.maven.project.MavenProject - Plugin is modifying testCompileSourceRoots through add(), which will not work in Maven 4.0.0. Use MavenProject.addTestCompileSourceRoot()/removeTestCompileSourceRoot() methods instead. If using a plugin, please upgrade to the latest version or report the issue to the plugin maintainer. To disable these warnings, set -Dmaven.project.sourceRoots.warningsDisabled=true on the command line, in the .mvn/maven.config file, or in project POM properties.
2026-04-12 23:24:55,029 [Worker-132: Building] INFO  o.a.m.s.f.DefaultMavenResourcesFiltering - Copying 1 resource from src\main\resources to target\classes
2026-04-12 23:24:55,036 [Worker-132: Building] INFO  o.a.m.s.f.DefaultMavenResourcesFiltering - Copying 0 resource from src\main\resources to target\classes
2026-04-12 23:24:55,041 [Worker-132: Building] INFO  o.a.m.s.f.DefaultMavenResourcesFiltering - skip non existing resourceDirectory C:\Users\hp\Desktop\CMP404 Urban Flow Project\districtservice\src\test\resources
2026-04-12 23:24:55,042 [Worker-132: Building] WARN  o.apache.maven.project.MavenProject - Plugin is modifying compileSourceRoots through clear(), which will not work in Maven 4.0.0. Use MavenProject.addCompileSourceRoot()/removeCompileSourceRoot() methods instead. If using a plugin, please upgrade to the latest version or report the issue to the plugin maintainer. To disable these warnings, set -Dmaven.project.sourceRoots.warningsDisabled=true on the command line, in the .mvn/maven.config file, or in project POM properties.
2026-04-12 23:24:55,043 [Worker-132: Building] WARN  o.apache.maven.project.MavenProject - Plugin is modifying compileSourceRoots through add(), which will not work in Maven 4.0.0. Use MavenProject.addCompileSourceRoot()/removeCompileSourceRoot() methods instead. If using a plugin, please upgrade to the latest version or report the issue to the plugin maintainer. To disable these warnings, set -Dmaven.project.sourceRoots.warningsDisabled=true on the command line, in the .mvn/maven.config file, or in project POM properties.
2026-04-12 23:24:55,043 [Worker-132: Building] WARN  o.apache.maven.project.MavenProject - Plugin is modifying testCompileSourceRoots through clear(), which will not work in Maven 4.0.0. Use MavenProject.addTestCompileSourceRoot()/removeTestCompileSourceRoot() methods instead. If using a plugin, please upgrade to the latest version or report the issue to the plugin maintainer. To disable these warnings, set -Dmaven.project.sourceRoots.warningsDisabled=true on the command line, in the .mvn/maven.config file, or in project POM properties.
2026-04-12 23:24:55,044 [Worker-132: Building] WARN  o.apache.maven.project.MavenProject - Plugin is modifying testCompileSourceRoots through add(), which will not work in Maven 4.0.0. Use MavenProject.addTestCompileSourceRoot()/removeTestCompileSourceRoot() methods instead. If using a plugin, please upgrade to the latest version or report the issue to the plugin maintainer. To disable these warnings, set -Dmaven.project.sourceRoots.warningsDisabled=true on the command line, in the .mvn/maven.config file, or in project POM properties.
2026-04-12 23:26:38,925 [Worker-135: Launching DistrictserviceApplication] INFO  o.a.m.s.f.DefaultMavenResourcesFiltering - Copying 1 resource from src\main\resources to target\classes
2026-04-12 23:26:38,962 [Worker-135: Launching DistrictserviceApplication] INFO  o.a.m.s.f.DefaultMavenResourcesFiltering - Copying 0 resource from src\main\resources to target\classes
2026-04-12 23:26:38,974 [Worker-135: Launching DistrictserviceApplication] INFO  o.a.m.s.f.DefaultMavenResourcesFiltering - skip non existing resourceDirectory C:\Users\hp\Desktop\CMP404 Urban Flow Project\districtservice\src\test\resources
2026-04-12 23:26:38,975 [Worker-135: Launching DistrictserviceApplication] WARN  o.apache.maven.project.MavenProject - Plugin is modifying compileSourceRoots through clear(), which will not work in Maven 4.0.0. Use MavenProject.addCompileSourceRoot()/removeCompileSourceRoot() methods instead. If using a plugin, please upgrade to the latest version or report the issue to the plugin maintainer. To disable these warnings, set -Dmaven.project.sourceRoots.warningsDisabled=true on the command line, in the .mvn/maven.config file, or in project POM properties.
2026-04-12 23:26:38,976 [Worker-135: Launching DistrictserviceApplication] WARN  o.apache.maven.project.MavenProject - Plugin is modifying compileSourceRoots through add(), which will not work in Maven 4.0.0. Use MavenProject.addCompileSourceRoot()/removeCompileSourceRoot() methods instead. If using a plugin, please upgrade to the latest version or report the issue to the plugin maintainer. To disable these warnings, set -Dmaven.project.sourceRoots.warningsDisabled=true on the command line, in the .mvn/maven.config file, or in project POM properties.
2026-04-12 23:26:38,977 [Worker-135: Launching DistrictserviceApplication] WARN  o.apache.maven.project.MavenProject - Plugin is modifying testCompileSourceRoots through clear(), which will not work in Maven 4.0.0. Use MavenProject.addTestCompileSourceRoot()/removeTestCompileSourceRoot() methods instead. If using a plugin, please upgrade to the latest version or report the issue to the plugin maintainer. To disable these warnings, set -Dmaven.project.sourceRoots.warningsDisabled=true on the command line, in the .mvn/maven.config file, or in project POM properties.
2026-04-12 23:26:38,978 [Worker-135: Launching DistrictserviceApplication] WARN  o.apache.maven.project.MavenProject - Plugin is modifying testCompileSourceRoots through add(), which will not work in Maven 4.0.0. Use MavenProject.addTestCompileSourceRoot()/removeTestCompileSourceRoot() methods instead. If using a plugin, please upgrade to the latest version or report the issue to the plugin maintainer. To disable these warnings, set -Dmaven.project.sourceRoots.warningsDisabled=true on the command line, in the .mvn/maven.config file, or in project POM properties.
2026-04-12 23:32:59,459 [Worker-141: Building] INFO  o.a.m.s.f.DefaultMavenResourcesFiltering - Copying 1 resource from src\main\resources to target\classes
2026-04-12 23:32:59,466 [Worker-141: Building] INFO  o.a.m.s.f.DefaultMavenResourcesFiltering - Copying 0 resource from src\main\resources to target\classes
2026-04-12 23:32:59,468 [Worker-141: Building] INFO  o.a.m.s.f.DefaultMavenResourcesFiltering - skip non existing resourceDirectory C:\Users\hp\Desktop\CMP404 Urban Flow Project\districtservice\src\test\resources
2026-04-12 23:32:59,469 [Worker-141: Building] WARN  o.apache.maven.project.MavenProject - Plugin is modifying compileSourceRoots through clear(), which will not work in Maven 4.0.0. Use MavenProject.addCompileSourceRoot()/removeCompileSourceRoot() methods instead. If using a plugin, please upgrade to the latest version or report the issue to the plugin maintainer. To disable these warnings, set -Dmaven.project.sourceRoots.warningsDisabled=true on the command line, in the .mvn/maven.config file, or in project POM properties.
2026-04-12 23:32:59,469 [Worker-141: Building] WARN  o.apache.maven.project.MavenProject - Plugin is modifying compileSourceRoots through add(), which will not work in Maven 4.0.0. Use MavenProject.addCompileSourceRoot()/removeCompileSourceRoot() methods instead. If using a plugin, please upgrade to the latest version or report the issue to the plugin maintainer. To disable these warnings, set -Dmaven.project.sourceRoots.warningsDisabled=true on the command line, in the .mvn/maven.config file, or in project POM properties.
2026-04-12 23:32:59,470 [Worker-141: Building] WARN  o.apache.maven.project.MavenProject - Plugin is modifying testCompileSourceRoots through clear(), which will not work in Maven 4.0.0. Use MavenProject.addTestCompileSourceRoot()/removeTestCompileSourceRoot() methods instead. If using a plugin, please upgrade to the latest version or report the issue to the plugin maintainer. To disable these warnings, set -Dmaven.project.sourceRoots.warningsDisabled=true on the command line, in the .mvn/maven.config file, or in project POM properties.
2026-04-12 23:32:59,470 [Worker-141: Building] WARN  o.apache.maven.project.MavenProject - Plugin is modifying testCompileSourceRoots through add(), which will not work in Maven 4.0.0. Use MavenProject.addTestCompileSourceRoot()/removeTestCompileSourceRoot() methods instead. If using a plugin, please upgrade to the latest version or report the issue to the plugin maintainer. To disable these warnings, set -Dmaven.project.sourceRoots.warningsDisabled=true on the command line, in the .mvn/maven.config file, or in project POM properties.
2026-04-12 23:36:09,454 [Worker-139: Building] INFO  o.a.m.s.f.DefaultMavenResourcesFiltering - Copying 1 resource from src\main\resources to target\classes
2026-04-12 23:36:09,461 [Worker-139: Building] INFO  o.a.m.s.f.DefaultMavenResourcesFiltering - Copying 0 resource from src\main\resources to target\classes
2026-04-12 23:36:09,465 [Worker-139: Building] INFO  o.a.m.s.f.DefaultMavenResourcesFiltering - skip non existing resourceDirectory C:\Users\hp\Desktop\CMP404 Urban Flow Project\districtservice\src\test\resources
2026-04-12 23:36:09,467 [Worker-139: Building] WARN  o.apache.maven.project.MavenProject - Plugin is modifying compileSourceRoots through clear(), which will not work in Maven 4.0.0. Use MavenProject.addCompileSourceRoot()/removeCompileSourceRoot() methods instead. If using a plugin, please upgrade to the latest version or report the issue to the plugin maintainer. To disable these warnings, set -Dmaven.project.sourceRoots.warningsDisabled=true on the command line, in the .mvn/maven.config file, or in project POM properties.
2026-04-12 23:36:09,467 [Worker-139: Building] WARN  o.apache.maven.project.MavenProject - Plugin is modifying compileSourceRoots through add(), which will not work in Maven 4.0.0. Use MavenProject.addCompileSourceRoot()/removeCompileSourceRoot() methods instead. If using a plugin, please upgrade to the latest version or report the issue to the plugin maintainer. To disable these warnings, set -Dmaven.project.sourceRoots.warningsDisabled=true on the command line, in the .mvn/maven.config file, or in project POM properties.
2026-04-12 23:36:09,468 [Worker-139: Building] WARN  o.apache.maven.project.MavenProject - Plugin is modifying testCompileSourceRoots through clear(), which will not work in Maven 4.0.0. Use MavenProject.addTestCompileSourceRoot()/removeTestCompileSourceRoot() methods instead. If using a plugin, please upgrade to the latest version or report the issue to the plugin maintainer. To disable these warnings, set -Dmaven.project.sourceRoots.warningsDisabled=true on the command line, in the .mvn/maven.config file, or in project POM properties.
2026-04-12 23:36:09,468 [Worker-139: Building] WARN  o.apache.maven.project.MavenProject - Plugin is modifying testCompileSourceRoots through add(), which will not work in Maven 4.0.0. Use MavenProject.addTestCompileSourceRoot()/removeTestCompileSourceRoot() methods instead. If using a plugin, please upgrade to the latest version or report the issue to the plugin maintainer. To disable these warnings, set -Dmaven.project.sourceRoots.warningsDisabled=true on the command line, in the .mvn/maven.config file, or in project POM properties.
2026-04-26 19:28:21,099 [Worker-4: Loading available Gradle versions] INFO  o.e.b.c.i.u.g.PublishedGradleVersions - Gradle version information cache is out-of-date. Trying to update.
2026-04-26 20:23:50,355 [Worker-27: Building] INFO  o.a.m.s.f.DefaultMavenResourcesFiltering - Copying 1 resource from src\main\resources to target\classes
2026-04-26 20:23:50,450 [Worker-27: Building] INFO  o.a.m.s.f.DefaultMavenResourcesFiltering - Copying 0 resource from src\main\resources to target\classes
2026-04-26 20:23:50,462 [Worker-27: Building] INFO  o.a.m.s.f.DefaultMavenResourcesFiltering - skip non existing resourceDirectory C:\Users\hp\Desktop\CMP404 Urban Flow Project\districtservice\src\test\resources
2026-04-26 20:23:51,819 [Worker-27: Building] WARN  o.apache.maven.project.MavenProject - Plugin is modifying compileSourceRoots through clear(), which will not work in Maven 4.0.0. Use MavenProject.addCompileSourceRoot()/removeCompileSourceRoot() methods instead. If using a plugin, please upgrade to the latest version or report the issue to the plugin maintainer. To disable these warnings, set -Dmaven.project.sourceRoots.warningsDisabled=true on the command line, in the .mvn/maven.config file, or in project POM properties.
2026-04-26 20:23:51,823 [Worker-27: Building] WARN  o.apache.maven.project.MavenProject - Plugin is modifying compileSourceRoots through add(), which will not work in Maven 4.0.0. Use MavenProject.addCompileSourceRoot()/removeCompileSourceRoot() methods instead. If using a plugin, please upgrade to the latest version or report the issue to the plugin maintainer. To disable these warnings, set -Dmaven.project.sourceRoots.warningsDisabled=true on the command line, in the .mvn/maven.config file, or in project POM properties.
2026-04-26 20:23:51,824 [Worker-27: Building] WARN  o.apache.maven.project.MavenProject - Plugin is modifying testCompileSourceRoots through clear(), which will not work in Maven 4.0.0. Use MavenProject.addTestCompileSourceRoot()/removeTestCompileSourceRoot() methods instead. If using a plugin, please upgrade to the latest version or report the issue to the plugin maintainer. To disable these warnings, set -Dmaven.project.sourceRoots.warningsDisabled=true on the command line, in the .mvn/maven.config file, or in project POM properties.
2026-04-26 20:23:51,826 [Worker-27: Building] WARN  o.apache.maven.project.MavenProject - Plugin is modifying testCompileSourceRoots through add(), which will not work in Maven 4.0.0. Use MavenProject.addTestCompileSourceRoot()/removeTestCompileSourceRoot() methods instead. If using a plugin, please upgrade to the latest version or report the issue to the plugin maintainer. To disable these warnings, set -Dmaven.project.sourceRoots.warningsDisabled=true on the command line, in the .mvn/maven.config file, or in project POM properties.
2026-04-26 20:49:25,542 [main] INFO  o.e.m2e.actions.ExecutePomAction - Creating new launch configuration
2026-04-26 20:49:34,023 [Worker-37: Launching districtservice (23)] INFO  o.eclipse.m2e.core.internal.Bundles - getClasspathEntries(Bundle=org.eclipse.m2e.maven.runtime_3.9.1200.20260112-2306 [648])
2026-04-26 20:49:34,034 [Worker-37: Launching districtservice (23)] INFO  o.eclipse.m2e.core.internal.Bundles - 	Entry: C:\Users\hp\.p2\pool\plugins\org.eclipse.m2e.maven.runtime_3.9.1200.20260112-2306
2026-04-26 20:49:34,034 [Worker-37: Launching districtservice (23)] INFO  o.eclipse.m2e.core.internal.Bundles - 	Entry: C:\Users\hp\.p2\pool\plugins\org.eclipse.m2e.maven.runtime_3.9.1200.20260112-2306\jars\aopalliance-1.0.jar
2026-04-26 20:49:34,035 [Worker-37: Launching districtservice (23)] INFO  o.eclipse.m2e.core.internal.Bundles - 	Entry: C:\Users\hp\.p2\pool\plugins\org.eclipse.m2e.maven.runtime_3.9.1200.20260112-2306\jars\asm-9.9.jar
2026-04-26 20:49:34,036 [Worker-37: Launching districtservice (23)] INFO  o.eclipse.m2e.core.internal.Bundles - 	Entry: C:\Users\hp\.p2\pool\plugins\org.eclipse.m2e.maven.runtime_3.9.1200.20260112-2306\jars\error_prone_annotations-2.41.0.jar
2026-04-26 20:49:34,036 [Worker-37: Launching districtservice (23)] INFO  o.eclipse.m2e.core.internal.Bundles - 	Entry: C:\Users\hp\.p2\pool\plugins\org.eclipse.m2e.maven.runtime_3.9.1200.20260112-2306\jars\gson-2.13.2.jar
2026-04-26 20:49:34,038 [Worker-37: Launching districtservice (23)] INFO  o.eclipse.m2e.core.internal.Bundles - 	Entry: C:\Users\hp\.p2\pool\plugins\org.eclipse.m2e.maven.runtime_3.9.1200.20260112-2306\jars\guice-5.1.0-classes.jar
2026-04-26 20:49:34,039 [Worker-37: Launching districtservice (23)] INFO  o.eclipse.m2e.core.internal.Bundles - 	Entry: C:\Users\hp\.p2\pool\plugins\org.eclipse.m2e.maven.runtime_3.9.1200.20260112-2306\jars\httpclient-4.5.14.jar
2026-04-26 20:49:34,040 [Worker-37: Launching districtservice (23)] INFO  o.eclipse.m2e.core.internal.Bundles - 	Entry: C:\Users\hp\.p2\pool\plugins\org.eclipse.m2e.maven.runtime_3.9.1200.20260112-2306\jars\httpcore-4.4.16.jar
2026-04-26 20:49:34,041 [Worker-37: Launching districtservice (23)] INFO  o.eclipse.m2e.core.internal.Bundles - 	Entry: C:\Users\hp\.p2\pool\plugins\org.eclipse.m2e.maven.runtime_3.9.1200.20260112-2306\jars\jansi-2.4.2.jar
2026-04-26 20:49:34,041 [Worker-37: Launching districtservice (23)] INFO  o.eclipse.m2e.core.internal.Bundles - 	Entry: C:\Users\hp\.p2\pool\plugins\org.eclipse.m2e.maven.runtime_3.9.1200.20260112-2306\jars\jcl-over-slf4j-1.7.36.jar
2026-04-26 20:49:34,042 [Worker-37: Launching districtservice (23)] INFO  o.eclipse.m2e.core.internal.Bundles - 	Entry: C:\Users\hp\.p2\pool\plugins\org.eclipse.m2e.maven.runtime_3.9.1200.20260112-2306\jars\maven-artifact-3.9.12.jar
2026-04-26 20:49:34,042 [Worker-37: Launching districtservice (23)] INFO  o.eclipse.m2e.core.internal.Bundles - 	Entry: C:\Users\hp\.p2\pool\plugins\org.eclipse.m2e.maven.runtime_3.9.1200.20260112-2306\jars\maven-builder-support-3.9.12.jar
2026-04-26 20:49:34,043 [Worker-37: Launching districtservice (23)] INFO  o.eclipse.m2e.core.internal.Bundles - 	Entry: C:\Users\hp\.p2\pool\plugins\org.eclipse.m2e.maven.runtime_3.9.1200.20260112-2306\jars\maven-compat-3.9.12.jar
2026-04-26 20:49:34,043 [Worker-37: Launching districtservice (23)] INFO  o.eclipse.m2e.core.internal.Bundles - 	Entry: C:\Users\hp\.p2\pool\plugins\org.eclipse.m2e.maven.runtime_3.9.1200.20260112-2306\jars\maven-core-3.9.12.jar
2026-04-26 20:49:34,044 [Worker-37: Launching districtservice (23)] INFO  o.eclipse.m2e.core.internal.Bundles - 	Entry: C:\Users\hp\.p2\pool\plugins\org.eclipse.m2e.maven.runtime_3.9.1200.20260112-2306\jars\maven-embedder-3.9.12.jar
2026-04-26 20:49:34,045 [Worker-37: Launching districtservice (23)] INFO  o.eclipse.m2e.core.internal.Bundles - 	Entry: C:\Users\hp\.p2\pool\plugins\org.eclipse.m2e.maven.runtime_3.9.1200.20260112-2306\jars\maven-model-3.9.12.jar
2026-04-26 20:49:34,045 [Worker-37: Launching districtservice (23)] INFO  o.eclipse.m2e.core.internal.Bundles - 	Entry: C:\Users\hp\.p2\pool\plugins\org.eclipse.m2e.maven.runtime_3.9.1200.20260112-2306\jars\maven-model-builder-3.9.12.jar
2026-04-26 20:49:34,048 [Worker-37: Launching districtservice (23)] INFO  o.eclipse.m2e.core.internal.Bundles - 	Entry: C:\Users\hp\.p2\pool\plugins\org.eclipse.m2e.maven.runtime_3.9.1200.20260112-2306\jars\maven-plugin-api-3.9.12.jar
2026-04-26 20:49:34,052 [Worker-37: Launching districtservice (23)] INFO  o.eclipse.m2e.core.internal.Bundles - 	Entry: C:\Users\hp\.p2\pool\plugins\org.eclipse.m2e.maven.runtime_3.9.1200.20260112-2306\jars\maven-repository-metadata-3.9.12.jar
2026-04-26 20:49:34,053 [Worker-37: Launching districtservice (23)] INFO  o.eclipse.m2e.core.internal.Bundles - 	Entry: C:\Users\hp\.p2\pool\plugins\org.eclipse.m2e.maven.runtime_3.9.1200.20260112-2306\jars\maven-resolver-api-1.9.25.jar
2026-04-26 20:49:34,056 [Worker-37: Launching districtservice (23)] INFO  o.eclipse.m2e.core.internal.Bundles - 	Entry: C:\Users\hp\.p2\pool\plugins\org.eclipse.m2e.maven.runtime_3.9.1200.20260112-2306\jars\maven-resolver-connector-basic-1.9.25.jar
2026-04-26 20:49:34,056 [Worker-37: Launching districtservice (23)] INFO  o.eclipse.m2e.core.internal.Bundles - 	Entry: C:\Users\hp\.p2\pool\plugins\org.eclipse.m2e.maven.runtime_3.9.1200.20260112-2306\jars\maven-resolver-impl-1.9.25.jar
2026-04-26 20:49:34,058 [Worker-37: Launching districtservice (23)] INFO  o.eclipse.m2e.core.internal.Bundles - 	Entry: C:\Users\hp\.p2\pool\plugins\org.eclipse.m2e.maven.runtime_3.9.1200.20260112-2306\jars\maven-resolver-named-locks-1.9.25.jar
2026-04-26 20:49:34,060 [Worker-37: Launching districtservice (23)] INFO  o.eclipse.m2e.core.internal.Bundles - 	Entry: C:\Users\hp\.p2\pool\plugins\org.eclipse.m2e.maven.runtime_3.9.1200.20260112-2306\jars\maven-resolver-provider-3.9.12.jar
2026-04-26 20:49:34,061 [Worker-37: Launching districtservice (23)] INFO  o.eclipse.m2e.core.internal.Bundles - 	Entry: C:\Users\hp\.p2\pool\plugins\org.eclipse.m2e.maven.runtime_3.9.1200.20260112-2306\jars\maven-resolver-spi-1.9.25.jar
2026-04-26 20:49:34,061 [Worker-37: Launching districtservice (23)] INFO  o.eclipse.m2e.core.internal.Bundles - 	Entry: C:\Users\hp\.p2\pool\plugins\org.eclipse.m2e.maven.runtime_3.9.1200.20260112-2306\jars\maven-resolver-transport-file-1.9.25.jar
2026-04-26 20:49:34,062 [Worker-37: Launching districtservice (23)] INFO  o.eclipse.m2e.core.internal.Bundles - 	Entry: C:\Users\hp\.p2\pool\plugins\org.eclipse.m2e.maven.runtime_3.9.1200.20260112-2306\jars\maven-resolver-transport-http-1.9.25.jar
2026-04-26 20:49:34,062 [Worker-37: Launching districtservice (23)] INFO  o.eclipse.m2e.core.internal.Bundles - 	Entry: C:\Users\hp\.p2\pool\plugins\org.eclipse.m2e.maven.runtime_3.9.1200.20260112-2306\jars\maven-resolver-transport-wagon-1.9.25.jar
2026-04-26 20:49:34,062 [Worker-37: Launching districtservice (23)] INFO  o.eclipse.m2e.core.internal.Bundles - 	Entry: C:\Users\hp\.p2\pool\plugins\org.eclipse.m2e.maven.runtime_3.9.1200.20260112-2306\jars\maven-resolver-util-1.9.25.jar
2026-04-26 20:49:34,063 [Worker-37: Launching districtservice (23)] INFO  o.eclipse.m2e.core.internal.Bundles - 	Entry: C:\Users\hp\.p2\pool\plugins\org.eclipse.m2e.maven.runtime_3.9.1200.20260112-2306\jars\maven-settings-3.9.12.jar
2026-04-26 20:49:34,064 [Worker-37: Launching districtservice (23)] INFO  o.eclipse.m2e.core.internal.Bundles - 	Entry: C:\Users\hp\.p2\pool\plugins\org.eclipse.m2e.maven.runtime_3.9.1200.20260112-2306\jars\maven-settings-builder-3.9.12.jar
2026-04-26 20:49:34,064 [Worker-37: Launching districtservice (23)] INFO  o.eclipse.m2e.core.internal.Bundles - 	Entry: C:\Users\hp\.p2\pool\plugins\org.eclipse.m2e.maven.runtime_3.9.1200.20260112-2306\jars\maven-shared-utils-3.4.2.jar
2026-04-26 20:49:34,064 [Worker-37: Launching districtservice (23)] INFO  o.eclipse.m2e.core.internal.Bundles - 	Entry: C:\Users\hp\.p2\pool\plugins\org.eclipse.m2e.maven.runtime_3.9.1200.20260112-2306\jars\org.eclipse.sisu.inject-0.9.0.M4.jar
2026-04-26 20:49:34,066 [Worker-37: Launching districtservice (23)] INFO  o.eclipse.m2e.core.internal.Bundles - 	Entry: C:\Users\hp\.p2\pool\plugins\org.eclipse.m2e.maven.runtime_3.9.1200.20260112-2306\jars\org.eclipse.sisu.plexus-0.9.0.M4.jar
2026-04-26 20:49:34,067 [Worker-37: Launching districtservice (23)] INFO  o.eclipse.m2e.core.internal.Bundles - 	Entry: C:\Users\hp\.p2\pool\plugins\org.eclipse.m2e.maven.runtime_3.9.1200.20260112-2306\jars\plexus-build-api-0.0.7.jar
2026-04-26 20:49:34,067 [Worker-37: Launching districtservice (23)] INFO  o.eclipse.m2e.core.internal.Bundles - 	Entry: C:\Users\hp\.p2\pool\plugins\org.eclipse.m2e.maven.runtime_3.9.1200.20260112-2306\jars\plexus-build-api-1.2.0.jar
2026-04-26 20:49:34,068 [Worker-37: Launching districtservice (23)] INFO  o.eclipse.m2e.core.internal.Bundles - 	Entry: C:\Users\hp\.p2\pool\plugins\org.eclipse.m2e.maven.runtime_3.9.1200.20260112-2306\jars\plexus-cipher-2.0.jar
2026-04-26 20:49:34,070 [Worker-37: Launching districtservice (23)] INFO  o.eclipse.m2e.core.internal.Bundles - 	Entry: C:\Users\hp\.p2\pool\plugins\org.eclipse.m2e.maven.runtime_3.9.1200.20260112-2306\jars\plexus-classworlds-2.9.0.jar
2026-04-26 20:49:34,071 [Worker-37: Launching districtservice (23)] INFO  o.eclipse.m2e.core.internal.Bundles - 	Entry: C:\Users\hp\.p2\pool\plugins\org.eclipse.m2e.maven.runtime_3.9.1200.20260112-2306\jars\plexus-component-annotations-2.2.0.jar
2026-04-26 20:49:34,072 [Worker-37: Launching districtservice (23)] INFO  o.eclipse.m2e.core.internal.Bundles - 	Entry: C:\Users\hp\.p2\pool\plugins\org.eclipse.m2e.maven.runtime_3.9.1200.20260112-2306\jars\plexus-interpolation-1.29.jar
2026-04-26 20:49:34,073 [Worker-37: Launching districtservice (23)] INFO  o.eclipse.m2e.core.internal.Bundles - 	Entry: C:\Users\hp\.p2\pool\plugins\org.eclipse.m2e.maven.runtime_3.9.1200.20260112-2306\jars\plexus-sec-dispatcher-2.0.jar
2026-04-26 20:49:34,075 [Worker-37: Launching districtservice (23)] INFO  o.eclipse.m2e.core.internal.Bundles - 	Entry: C:\Users\hp\.p2\pool\plugins\org.eclipse.m2e.maven.runtime_3.9.1200.20260112-2306\jars\plexus-utils-3.6.0.jar
2026-04-26 20:49:34,075 [Worker-37: Launching districtservice (23)] INFO  o.eclipse.m2e.core.internal.Bundles - 	Entry: C:\Users\hp\.p2\pool\plugins\org.eclipse.m2e.maven.runtime_3.9.1200.20260112-2306\jars\wagon-file-3.5.3.jar
2026-04-26 20:49:34,076 [Worker-37: Launching districtservice (23)] INFO  o.eclipse.m2e.core.internal.Bundles - 	Entry: C:\Users\hp\.p2\pool\plugins\org.eclipse.m2e.maven.runtime_3.9.1200.20260112-2306\jars\wagon-http-3.5.3.jar
2026-04-26 20:49:34,078 [Worker-37: Launching districtservice (23)] INFO  o.eclipse.m2e.core.internal.Bundles - 	Entry: C:\Users\hp\.p2\pool\plugins\org.eclipse.m2e.maven.runtime_3.9.1200.20260112-2306\jars\wagon-http-shared-3.5.3.jar
2026-04-26 20:49:34,079 [Worker-37: Launching districtservice (23)] INFO  o.eclipse.m2e.core.internal.Bundles - 	Entry: C:\Users\hp\.p2\pool\plugins\org.eclipse.m2e.maven.runtime_3.9.1200.20260112-2306\jars\wagon-provider-api-3.5.3.jar
2026-04-26 20:49:34,087 [Worker-37: Launching districtservice (23)] INFO  o.eclipse.m2e.core.internal.Bundles - getClasspathEntries(Bundle=com.google.guava_33.5.0.jre [18])
2026-04-26 20:49:34,088 [Worker-37: Launching districtservice (23)] INFO  o.eclipse.m2e.core.internal.Bundles - 	Entry: C:\Users\hp\.p2\pool\plugins\com.google.guava_33.5.0.jre.jar
2026-04-26 20:49:34,090 [Worker-37: Launching districtservice (23)] INFO  o.eclipse.m2e.core.internal.Bundles - getClasspathEntries(Bundle=slf4j.api_2.0.17 [1013])
2026-04-26 20:49:34,091 [Worker-37: Launching districtservice (23)] INFO  o.eclipse.m2e.core.internal.Bundles - 	Entry: C:\Users\hp\.p2\pool\plugins\slf4j.api_2.0.17.jar
2026-04-26 20:49:34,091 [Worker-37: Launching districtservice (23)] INFO  o.eclipse.m2e.core.internal.Bundles - getClasspathEntries(Bundle=jakarta.inject.jakarta.inject-api_1.0.5 [35])
2026-04-26 20:49:34,093 [Worker-37: Launching districtservice (23)] INFO  o.eclipse.m2e.core.internal.Bundles - 	Entry: C:\Users\hp\.p2\pool\plugins\jakarta.inject.jakarta.inject-api_1.0.5.jar
2026-04-26 20:49:34,093 [Worker-37: Launching districtservice (23)] INFO  o.eclipse.m2e.core.internal.Bundles - getClasspathEntries(Bundle=jakarta.annotation-api_1.3.5 [31])
2026-04-26 20:49:34,094 [Worker-37: Launching districtservice (23)] INFO  o.eclipse.m2e.core.internal.Bundles - 	Entry: C:\Users\hp\.p2\pool\plugins\jakarta.annotation-api_1.3.5.jar
2026-04-26 20:49:34,094 [Worker-37: Launching districtservice (23)] INFO  o.eclipse.m2e.core.internal.Bundles - getClasspathEntries(Bundle=org.apache.commons.cli_1.11.0 [83])
2026-04-26 20:49:34,095 [Worker-37: Launching districtservice (23)] INFO  o.eclipse.m2e.core.internal.Bundles - 	Entry: C:\Users\hp\.p2\pool\plugins\org.apache.commons.cli_1.11.0.jar
2026-04-26 20:49:34,095 [Worker-37: Launching districtservice (23)] INFO  o.eclipse.m2e.core.internal.Bundles - getClasspathEntries(Bundle=org.apache.commons.commons-codec_1.21.0 [85])
2026-04-26 20:49:34,097 [Worker-37: Launching districtservice (23)] INFO  o.eclipse.m2e.core.internal.Bundles - 	Entry: C:\Users\hp\.p2\pool\plugins\org.apache.commons.commons-codec_1.21.0.jar
2026-04-26 20:49:34,097 [Worker-37: Launching districtservice (23)] INFO  o.eclipse.m2e.core.internal.Bundles - getClasspathEntries(Bundle=com.google.guava.failureaccess_1.0.3 [19])
2026-04-26 20:49:34,100 [Worker-37: Launching districtservice (23)] INFO  o.eclipse.m2e.core.internal.Bundles - 	Entry: C:\Users\hp\.p2\pool\plugins\com.google.guava.failureaccess_1.0.3.jar
2026-04-26 20:49:34,107 [Worker-37: Launching districtservice (23)] INFO  o.e.m.i.launch.MavenLaunchDelegate - Run build in "C:\Users\hp\Desktop\CMP404 Urban Flow Project\districtservice":
2026-04-26 20:49:34,108 [Worker-37: Launching districtservice (23)] INFO  o.e.m.i.launch.MavenLaunchDelegate -  mvn  -B -Dstyle.color=always clean package -DskipTests
2026-04-26 21:13:10,086 [Worker-47: Building] INFO  o.a.m.s.f.DefaultMavenResourcesFiltering - Copying 1 resource from src\main\resources to target\classes
2026-04-26 21:13:10,150 [Worker-47: Building] INFO  o.a.m.s.f.DefaultMavenResourcesFiltering - Copying 0 resource from src\main\resources to target\classes
2026-04-26 21:13:10,163 [Worker-47: Building] INFO  o.a.m.s.f.DefaultMavenResourcesFiltering - skip non existing resourceDirectory C:\Users\hp\Desktop\CMP404 Urban Flow Project\districtservice\src\test\resources
2026-04-26 21:13:10,226 [Worker-47: Building] WARN  o.apache.maven.project.MavenProject - Plugin is modifying compileSourceRoots through clear(), which will not work in Maven 4.0.0. Use MavenProject.addCompileSourceRoot()/removeCompileSourceRoot() methods instead. If using a plugin, please upgrade to the latest version or report the issue to the plugin maintainer. To disable these warnings, set -Dmaven.project.sourceRoots.warningsDisabled=true on the command line, in the .mvn/maven.config file, or in project POM properties.
2026-04-26 21:13:10,233 [Worker-47: Building] WARN  o.apache.maven.project.MavenProject - Plugin is modifying compileSourceRoots through add(), which will not work in Maven 4.0.0. Use MavenProject.addCompileSourceRoot()/removeCompileSourceRoot() methods instead. If using a plugin, please upgrade to the latest version or report the issue to the plugin maintainer. To disable these warnings, set -Dmaven.project.sourceRoots.warningsDisabled=true on the command line, in the .mvn/maven.config file, or in project POM properties.
2026-04-26 21:13:10,235 [Worker-47: Building] WARN  o.apache.maven.project.MavenProject - Plugin is modifying testCompileSourceRoots through clear(), which will not work in Maven 4.0.0. Use MavenProject.addTestCompileSourceRoot()/removeTestCompileSourceRoot() methods instead. If using a plugin, please upgrade to the latest version or report the issue to the plugin maintainer. To disable these warnings, set -Dmaven.project.sourceRoots.warningsDisabled=true on the command line, in the .mvn/maven.config file, or in project POM properties.
2026-04-26 21:13:10,237 [Worker-47: Building] WARN  o.apache.maven.project.MavenProject - Plugin is modifying testCompileSourceRoots through add(), which will not work in Maven 4.0.0. Use MavenProject.addTestCompileSourceRoot()/removeTestCompileSourceRoot() methods instead. If using a plugin, please upgrade to the latest version or report the issue to the plugin maintainer. To disable these warnings, set -Dmaven.project.sourceRoots.warningsDisabled=true on the command line, in the .mvn/maven.config file, or in project POM properties.
2026-04-26 21:14:59,384 [Worker-1: Loading available Gradle versions] INFO  o.e.b.c.i.u.g.PublishedGradleVersions - Gradle version information cache is up-to-date. Trying to read.
2026-04-26 21:16:55,727 [Worker-5: Loading available Gradle versions] INFO  o.e.b.c.i.u.g.PublishedGradleVersions - Gradle version information cache is up-to-date. Trying to read.
2026-04-26 21:20:51,459 [Worker-15: Web App 'urbanflow-district-service' deployment] INFO  o.eclipse.m2e.core.internal.Bundles - getClasspathEntries(Bundle=org.eclipse.m2e.maven.runtime_3.9.1200.20260112-2306 [648])
2026-04-26 21:20:51,464 [Worker-15: Web App 'urbanflow-district-service' deployment] INFO  o.eclipse.m2e.core.internal.Bundles - 	Entry: C:\Users\hp\.p2\pool\plugins\org.eclipse.m2e.maven.runtime_3.9.1200.20260112-2306
2026-04-26 21:20:51,465 [Worker-15: Web App 'urbanflow-district-service' deployment] INFO  o.eclipse.m2e.core.internal.Bundles - 	Entry: C:\Users\hp\.p2\pool\plugins\org.eclipse.m2e.maven.runtime_3.9.1200.20260112-2306\jars\aopalliance-1.0.jar
2026-04-26 21:20:51,465 [Worker-15: Web App 'urbanflow-district-service' deployment] INFO  o.eclipse.m2e.core.internal.Bundles - 	Entry: C:\Users\hp\.p2\pool\plugins\org.eclipse.m2e.maven.runtime_3.9.1200.20260112-2306\jars\asm-9.9.jar
2026-04-26 21:20:51,466 [Worker-15: Web App 'urbanflow-district-service' deployment] INFO  o.eclipse.m2e.core.internal.Bundles - 	Entry: C:\Users\hp\.p2\pool\plugins\org.eclipse.m2e.maven.runtime_3.9.1200.20260112-2306\jars\error_prone_annotations-2.41.0.jar
2026-04-26 21:20:51,466 [Worker-15: Web App 'urbanflow-district-service' deployment] INFO  o.eclipse.m2e.core.internal.Bundles - 	Entry: C:\Users\hp\.p2\pool\plugins\org.eclipse.m2e.maven.runtime_3.9.1200.20260112-2306\jars\gson-2.13.2.jar
2026-04-26 21:20:51,466 [Worker-15: Web App 'urbanflow-district-service' deployment] INFO  o.eclipse.m2e.core.internal.Bundles - 	Entry: C:\Users\hp\.p2\pool\plugins\org.eclipse.m2e.maven.runtime_3.9.1200.20260112-2306\jars\guice-5.1.0-classes.jar
2026-04-26 21:20:51,466 [Worker-15: Web App 'urbanflow-district-service' deployment] INFO  o.eclipse.m2e.core.internal.Bundles - 	Entry: C:\Users\hp\.p2\pool\plugins\org.eclipse.m2e.maven.runtime_3.9.1200.20260112-2306\jars\httpclient-4.5.14.jar
2026-04-26 21:20:51,468 [Worker-15: Web App 'urbanflow-district-service' deployment] INFO  o.eclipse.m2e.core.internal.Bundles - 	Entry: C:\Users\hp\.p2\pool\plugins\org.eclipse.m2e.maven.runtime_3.9.1200.20260112-2306\jars\httpcore-4.4.16.jar
2026-04-26 21:20:51,468 [Worker-15: Web App 'urbanflow-district-service' deployment] INFO  o.eclipse.m2e.core.internal.Bundles - 	Entry: C:\Users\hp\.p2\pool\plugins\org.eclipse.m2e.maven.runtime_3.9.1200.20260112-2306\jars\jansi-2.4.2.jar
2026-04-26 21:20:51,468 [Worker-15: Web App 'urbanflow-district-service' deployment] INFO  o.eclipse.m2e.core.internal.Bundles - 	Entry: C:\Users\hp\.p2\pool\plugins\org.eclipse.m2e.maven.runtime_3.9.1200.20260112-2306\jars\jcl-over-slf4j-1.7.36.jar
2026-04-26 21:20:51,468 [Worker-15: Web App 'urbanflow-district-service' deployment] INFO  o.eclipse.m2e.core.internal.Bundles - 	Entry: C:\Users\hp\.p2\pool\plugins\org.eclipse.m2e.maven.runtime_3.9.1200.20260112-2306\jars\maven-artifact-3.9.12.jar
2026-04-26 21:20:51,468 [Worker-15: Web App 'urbanflow-district-service' deployment] INFO  o.eclipse.m2e.core.internal.Bundles - 	Entry: C:\Users\hp\.p2\pool\plugins\org.eclipse.m2e.maven.runtime_3.9.1200.20260112-2306\jars\maven-builder-support-3.9.12.jar
2026-04-26 21:20:51,469 [Worker-15: Web App 'urbanflow-district-service' deployment] INFO  o.eclipse.m2e.core.internal.Bundles - 	Entry: C:\Users\hp\.p2\pool\plugins\org.eclipse.m2e.maven.runtime_3.9.1200.20260112-2306\jars\maven-compat-3.9.12.jar
2026-04-26 21:20:51,469 [Worker-15: Web App 'urbanflow-district-service' deployment] INFO  o.eclipse.m2e.core.internal.Bundles - 	Entry: C:\Users\hp\.p2\pool\plugins\org.eclipse.m2e.maven.runtime_3.9.1200.20260112-2306\jars\maven-core-3.9.12.jar
2026-04-26 21:20:51,469 [Worker-15: Web App 'urbanflow-district-service' deployment] INFO  o.eclipse.m2e.core.internal.Bundles - 	Entry: C:\Users\hp\.p2\pool\plugins\org.eclipse.m2e.maven.runtime_3.9.1200.20260112-2306\jars\maven-embedder-3.9.12.jar
2026-04-26 21:20:51,470 [Worker-15: Web App 'urbanflow-district-service' deployment] INFO  o.eclipse.m2e.core.internal.Bundles - 	Entry: C:\Users\hp\.p2\pool\plugins\org.eclipse.m2e.maven.runtime_3.9.1200.20260112-2306\jars\maven-model-3.9.12.jar
2026-04-26 21:20:51,470 [Worker-15: Web App 'urbanflow-district-service' deployment] INFO  o.eclipse.m2e.core.internal.Bundles - 	Entry: C:\Users\hp\.p2\pool\plugins\org.eclipse.m2e.maven.runtime_3.9.1200.20260112-2306\jars\maven-model-builder-3.9.12.jar
2026-04-26 21:20:51,470 [Worker-15: Web App 'urbanflow-district-service' deployment] INFO  o.eclipse.m2e.core.internal.Bundles - 	Entry: C:\Users\hp\.p2\pool\plugins\org.eclipse.m2e.maven.runtime_3.9.1200.20260112-2306\jars\maven-plugin-api-3.9.12.jar
2026-04-26 21:20:51,470 [Worker-15: Web App 'urbanflow-district-service' deployment] INFO  o.eclipse.m2e.core.internal.Bundles - 	Entry: C:\Users\hp\.p2\pool\plugins\org.eclipse.m2e.maven.runtime_3.9.1200.20260112-2306\jars\maven-repository-metadata-3.9.12.jar
2026-04-26 21:20:51,471 [Worker-15: Web App 'urbanflow-district-service' deployment] INFO  o.eclipse.m2e.core.internal.Bundles - 	Entry: C:\Users\hp\.p2\pool\plugins\org.eclipse.m2e.maven.runtime_3.9.1200.20260112-2306\jars\maven-resolver-api-1.9.25.jar
2026-04-26 21:20:51,473 [Worker-15: Web App 'urbanflow-district-service' deployment] INFO  o.eclipse.m2e.core.internal.Bundles - 	Entry: C:\Users\hp\.p2\pool\plugins\org.eclipse.m2e.maven.runtime_3.9.1200.20260112-2306\jars\maven-resolver-connector-basic-1.9.25.jar
2026-04-26 21:20:51,474 [Worker-15: Web App 'urbanflow-district-service' deployment] INFO  o.eclipse.m2e.core.internal.Bundles - 	Entry: C:\Users\hp\.p2\pool\plugins\org.eclipse.m2e.maven.runtime_3.9.1200.20260112-2306\jars\maven-resolver-impl-1.9.25.jar
2026-04-26 21:20:51,475 [Worker-15: Web App 'urbanflow-district-service' deployment] INFO  o.eclipse.m2e.core.internal.Bundles - 	Entry: C:\Users\hp\.p2\pool\plugins\org.eclipse.m2e.maven.runtime_3.9.1200.20260112-2306\jars\maven-resolver-named-locks-1.9.25.jar
2026-04-26 21:20:51,476 [Worker-15: Web App 'urbanflow-district-service' deployment] INFO  o.eclipse.m2e.core.internal.Bundles - 	Entry: C:\Users\hp\.p2\pool\plugins\org.eclipse.m2e.maven.runtime_3.9.1200.20260112-2306\jars\maven-resolver-provider-3.9.12.jar
2026-04-26 21:20:51,476 [Worker-15: Web App 'urbanflow-district-service' deployment] INFO  o.eclipse.m2e.core.internal.Bundles - 	Entry: C:\Users\hp\.p2\pool\plugins\org.eclipse.m2e.maven.runtime_3.9.1200.20260112-2306\jars\maven-resolver-spi-1.9.25.jar
2026-04-26 21:20:51,477 [Worker-15: Web App 'urbanflow-district-service' deployment] INFO  o.eclipse.m2e.core.internal.Bundles - 	Entry: C:\Users\hp\.p2\pool\plugins\org.eclipse.m2e.maven.runtime_3.9.1200.20260112-2306\jars\maven-resolver-transport-file-1.9.25.jar
2026-04-26 21:20:51,478 [Worker-15: Web App 'urbanflow-district-service' deployment] INFO  o.eclipse.m2e.core.internal.Bundles - 	Entry: C:\Users\hp\.p2\pool\plugins\org.eclipse.m2e.maven.runtime_3.9.1200.20260112-2306\jars\maven-resolver-transport-http-1.9.25.jar
2026-04-26 21:20:51,478 [Worker-15: Web App 'urbanflow-district-service' deployment] INFO  o.eclipse.m2e.core.internal.Bundles - 	Entry: C:\Users\hp\.p2\pool\plugins\org.eclipse.m2e.maven.runtime_3.9.1200.20260112-2306\jars\maven-resolver-transport-wagon-1.9.25.jar
2026-04-26 21:20:51,478 [Worker-15: Web App 'urbanflow-district-service' deployment] INFO  o.eclipse.m2e.core.internal.Bundles - 	Entry: C:\Users\hp\.p2\pool\plugins\org.eclipse.m2e.maven.runtime_3.9.1200.20260112-2306\jars\maven-resolver-util-1.9.25.jar
2026-04-26 21:20:51,478 [Worker-15: Web App 'urbanflow-district-service' deployment] INFO  o.eclipse.m2e.core.internal.Bundles - 	Entry: C:\Users\hp\.p2\pool\plugins\org.eclipse.m2e.maven.runtime_3.9.1200.20260112-2306\jars\maven-settings-3.9.12.jar
2026-04-26 21:20:51,479 [Worker-15: Web App 'urbanflow-district-service' deployment] INFO  o.eclipse.m2e.core.internal.Bundles - 	Entry: C:\Users\hp\.p2\pool\plugins\org.eclipse.m2e.maven.runtime_3.9.1200.20260112-2306\jars\maven-settings-builder-3.9.12.jar
2026-04-26 21:20:51,479 [Worker-15: Web App 'urbanflow-district-service' deployment] INFO  o.eclipse.m2e.core.internal.Bundles - 	Entry: C:\Users\hp\.p2\pool\plugins\org.eclipse.m2e.maven.runtime_3.9.1200.20260112-2306\jars\maven-shared-utils-3.4.2.jar
2026-04-26 21:20:51,479 [Worker-15: Web App 'urbanflow-district-service' deployment] INFO  o.eclipse.m2e.core.internal.Bundles - 	Entry: C:\Users\hp\.p2\pool\plugins\org.eclipse.m2e.maven.runtime_3.9.1200.20260112-2306\jars\org.eclipse.sisu.inject-0.9.0.M4.jar
2026-04-26 21:20:51,480 [Worker-15: Web App 'urbanflow-district-service' deployment] INFO  o.eclipse.m2e.core.internal.Bundles - 	Entry: C:\Users\hp\.p2\pool\plugins\org.eclipse.m2e.maven.runtime_3.9.1200.20260112-2306\jars\org.eclipse.sisu.plexus-0.9.0.M4.jar
2026-04-26 21:20:51,480 [Worker-15: Web App 'urbanflow-district-service' deployment] INFO  o.eclipse.m2e.core.internal.Bundles - 	Entry: C:\Users\hp\.p2\pool\plugins\org.eclipse.m2e.maven.runtime_3.9.1200.20260112-2306\jars\plexus-build-api-0.0.7.jar
2026-04-26 21:20:51,481 [Worker-15: Web App 'urbanflow-district-service' deployment] INFO  o.eclipse.m2e.core.internal.Bundles - 	Entry: C:\Users\hp\.p2\pool\plugins\org.eclipse.m2e.maven.runtime_3.9.1200.20260112-2306\jars\plexus-build-api-1.2.0.jar
2026-04-26 21:20:51,481 [Worker-15: Web App 'urbanflow-district-service' deployment] INFO  o.eclipse.m2e.core.internal.Bundles - 	Entry: C:\Users\hp\.p2\pool\plugins\org.eclipse.m2e.maven.runtime_3.9.1200.20260112-2306\jars\plexus-cipher-2.0.jar
2026-04-26 21:20:51,482 [Worker-15: Web App 'urbanflow-district-service' deployment] INFO  o.eclipse.m2e.core.internal.Bundles - 	Entry: C:\Users\hp\.p2\pool\plugins\org.eclipse.m2e.maven.runtime_3.9.1200.20260112-2306\jars\plexus-classworlds-2.9.0.jar
2026-04-26 21:20:51,483 [Worker-15: Web App 'urbanflow-district-service' deployment] INFO  o.eclipse.m2e.core.internal.Bundles - 	Entry: C:\Users\hp\.p2\pool\plugins\org.eclipse.m2e.maven.runtime_3.9.1200.20260112-2306\jars\plexus-component-annotations-2.2.0.jar
2026-04-26 21:20:51,483 [Worker-15: Web App 'urbanflow-district-service' deployment] INFO  o.eclipse.m2e.core.internal.Bundles - 	Entry: C:\Users\hp\.p2\pool\plugins\org.eclipse.m2e.maven.runtime_3.9.1200.20260112-2306\jars\plexus-interpolation-1.29.jar
2026-04-26 21:20:51,483 [Worker-15: Web App 'urbanflow-district-service' deployment] INFO  o.eclipse.m2e.core.internal.Bundles - 	Entry: C:\Users\hp\.p2\pool\plugins\org.eclipse.m2e.maven.runtime_3.9.1200.20260112-2306\jars\plexus-sec-dispatcher-2.0.jar
2026-04-26 21:20:51,484 [Worker-15: Web App 'urbanflow-district-service' deployment] INFO  o.eclipse.m2e.core.internal.Bundles - 	Entry: C:\Users\hp\.p2\pool\plugins\org.eclipse.m2e.maven.runtime_3.9.1200.20260112-2306\jars\plexus-utils-3.6.0.jar
2026-04-26 21:20:51,484 [Worker-15: Web App 'urbanflow-district-service' deployment] INFO  o.eclipse.m2e.core.internal.Bundles - 	Entry: C:\Users\hp\.p2\pool\plugins\org.eclipse.m2e.maven.runtime_3.9.1200.20260112-2306\jars\wagon-file-3.5.3.jar
2026-04-26 21:20:51,484 [Worker-15: Web App 'urbanflow-district-service' deployment] INFO  o.eclipse.m2e.core.internal.Bundles - 	Entry: C:\Users\hp\.p2\pool\plugins\org.eclipse.m2e.maven.runtime_3.9.1200.20260112-2306\jars\wagon-http-3.5.3.jar
2026-04-26 21:20:51,484 [Worker-15: Web App 'urbanflow-district-service' deployment] INFO  o.eclipse.m2e.core.internal.Bundles - 	Entry: C:\Users\hp\.p2\pool\plugins\org.eclipse.m2e.maven.runtime_3.9.1200.20260112-2306\jars\wagon-http-shared-3.5.3.jar
2026-04-26 21:20:51,485 [Worker-15: Web App 'urbanflow-district-service' deployment] INFO  o.eclipse.m2e.core.internal.Bundles - 	Entry: C:\Users\hp\.p2\pool\plugins\org.eclipse.m2e.maven.runtime_3.9.1200.20260112-2306\jars\wagon-provider-api-3.5.3.jar
2026-04-26 21:20:51,487 [Worker-15: Web App 'urbanflow-district-service' deployment] INFO  o.eclipse.m2e.core.internal.Bundles - getClasspathEntries(Bundle=com.google.guava_33.5.0.jre [18])
2026-04-26 21:20:51,488 [Worker-15: Web App 'urbanflow-district-service' deployment] INFO  o.eclipse.m2e.core.internal.Bundles - 	Entry: C:\Users\hp\.p2\pool\plugins\com.google.guava_33.5.0.jre.jar
2026-04-26 21:20:51,488 [Worker-15: Web App 'urbanflow-district-service' deployment] INFO  o.eclipse.m2e.core.internal.Bundles - getClasspathEntries(Bundle=slf4j.api_2.0.17 [1013])
2026-04-26 21:20:51,488 [Worker-15: Web App 'urbanflow-district-service' deployment] INFO  o.eclipse.m2e.core.internal.Bundles - 	Entry: C:\Users\hp\.p2\pool\plugins\slf4j.api_2.0.17.jar
2026-04-26 21:20:51,488 [Worker-15: Web App 'urbanflow-district-service' deployment] INFO  o.eclipse.m2e.core.internal.Bundles - getClasspathEntries(Bundle=jakarta.inject.jakarta.inject-api_1.0.5 [35])
2026-04-26 21:20:51,489 [Worker-15: Web App 'urbanflow-district-service' deployment] INFO  o.eclipse.m2e.core.internal.Bundles - 	Entry: C:\Users\hp\.p2\pool\plugins\jakarta.inject.jakarta.inject-api_1.0.5.jar
2026-04-26 21:20:51,489 [Worker-15: Web App 'urbanflow-district-service' deployment] INFO  o.eclipse.m2e.core.internal.Bundles - getClasspathEntries(Bundle=jakarta.annotation-api_1.3.5 [31])
2026-04-26 21:20:51,491 [Worker-15: Web App 'urbanflow-district-service' deployment] INFO  o.eclipse.m2e.core.internal.Bundles - 	Entry: C:\Users\hp\.p2\pool\plugins\jakarta.annotation-api_1.3.5.jar
2026-04-26 21:20:51,491 [Worker-15: Web App 'urbanflow-district-service' deployment] INFO  o.eclipse.m2e.core.internal.Bundles - getClasspathEntries(Bundle=org.apache.commons.cli_1.11.0 [83])
2026-04-26 21:20:51,492 [Worker-15: Web App 'urbanflow-district-service' deployment] INFO  o.eclipse.m2e.core.internal.Bundles - 	Entry: C:\Users\hp\.p2\pool\plugins\org.apache.commons.cli_1.11.0.jar
2026-04-26 21:20:51,492 [Worker-15: Web App 'urbanflow-district-service' deployment] INFO  o.eclipse.m2e.core.internal.Bundles - getClasspathEntries(Bundle=org.apache.commons.commons-codec_1.21.0 [85])
2026-04-26 21:20:51,493 [Worker-15: Web App 'urbanflow-district-service' deployment] INFO  o.eclipse.m2e.core.internal.Bundles - 	Entry: C:\Users\hp\.p2\pool\plugins\org.apache.commons.commons-codec_1.21.0.jar
2026-04-26 21:20:51,493 [Worker-15: Web App 'urbanflow-district-service' deployment] INFO  o.eclipse.m2e.core.internal.Bundles - getClasspathEntries(Bundle=com.google.guava.failureaccess_1.0.3 [19])
2026-04-26 21:20:51,493 [Worker-15: Web App 'urbanflow-district-service' deployment] INFO  o.eclipse.m2e.core.internal.Bundles - 	Entry: C:\Users\hp\.p2\pool\plugins\com.google.guava.failureaccess_1.0.3.jar
2026-04-26 21:20:51,499 [Worker-15: Web App 'urbanflow-district-service' deployment] INFO  o.e.m.i.launch.MavenLaunchDelegate - Run build in "C:\Users\hp\Desktop\CMP404 Urban Flow Project\districtservice":
2026-04-26 21:20:51,500 [Worker-15: Web App 'urbanflow-district-service' deployment] INFO  o.e.m.i.launch.MavenLaunchDelegate -  mvn  -B -Dstyle.color=always package
2026-04-27 17:55:03,999 [Worker-76: Building] INFO  o.e.m.c.i.l.LifecycleMappingFactory - Using org.eclipse.m2e.jdt.JarLifecycleMapping lifecycle mapping for MavenProject: com.example:districtservice:0.0.1-SNAPSHOT @ C:\Users\hp\Desktop\CMP404 Urban Flow Project\districtservice\pom.xml.
2026-04-27 17:55:04,877 [Worker-76: Building] INFO  o.e.m.c.i.e.AbstractTransferListenerAdapter - Downloading https://repo.maven.apache.org/maven2/org/springframework/boot/spring-boot-starter-webflux/4.0.5/spring-boot-starter-webflux-4.0.5.pom
2026-04-27 17:55:04,911 [Worker-76: Building] INFO  o.e.m.c.i.e.AbstractTransferListenerAdapter - Downloaded https://repo.maven.apache.org/maven2/org/springframework/boot/spring-boot-starter-webflux/4.0.5/spring-boot-starter-webflux-4.0.5.pom
2026-04-27 17:55:05,014 [Worker-76: Building] INFO  o.e.m.c.i.e.AbstractTransferListenerAdapter - Downloading https://repo.maven.apache.org/maven2/org/springframework/boot/spring-boot-starter-reactor-netty/4.0.5/spring-boot-starter-reactor-netty-4.0.5.pom
2026-04-27 17:55:05,032 [Worker-76: Building] INFO  o.e.m.c.i.e.AbstractTransferListenerAdapter - Downloaded https://repo.maven.apache.org/maven2/org/springframework/boot/spring-boot-starter-reactor-netty/4.0.5/spring-boot-starter-reactor-netty-4.0.5.pom
2026-04-27 17:55:05,085 [Worker-76: Building] INFO  o.e.m.c.i.e.AbstractTransferListenerAdapter - Downloading https://repo.maven.apache.org/maven2/org/springframework/boot/spring-boot-reactor/4.0.5/spring-boot-reactor-4.0.5.pom
2026-04-27 17:55:05,098 [Worker-76: Building] INFO  o.e.m.c.i.e.AbstractTransferListenerAdapter - Downloaded https://repo.maven.apache.org/maven2/org/springframework/boot/spring-boot-reactor/4.0.5/spring-boot-reactor-4.0.5.pom
2026-04-27 17:55:05,150 [Worker-76: Building] INFO  o.e.m.c.i.e.AbstractTransferListenerAdapter - Downloading https://repo.maven.apache.org/maven2/io/projectreactor/reactor-core/3.8.4/reactor-core-3.8.4.pom
2026-04-27 17:55:05,162 [Worker-76: Building] INFO  o.e.m.c.i.e.AbstractTransferListenerAdapter - Downloaded https://repo.maven.apache.org/maven2/io/projectreactor/reactor-core/3.8.4/reactor-core-3.8.4.pom
2026-04-27 17:55:05,216 [Worker-76: Building] INFO  o.e.m.c.i.e.AbstractTransferListenerAdapter - Downloading https://repo.maven.apache.org/maven2/org/springframework/boot/spring-boot-reactor-netty/4.0.5/spring-boot-reactor-netty-4.0.5.pom
2026-04-27 17:55:05,226 [Worker-76: Building] INFO  o.e.m.c.i.e.AbstractTransferListenerAdapter - Downloaded https://repo.maven.apache.org/maven2/org/springframework/boot/spring-boot-reactor-netty/4.0.5/spring-boot-reactor-netty-4.0.5.pom
2026-04-27 17:55:05,276 [Worker-76: Building] INFO  o.e.m.c.i.e.AbstractTransferListenerAdapter - Downloading https://repo.maven.apache.org/maven2/io/projectreactor/netty/reactor-netty-http/1.3.4/reactor-netty-http-1.3.4.pom
2026-04-27 17:55:05,287 [Worker-76: Building] INFO  o.e.m.c.i.e.AbstractTransferListenerAdapter - Downloaded https://repo.maven.apache.org/maven2/io/projectreactor/netty/reactor-netty-http/1.3.4/reactor-netty-http-1.3.4.pom
2026-04-27 17:55:05,342 [Worker-76: Building] INFO  o.e.m.c.i.e.AbstractTransferListenerAdapter - Downloading https://repo.maven.apache.org/maven2/io/netty/netty-codec-http/4.2.12.Final/netty-codec-http-4.2.12.Final.pom
2026-04-27 17:55:05,354 [Worker-76: Building] INFO  o.e.m.c.i.e.AbstractTransferListenerAdapter - Downloaded https://repo.maven.apache.org/maven2/io/netty/netty-codec-http/4.2.12.Final/netty-codec-http-4.2.12.Final.pom
2026-04-27 17:55:05,416 [Worker-76: Building] INFO  o.e.m.c.i.e.AbstractTransferListenerAdapter - Downloading https://repo.maven.apache.org/maven2/io/netty/netty-parent/4.2.12.Final/netty-parent-4.2.12.Final.pom
2026-04-27 17:55:05,524 [Worker-76: Building] INFO  o.e.m.c.i.e.AbstractTransferListenerAdapter - Downloaded https://repo.maven.apache.org/maven2/io/netty/netty-parent/4.2.12.Final/netty-parent-4.2.12.Final.pom
2026-04-27 17:55:05,579 [Worker-76: Building] INFO  o.e.m.c.i.e.AbstractTransferListenerAdapter - Downloading https://repo.maven.apache.org/maven2/org/bouncycastle/bc-jdk18on-bom/1.83/bc-jdk18on-bom-1.83.pom
2026-04-27 17:55:05,593 [Worker-76: Building] INFO  o.e.m.c.i.e.AbstractTransferListenerAdapter - Downloaded https://repo.maven.apache.org/maven2/org/bouncycastle/bc-jdk18on-bom/1.83/bc-jdk18on-bom-1.83.pom
2026-04-27 17:55:05,643 [Worker-76: Building] INFO  o.e.m.c.i.e.AbstractTransferListenerAdapter - Downloading https://repo.maven.apache.org/maven2/io/netty/netty-common/4.2.12.Final/netty-common-4.2.12.Final.pom
2026-04-27 17:55:05,656 [Worker-76: Building] INFO  o.e.m.c.i.e.AbstractTransferListenerAdapter - Downloaded https://repo.maven.apache.org/maven2/io/netty/netty-common/4.2.12.Final/netty-common-4.2.12.Final.pom
2026-04-27 17:55:05,716 [Worker-76: Building] INFO  o.e.m.c.i.e.AbstractTransferListenerAdapter - Downloading https://repo.maven.apache.org/maven2/io/netty/netty-buffer/4.2.12.Final/netty-buffer-4.2.12.Final.pom
2026-04-27 17:55:05,727 [Worker-76: Building] INFO  o.e.m.c.i.e.AbstractTransferListenerAdapter - Downloaded https://repo.maven.apache.org/maven2/io/netty/netty-buffer/4.2.12.Final/netty-buffer-4.2.12.Final.pom
2026-04-27 17:55:05,784 [Worker-76: Building] INFO  o.e.m.c.i.e.AbstractTransferListenerAdapter - Downloading https://repo.maven.apache.org/maven2/io/netty/netty-transport/4.2.12.Final/netty-transport-4.2.12.Final.pom
2026-04-27 17:55:05,793 [Worker-76: Building] INFO  o.e.m.c.i.e.AbstractTransferListenerAdapter - Downloaded https://repo.maven.apache.org/maven2/io/netty/netty-transport/4.2.12.Final/netty-transport-4.2.12.Final.pom
2026-04-27 17:55:05,844 [Worker-76: Building] INFO  o.e.m.c.i.e.AbstractTransferListenerAdapter - Downloading https://repo.maven.apache.org/maven2/io/netty/netty-resolver/4.2.12.Final/netty-resolver-4.2.12.Final.pom
2026-04-27 17:55:05,904 [Worker-76: Building] INFO  o.e.m.c.i.e.AbstractTransferListenerAdapter - Downloaded https://repo.maven.apache.org/maven2/io/netty/netty-resolver/4.2.12.Final/netty-resolver-4.2.12.Final.pom
2026-04-27 17:55:05,963 [Worker-76: Building] INFO  o.e.m.c.i.e.AbstractTransferListenerAdapter - Downloading https://repo.maven.apache.org/maven2/io/netty/netty-codec-base/4.2.12.Final/netty-codec-base-4.2.12.Final.pom
2026-04-27 17:55:05,978 [Worker-76: Building] INFO  o.e.m.c.i.e.AbstractTransferListenerAdapter - Downloaded https://repo.maven.apache.org/maven2/io/netty/netty-codec-base/4.2.12.Final/netty-codec-base-4.2.12.Final.pom
2026-04-27 17:55:06,035 [Worker-76: Building] INFO  o.e.m.c.i.e.AbstractTransferListenerAdapter - Downloading https://repo.maven.apache.org/maven2/io/netty/netty-codec-compression/4.2.12.Final/netty-codec-compression-4.2.12.Final.pom
2026-04-27 17:55:06,044 [Worker-76: Building] INFO  o.e.m.c.i.e.AbstractTransferListenerAdapter - Downloaded https://repo.maven.apache.org/maven2/io/netty/netty-codec-compression/4.2.12.Final/netty-codec-compression-4.2.12.Final.pom
2026-04-27 17:55:06,097 [Worker-76: Building] INFO  o.e.m.c.i.e.AbstractTransferListenerAdapter - Downloading https://repo.maven.apache.org/maven2/io/netty/netty-handler/4.2.12.Final/netty-handler-4.2.12.Final.pom
2026-04-27 17:55:06,133 [Worker-76: Building] INFO  o.e.m.c.i.e.AbstractTransferListenerAdapter - Downloaded https://repo.maven.apache.org/maven2/io/netty/netty-handler/4.2.12.Final/netty-handler-4.2.12.Final.pom
2026-04-27 17:55:06,193 [Worker-76: Building] INFO  o.e.m.c.i.e.AbstractTransferListenerAdapter - Downloading https://repo.maven.apache.org/maven2/io/netty/netty-transport-native-unix-common/4.2.12.Final/netty-transport-native-unix-common-4.2.12.Final.pom
2026-04-27 17:55:06,206 [Worker-76: Building] INFO  o.e.m.c.i.e.AbstractTransferListenerAdapter - Downloaded https://repo.maven.apache.org/maven2/io/netty/netty-transport-native-unix-common/4.2.12.Final/netty-transport-native-unix-common-4.2.12.Final.pom
2026-04-27 17:55:06,267 [Worker-76: Building] INFO  o.e.m.c.i.e.AbstractTransferListenerAdapter - Downloading https://repo.maven.apache.org/maven2/io/netty/netty-codec-http2/4.2.12.Final/netty-codec-http2-4.2.12.Final.pom
2026-04-27 17:55:06,279 [Worker-76: Building] INFO  o.e.m.c.i.e.AbstractTransferListenerAdapter - Downloaded https://repo.maven.apache.org/maven2/io/netty/netty-codec-http2/4.2.12.Final/netty-codec-http2-4.2.12.Final.pom
2026-04-27 17:55:06,392 [Worker-76: Building] INFO  o.e.m.c.i.e.AbstractTransferListenerAdapter - Downloading https://repo.maven.apache.org/maven2/io/netty/netty-codec-http3/4.2.12.Final/netty-codec-http3-4.2.12.Final.pom
2026-04-27 17:55:06,401 [Worker-76: Building] INFO  o.e.m.c.i.e.AbstractTransferListenerAdapter - Downloaded https://repo.maven.apache.org/maven2/io/netty/netty-codec-http3/4.2.12.Final/netty-codec-http3-4.2.12.Final.pom
2026-04-27 17:55:06,456 [Worker-76: Building] INFO  o.e.m.c.i.e.AbstractTransferListenerAdapter - Downloading https://repo.maven.apache.org/maven2/io/netty/netty-codec-classes-quic/4.2.12.Final/netty-codec-classes-quic-4.2.12.Final.pom
2026-04-27 17:55:06,469 [Worker-76: Building] INFO  o.e.m.c.i.e.AbstractTransferListenerAdapter - Downloaded https://repo.maven.apache.org/maven2/io/netty/netty-codec-classes-quic/4.2.12.Final/netty-codec-classes-quic-4.2.12.Final.pom
2026-04-27 17:55:06,530 [Worker-76: Building] INFO  o.e.m.c.i.e.AbstractTransferListenerAdapter - Downloading https://repo.maven.apache.org/maven2/io/netty/netty-codec-native-quic/4.2.12.Final/netty-codec-native-quic-4.2.12.Final.pom
2026-04-27 17:55:06,543 [Worker-76: Building] INFO  o.e.m.c.i.e.AbstractTransferListenerAdapter - Downloaded https://repo.maven.apache.org/maven2/io/netty/netty-codec-native-quic/4.2.12.Final/netty-codec-native-quic-4.2.12.Final.pom
2026-04-27 17:55:06,652 [Worker-76: Building] INFO  o.e.m.c.i.e.AbstractTransferListenerAdapter - Downloading https://repo.maven.apache.org/maven2/io/netty/netty-resolver-dns/4.2.12.Final/netty-resolver-dns-4.2.12.Final.pom
2026-04-27 17:55:06,667 [Worker-76: Building] INFO  o.e.m.c.i.e.AbstractTransferListenerAdapter - Downloaded https://repo.maven.apache.org/maven2/io/netty/netty-resolver-dns/4.2.12.Final/netty-resolver-dns-4.2.12.Final.pom
2026-04-27 17:55:06,723 [Worker-76: Building] INFO  o.e.m.c.i.e.AbstractTransferListenerAdapter - Downloading https://repo.maven.apache.org/maven2/io/netty/netty-codec-dns/4.2.12.Final/netty-codec-dns-4.2.12.Final.pom
2026-04-27 17:55:06,743 [Worker-76: Building] INFO  o.e.m.c.i.e.AbstractTransferListenerAdapter - Downloaded https://repo.maven.apache.org/maven2/io/netty/netty-codec-dns/4.2.12.Final/netty-codec-dns-4.2.12.Final.pom
2026-04-27 17:55:06,799 [Worker-76: Building] INFO  o.e.m.c.i.e.AbstractTransferListenerAdapter - Downloading https://repo.maven.apache.org/maven2/io/netty/netty-resolver-dns-native-macos/4.2.12.Final/netty-resolver-dns-native-macos-4.2.12.Final.pom
2026-04-27 17:55:06,809 [Worker-76: Building] INFO  o.e.m.c.i.e.AbstractTransferListenerAdapter - Downloaded https://repo.maven.apache.org/maven2/io/netty/netty-resolver-dns-native-macos/4.2.12.Final/netty-resolver-dns-native-macos-4.2.12.Final.pom
2026-04-27 17:55:06,861 [Worker-76: Building] INFO  o.e.m.c.i.e.AbstractTransferListenerAdapter - Downloading https://repo.maven.apache.org/maven2/io/netty/netty-resolver-dns-classes-macos/4.2.12.Final/netty-resolver-dns-classes-macos-4.2.12.Final.pom
2026-04-27 17:55:06,869 [Worker-76: Building] INFO  o.e.m.c.i.e.AbstractTransferListenerAdapter - Downloaded https://repo.maven.apache.org/maven2/io/netty/netty-resolver-dns-classes-macos/4.2.12.Final/netty-resolver-dns-classes-macos-4.2.12.Final.pom
2026-04-27 17:55:06,936 [Worker-76: Building] INFO  o.e.m.c.i.e.AbstractTransferListenerAdapter - Downloading https://repo.maven.apache.org/maven2/io/netty/netty-transport-native-epoll/4.2.12.Final/netty-transport-native-epoll-4.2.12.Final.pom
2026-04-27 17:55:06,947 [Worker-76: Building] INFO  o.e.m.c.i.e.AbstractTransferListenerAdapter - Downloaded https://repo.maven.apache.org/maven2/io/netty/netty-transport-native-epoll/4.2.12.Final/netty-transport-native-epoll-4.2.12.Final.pom
2026-04-27 17:55:06,999 [Worker-76: Building] INFO  o.e.m.c.i.e.AbstractTransferListenerAdapter - Downloading https://repo.maven.apache.org/maven2/io/netty/netty-transport-classes-epoll/4.2.12.Final/netty-transport-classes-epoll-4.2.12.Final.pom
2026-04-27 17:55:07,009 [Worker-76: Building] INFO  o.e.m.c.i.e.AbstractTransferListenerAdapter - Downloaded https://repo.maven.apache.org/maven2/io/netty/netty-transport-classes-epoll/4.2.12.Final/netty-transport-classes-epoll-4.2.12.Final.pom
2026-04-27 17:55:07,068 [Worker-76: Building] INFO  o.e.m.c.i.e.AbstractTransferListenerAdapter - Downloading https://repo.maven.apache.org/maven2/io/projectreactor/netty/reactor-netty-core/1.3.4/reactor-netty-core-1.3.4.pom
2026-04-27 17:55:07,079 [Worker-76: Building] INFO  o.e.m.c.i.e.AbstractTransferListenerAdapter - Downloaded https://repo.maven.apache.org/maven2/io/projectreactor/netty/reactor-netty-core/1.3.4/reactor-netty-core-1.3.4.pom
2026-04-27 17:55:07,128 [Worker-76: Building] INFO  o.e.m.c.i.e.AbstractTransferListenerAdapter - Downloading https://repo.maven.apache.org/maven2/io/netty/netty-handler-proxy/4.2.12.Final/netty-handler-proxy-4.2.12.Final.pom
2026-04-27 17:55:07,137 [Worker-76: Building] INFO  o.e.m.c.i.e.AbstractTransferListenerAdapter - Downloaded https://repo.maven.apache.org/maven2/io/netty/netty-handler-proxy/4.2.12.Final/netty-handler-proxy-4.2.12.Final.pom
2026-04-27 17:55:07,198 [Worker-76: Building] INFO  o.e.m.c.i.e.AbstractTransferListenerAdapter - Downloading https://repo.maven.apache.org/maven2/io/netty/netty-codec-socks/4.2.12.Final/netty-codec-socks-4.2.12.Final.pom
2026-04-27 17:55:07,211 [Worker-76: Building] INFO  o.e.m.c.i.e.AbstractTransferListenerAdapter - Downloaded https://repo.maven.apache.org/maven2/io/netty/netty-codec-socks/4.2.12.Final/netty-codec-socks-4.2.12.Final.pom
2026-04-27 17:55:07,282 [Worker-76: Building] INFO  o.e.m.c.i.e.AbstractTransferListenerAdapter - Downloading https://repo.maven.apache.org/maven2/org/springframework/boot/spring-boot-netty/4.0.5/spring-boot-netty-4.0.5.pom
2026-04-27 17:55:07,291 [Worker-76: Building] INFO  o.e.m.c.i.e.AbstractTransferListenerAdapter - Downloaded https://repo.maven.apache.org/maven2/org/springframework/boot/spring-boot-netty/4.0.5/spring-boot-netty-4.0.5.pom
2026-04-27 17:55:07,337 [Worker-76: Building] INFO  o.e.m.c.i.e.AbstractTransferListenerAdapter - Downloading https://repo.maven.apache.org/maven2/org/springframework/boot/spring-boot-webflux/4.0.5/spring-boot-webflux-4.0.5.pom
2026-04-27 17:55:07,345 [Worker-76: Building] INFO  o.e.m.c.i.e.AbstractTransferListenerAdapter - Downloaded https://repo.maven.apache.org/maven2/org/springframework/boot/spring-boot-webflux/4.0.5/spring-boot-webflux-4.0.5.pom
2026-04-27 17:55:07,391 [Worker-76: Building] INFO  o.e.m.c.i.e.AbstractTransferListenerAdapter - Downloading https://repo.maven.apache.org/maven2/org/springframework/boot/spring-boot-http-codec/4.0.5/spring-boot-http-codec-4.0.5.pom
2026-04-27 17:55:07,405 [Worker-76: Building] INFO  o.e.m.c.i.e.AbstractTransferListenerAdapter - Downloaded https://repo.maven.apache.org/maven2/org/springframework/boot/spring-boot-http-codec/4.0.5/spring-boot-http-codec-4.0.5.pom
2026-04-27 17:55:07,458 [Worker-76: Building] INFO  o.e.m.c.i.e.AbstractTransferListenerAdapter - Downloading https://repo.maven.apache.org/maven2/org/springframework/spring-webflux/7.0.6/spring-webflux-7.0.6.pom
2026-04-27 17:55:07,466 [Worker-76: Building] INFO  o.e.m.c.i.e.AbstractTransferListenerAdapter - Downloaded https://repo.maven.apache.org/maven2/org/springframework/spring-webflux/7.0.6/spring-webflux-7.0.6.pom
2026-04-27 17:55:07,819 [BasicRepositoryConnector-repo.maven.apache.org-0-0] INFO  o.e.m.c.i.e.AbstractTransferListenerAdapter - Downloading https://repo.maven.apache.org/maven2/org/springframework/boot/spring-boot-starter-webflux/4.0.5/spring-boot-starter-webflux-4.0.5.jar
2026-04-27 17:55:07,828 [BasicRepositoryConnector-repo.maven.apache.org-0-0] INFO  o.e.m.c.i.e.AbstractTransferListenerAdapter - Downloaded https://repo.maven.apache.org/maven2/org/springframework/boot/spring-boot-starter-webflux/4.0.5/spring-boot-starter-webflux-4.0.5.jar
2026-04-27 17:55:07,883 [BasicRepositoryConnector-repo.maven.apache.org-0-0] INFO  o.e.m.c.i.e.AbstractTransferListenerAdapter - Downloading https://repo.maven.apache.org/maven2/io/netty/netty-buffer/4.2.12.Final/netty-buffer-4.2.12.Final.jar
2026-04-27 17:55:07,894 [BasicRepositoryConnector-repo.maven.apache.org-0-1] INFO  o.e.m.c.i.e.AbstractTransferListenerAdapter - Downloading https://repo.maven.apache.org/maven2/org/springframework/boot/spring-boot-starter-reactor-netty/4.0.5/spring-boot-starter-reactor-netty-4.0.5.jar
2026-04-27 17:55:07,906 [BasicRepositoryConnector-repo.maven.apache.org-0-3] INFO  o.e.m.c.i.e.AbstractTransferListenerAdapter - Downloading https://repo.maven.apache.org/maven2/io/projectreactor/netty/reactor-netty-http/1.3.4/reactor-netty-http-1.3.4.jar
2026-04-27 17:55:07,908 [BasicRepositoryConnector-repo.maven.apache.org-0-1] INFO  o.e.m.c.i.e.AbstractTransferListenerAdapter - Downloaded https://repo.maven.apache.org/maven2/org/springframework/boot/spring-boot-starter-reactor-netty/4.0.5/spring-boot-starter-reactor-netty-4.0.5.jar
2026-04-27 17:55:07,943 [BasicRepositoryConnector-repo.maven.apache.org-0-4] INFO  o.e.m.c.i.e.AbstractTransferListenerAdapter - Downloading https://repo.maven.apache.org/maven2/io/netty/netty-codec-http/4.2.12.Final/netty-codec-http-4.2.12.Final.jar
2026-04-27 17:55:07,976 [BasicRepositoryConnector-repo.maven.apache.org-0-2] INFO  o.e.m.c.i.e.AbstractTransferListenerAdapter - Downloading https://repo.maven.apache.org/maven2/org/springframework/boot/spring-boot-reactor-netty/4.0.5/spring-boot-reactor-netty-4.0.5.jar
2026-04-27 17:55:08,003 [BasicRepositoryConnector-repo.maven.apache.org-0-2] INFO  o.e.m.c.i.e.AbstractTransferListenerAdapter - Downloaded https://repo.maven.apache.org/maven2/org/springframework/boot/spring-boot-reactor-netty/4.0.5/spring-boot-reactor-netty-4.0.5.jar
2026-04-27 17:55:08,075 [BasicRepositoryConnector-repo.maven.apache.org-0-1] INFO  o.e.m.c.i.e.AbstractTransferListenerAdapter - Downloading https://repo.maven.apache.org/maven2/io/netty/netty-transport/4.2.12.Final/netty-transport-4.2.12.Final.jar
2026-04-27 17:55:08,107 [BasicRepositoryConnector-repo.maven.apache.org-0-2] INFO  o.e.m.c.i.e.AbstractTransferListenerAdapter - Downloading https://repo.maven.apache.org/maven2/io/netty/netty-codec-base/4.2.12.Final/netty-codec-base-4.2.12.Final.jar
2026-04-27 17:55:08,429 [BasicRepositoryConnector-repo.maven.apache.org-0-0] INFO  o.e.m.c.i.e.AbstractTransferListenerAdapter - Downloaded https://repo.maven.apache.org/maven2/io/netty/netty-buffer/4.2.12.Final/netty-buffer-4.2.12.Final.jar
2026-04-27 17:55:08,517 [BasicRepositoryConnector-repo.maven.apache.org-0-2] INFO  o.e.m.c.i.e.AbstractTransferListenerAdapter - Downloaded https://repo.maven.apache.org/maven2/io/netty/netty-codec-base/4.2.12.Final/netty-codec-base-4.2.12.Final.jar
2026-04-27 17:55:08,621 [BasicRepositoryConnector-repo.maven.apache.org-0-0] INFO  o.e.m.c.i.e.AbstractTransferListenerAdapter - Downloading https://repo.maven.apache.org/maven2/io/netty/netty-codec-compression/4.2.12.Final/netty-codec-compression-4.2.12.Final.jar
2026-04-27 17:55:08,693 [BasicRepositoryConnector-repo.maven.apache.org-0-2] INFO  o.e.m.c.i.e.AbstractTransferListenerAdapter - Downloading https://repo.maven.apache.org/maven2/io/netty/netty-handler/4.2.12.Final/netty-handler-4.2.12.Final.jar
2026-04-27 17:55:08,930 [BasicRepositoryConnector-repo.maven.apache.org-0-0] INFO  o.e.m.c.i.e.AbstractTransferListenerAdapter - Downloaded https://repo.maven.apache.org/maven2/io/netty/netty-codec-compression/4.2.12.Final/netty-codec-compression-4.2.12.Final.jar
2026-04-27 17:55:09,129 [BasicRepositoryConnector-repo.maven.apache.org-0-3] INFO  o.e.m.c.i.e.AbstractTransferListenerAdapter - Downloaded https://repo.maven.apache.org/maven2/io/projectreactor/netty/reactor-netty-http/1.3.4/reactor-netty-http-1.3.4.jar
2026-04-27 17:55:09,138 [BasicRepositoryConnector-repo.maven.apache.org-0-0] INFO  o.e.m.c.i.e.AbstractTransferListenerAdapter - Downloading https://repo.maven.apache.org/maven2/io/netty/netty-codec-http2/4.2.12.Final/netty-codec-http2-4.2.12.Final.jar
2026-04-27 17:55:09,148 [BasicRepositoryConnector-repo.maven.apache.org-0-4] INFO  o.e.m.c.i.e.AbstractTransferListenerAdapter - Downloaded https://repo.maven.apache.org/maven2/io/netty/netty-codec-http/4.2.12.Final/netty-codec-http-4.2.12.Final.jar
2026-04-27 17:55:09,239 [BasicRepositoryConnector-repo.maven.apache.org-0-1] INFO  o.e.m.c.i.e.AbstractTransferListenerAdapter - Downloaded https://repo.maven.apache.org/maven2/io/netty/netty-transport/4.2.12.Final/netty-transport-4.2.12.Final.jar
2026-04-27 17:55:09,241 [BasicRepositoryConnector-repo.maven.apache.org-0-3] INFO  o.e.m.c.i.e.AbstractTransferListenerAdapter - Downloading https://repo.maven.apache.org/maven2/io/netty/netty-codec-http3/4.2.12.Final/netty-codec-http3-4.2.12.Final.jar
2026-04-27 17:55:09,260 [BasicRepositoryConnector-repo.maven.apache.org-0-4] INFO  o.e.m.c.i.e.AbstractTransferListenerAdapter - Downloading https://repo.maven.apache.org/maven2/io/netty/netty-transport-native-unix-common/4.2.12.Final/netty-transport-native-unix-common-4.2.12.Final.jar
2026-04-27 17:55:09,309 [BasicRepositoryConnector-repo.maven.apache.org-0-4] INFO  o.e.m.c.i.e.AbstractTransferListenerAdapter - Downloaded https://repo.maven.apache.org/maven2/io/netty/netty-transport-native-unix-common/4.2.12.Final/netty-transport-native-unix-common-4.2.12.Final.jar
2026-04-27 17:55:09,538 [BasicRepositoryConnector-repo.maven.apache.org-0-1] INFO  o.e.m.c.i.e.AbstractTransferListenerAdapter - Downloading https://repo.maven.apache.org/maven2/io/netty/netty-resolver/4.2.12.Final/netty-resolver-4.2.12.Final.jar
2026-04-27 17:55:09,558 [BasicRepositoryConnector-repo.maven.apache.org-0-1] INFO  o.e.m.c.i.e.AbstractTransferListenerAdapter - Downloaded https://repo.maven.apache.org/maven2/io/netty/netty-resolver/4.2.12.Final/netty-resolver-4.2.12.Final.jar
2026-04-27 17:55:09,592 [BasicRepositoryConnector-repo.maven.apache.org-0-3] INFO  o.e.m.c.i.e.AbstractTransferListenerAdapter - Downloaded https://repo.maven.apache.org/maven2/io/netty/netty-codec-http3/4.2.12.Final/netty-codec-http3-4.2.12.Final.jar
2026-04-27 17:55:09,656 [BasicRepositoryConnector-repo.maven.apache.org-0-4] INFO  o.e.m.c.i.e.AbstractTransferListenerAdapter - Downloading https://repo.maven.apache.org/maven2/io/netty/netty-codec-classes-quic/4.2.12.Final/netty-codec-classes-quic-4.2.12.Final.jar
2026-04-27 17:55:09,811 [BasicRepositoryConnector-repo.maven.apache.org-0-3] INFO  o.e.m.c.i.e.AbstractTransferListenerAdapter - Downloading https://repo.maven.apache.org/maven2/io/netty/netty-codec-native-quic/4.2.12.Final/netty-codec-native-quic-4.2.12.Final-linux-aarch_64.jar
2026-04-27 17:55:09,813 [BasicRepositoryConnector-repo.maven.apache.org-0-0] INFO  o.e.m.c.i.e.AbstractTransferListenerAdapter - Downloaded https://repo.maven.apache.org/maven2/io/netty/netty-codec-http2/4.2.12.Final/netty-codec-http2-4.2.12.Final.jar
2026-04-27 17:55:09,954 [BasicRepositoryConnector-repo.maven.apache.org-0-2] INFO  o.e.m.c.i.e.AbstractTransferListenerAdapter - Downloaded https://repo.maven.apache.org/maven2/io/netty/netty-handler/4.2.12.Final/netty-handler-4.2.12.Final.jar
2026-04-27 17:55:09,989 [BasicRepositoryConnector-repo.maven.apache.org-0-1] INFO  o.e.m.c.i.e.AbstractTransferListenerAdapter - Downloading https://repo.maven.apache.org/maven2/io/netty/netty-codec-native-quic/4.2.12.Final/netty-codec-native-quic-4.2.12.Final-linux-x86_64.jar
2026-04-27 17:55:10,011 [BasicRepositoryConnector-repo.maven.apache.org-0-0] INFO  o.e.m.c.i.e.AbstractTransferListenerAdapter - Downloading https://repo.maven.apache.org/maven2/io/netty/netty-codec-native-quic/4.2.12.Final/netty-codec-native-quic-4.2.12.Final-osx-x86_64.jar
2026-04-27 17:55:10,175 [BasicRepositoryConnector-repo.maven.apache.org-0-2] INFO  o.e.m.c.i.e.AbstractTransferListenerAdapter - Downloading https://repo.maven.apache.org/maven2/io/netty/netty-codec-native-quic/4.2.12.Final/netty-codec-native-quic-4.2.12.Final-osx-aarch_64.jar
2026-04-27 17:55:10,186 [BasicRepositoryConnector-repo.maven.apache.org-0-4] INFO  o.e.m.c.i.e.AbstractTransferListenerAdapter - Downloaded https://repo.maven.apache.org/maven2/io/netty/netty-codec-classes-quic/4.2.12.Final/netty-codec-classes-quic-4.2.12.Final.jar
2026-04-27 17:55:10,290 [BasicRepositoryConnector-repo.maven.apache.org-0-4] INFO  o.e.m.c.i.e.AbstractTransferListenerAdapter - Downloading https://repo.maven.apache.org/maven2/io/netty/netty-codec-native-quic/4.2.12.Final/netty-codec-native-quic-4.2.12.Final-windows-x86_64.jar
2026-04-27 17:55:13,820 [BasicRepositoryConnector-repo.maven.apache.org-0-4] INFO  o.e.m.c.i.e.AbstractTransferListenerAdapter - Downloaded https://repo.maven.apache.org/maven2/io/netty/netty-codec-native-quic/4.2.12.Final/netty-codec-native-quic-4.2.12.Final-windows-x86_64.jar
2026-04-27 17:55:14,119 [BasicRepositoryConnector-repo.maven.apache.org-0-4] INFO  o.e.m.c.i.e.AbstractTransferListenerAdapter - Downloading https://repo.maven.apache.org/maven2/io/netty/netty-resolver-dns/4.2.12.Final/netty-resolver-dns-4.2.12.Final.jar
2026-04-27 17:55:14,315 [BasicRepositoryConnector-repo.maven.apache.org-0-1] INFO  o.e.m.c.i.e.AbstractTransferListenerAdapter - Downloaded https://repo.maven.apache.org/maven2/io/netty/netty-codec-native-quic/4.2.12.Final/netty-codec-native-quic-4.2.12.Final-linux-x86_64.jar
2026-04-27 17:55:14,563 [BasicRepositoryConnector-repo.maven.apache.org-0-4] INFO  o.e.m.c.i.e.AbstractTransferListenerAdapter - Downloaded https://repo.maven.apache.org/maven2/io/netty/netty-resolver-dns/4.2.12.Final/netty-resolver-dns-4.2.12.Final.jar
2026-04-27 17:55:14,589 [BasicRepositoryConnector-repo.maven.apache.org-0-1] INFO  o.e.m.c.i.e.AbstractTransferListenerAdapter - Downloading https://repo.maven.apache.org/maven2/io/netty/netty-codec-dns/4.2.12.Final/netty-codec-dns-4.2.12.Final.jar
2026-04-27 17:55:14,632 [BasicRepositoryConnector-repo.maven.apache.org-0-1] INFO  o.e.m.c.i.e.AbstractTransferListenerAdapter - Downloaded https://repo.maven.apache.org/maven2/io/netty/netty-codec-dns/4.2.12.Final/netty-codec-dns-4.2.12.Final.jar
2026-04-27 17:55:14,702 [BasicRepositoryConnector-repo.maven.apache.org-0-3] INFO  o.e.m.c.i.e.AbstractTransferListenerAdapter - Downloaded https://repo.maven.apache.org/maven2/io/netty/netty-codec-native-quic/4.2.12.Final/netty-codec-native-quic-4.2.12.Final-linux-aarch_64.jar
2026-04-27 17:55:14,707 [BasicRepositoryConnector-repo.maven.apache.org-0-4] INFO  o.e.m.c.i.e.AbstractTransferListenerAdapter - Downloading https://repo.maven.apache.org/maven2/io/netty/netty-resolver-dns-native-macos/4.2.12.Final/netty-resolver-dns-native-macos-4.2.12.Final-osx-x86_64.jar
2026-04-27 17:55:14,719 [BasicRepositoryConnector-repo.maven.apache.org-0-4] INFO  o.e.m.c.i.e.AbstractTransferListenerAdapter - Downloaded https://repo.maven.apache.org/maven2/io/netty/netty-resolver-dns-native-macos/4.2.12.Final/netty-resolver-dns-native-macos-4.2.12.Final-osx-x86_64.jar
2026-04-27 17:55:14,796 [BasicRepositoryConnector-repo.maven.apache.org-0-1] INFO  o.e.m.c.i.e.AbstractTransferListenerAdapter - Downloading https://repo.maven.apache.org/maven2/io/netty/netty-resolver-dns-classes-macos/4.2.12.Final/netty-resolver-dns-classes-macos-4.2.12.Final.jar
2026-04-27 17:55:14,805 [BasicRepositoryConnector-repo.maven.apache.org-0-1] INFO  o.e.m.c.i.e.AbstractTransferListenerAdapter - Downloaded https://repo.maven.apache.org/maven2/io/netty/netty-resolver-dns-classes-macos/4.2.12.Final/netty-resolver-dns-classes-macos-4.2.12.Final.jar
2026-04-27 17:55:14,834 [BasicRepositoryConnector-repo.maven.apache.org-0-3] INFO  o.e.m.c.i.e.AbstractTransferListenerAdapter - Downloading https://repo.maven.apache.org/maven2/io/netty/netty-transport-native-epoll/4.2.12.Final/netty-transport-native-epoll-4.2.12.Final-linux-x86_64.jar
2026-04-27 17:55:14,936 [BasicRepositoryConnector-repo.maven.apache.org-0-4] INFO  o.e.m.c.i.e.AbstractTransferListenerAdapter - Downloading https://repo.maven.apache.org/maven2/io/netty/netty-transport-classes-epoll/4.2.12.Final/netty-transport-classes-epoll-4.2.12.Final.jar
2026-04-27 17:55:14,963 [BasicRepositoryConnector-repo.maven.apache.org-0-1] INFO  o.e.m.c.i.e.AbstractTransferListenerAdapter - Downloading https://repo.maven.apache.org/maven2/io/projectreactor/netty/reactor-netty-core/1.3.4/reactor-netty-core-1.3.4.jar
2026-04-27 17:55:14,967 [BasicRepositoryConnector-repo.maven.apache.org-0-3] INFO  o.e.m.c.i.e.AbstractTransferListenerAdapter - Downloaded https://repo.maven.apache.org/maven2/io/netty/netty-transport-native-epoll/4.2.12.Final/netty-transport-native-epoll-4.2.12.Final-linux-x86_64.jar
2026-04-27 17:55:15,187 [BasicRepositoryConnector-repo.maven.apache.org-0-3] INFO  o.e.m.c.i.e.AbstractTransferListenerAdapter - Downloading https://repo.maven.apache.org/maven2/io/netty/netty-handler-proxy/4.2.12.Final/netty-handler-proxy-4.2.12.Final.jar
2026-04-27 17:55:15,191 [BasicRepositoryConnector-repo.maven.apache.org-0-3] INFO  o.e.m.c.i.e.AbstractTransferListenerAdapter - Downloaded https://repo.maven.apache.org/maven2/io/netty/netty-handler-proxy/4.2.12.Final/netty-handler-proxy-4.2.12.Final.jar
2026-04-27 17:55:15,332 [BasicRepositoryConnector-repo.maven.apache.org-0-3] INFO  o.e.m.c.i.e.AbstractTransferListenerAdapter - Downloading https://repo.maven.apache.org/maven2/io/netty/netty-codec-socks/4.2.12.Final/netty-codec-socks-4.2.12.Final.jar
2026-04-27 17:55:15,338 [BasicRepositoryConnector-repo.maven.apache.org-0-4] INFO  o.e.m.c.i.e.AbstractTransferListenerAdapter - Downloaded https://repo.maven.apache.org/maven2/io/netty/netty-transport-classes-epoll/4.2.12.Final/netty-transport-classes-epoll-4.2.12.Final.jar
2026-04-27 17:55:15,442 [BasicRepositoryConnector-repo.maven.apache.org-0-4] INFO  o.e.m.c.i.e.AbstractTransferListenerAdapter - Downloading https://repo.maven.apache.org/maven2/org/springframework/boot/spring-boot-netty/4.0.5/spring-boot-netty-4.0.5.jar
2026-04-27 17:55:15,448 [BasicRepositoryConnector-repo.maven.apache.org-0-4] INFO  o.e.m.c.i.e.AbstractTransferListenerAdapter - Downloaded https://repo.maven.apache.org/maven2/org/springframework/boot/spring-boot-netty/4.0.5/spring-boot-netty-4.0.5.jar
2026-04-27 17:55:15,542 [BasicRepositoryConnector-repo.maven.apache.org-0-4] INFO  o.e.m.c.i.e.AbstractTransferListenerAdapter - Downloading https://repo.maven.apache.org/maven2/io/netty/netty-common/4.2.12.Final/netty-common-4.2.12.Final.jar
2026-04-27 17:55:15,543 [BasicRepositoryConnector-repo.maven.apache.org-0-0] INFO  o.e.m.c.i.e.AbstractTransferListenerAdapter - Downloaded https://repo.maven.apache.org/maven2/io/netty/netty-codec-native-quic/4.2.12.Final/netty-codec-native-quic-4.2.12.Final-osx-x86_64.jar
2026-04-27 17:55:15,547 [BasicRepositoryConnector-repo.maven.apache.org-0-3] INFO  o.e.m.c.i.e.AbstractTransferListenerAdapter - Downloaded https://repo.maven.apache.org/maven2/io/netty/netty-codec-socks/4.2.12.Final/netty-codec-socks-4.2.12.Final.jar
2026-04-27 17:55:15,605 [BasicRepositoryConnector-repo.maven.apache.org-0-0] INFO  o.e.m.c.i.e.AbstractTransferListenerAdapter - Downloading https://repo.maven.apache.org/maven2/org/springframework/boot/spring-boot-reactor/4.0.5/spring-boot-reactor-4.0.5.jar
2026-04-27 17:55:15,633 [BasicRepositoryConnector-repo.maven.apache.org-0-3] INFO  o.e.m.c.i.e.AbstractTransferListenerAdapter - Downloading https://repo.maven.apache.org/maven2/io/projectreactor/reactor-core/3.8.4/reactor-core-3.8.4.jar
2026-04-27 17:55:15,638 [BasicRepositoryConnector-repo.maven.apache.org-0-0] INFO  o.e.m.c.i.e.AbstractTransferListenerAdapter - Downloaded https://repo.maven.apache.org/maven2/org/springframework/boot/spring-boot-reactor/4.0.5/spring-boot-reactor-4.0.5.jar
2026-04-27 17:55:15,643 [BasicRepositoryConnector-repo.maven.apache.org-0-1] INFO  o.e.m.c.i.e.AbstractTransferListenerAdapter - Downloaded https://repo.maven.apache.org/maven2/io/projectreactor/netty/reactor-netty-core/1.3.4/reactor-netty-core-1.3.4.jar
2026-04-27 17:55:15,695 [BasicRepositoryConnector-repo.maven.apache.org-0-2] INFO  o.e.m.c.i.e.AbstractTransferListenerAdapter - Downloaded https://repo.maven.apache.org/maven2/io/netty/netty-codec-native-quic/4.2.12.Final/netty-codec-native-quic-4.2.12.Final-osx-aarch_64.jar
2026-04-27 17:55:15,712 [BasicRepositoryConnector-repo.maven.apache.org-0-0] INFO  o.e.m.c.i.e.AbstractTransferListenerAdapter - Downloading https://repo.maven.apache.org/maven2/org/springframework/boot/spring-boot-webflux/4.0.5/spring-boot-webflux-4.0.5.jar
2026-04-27 17:55:15,712 [BasicRepositoryConnector-repo.maven.apache.org-0-1] INFO  o.e.m.c.i.e.AbstractTransferListenerAdapter - Downloading https://repo.maven.apache.org/maven2/org/springframework/boot/spring-boot-http-codec/4.0.5/spring-boot-http-codec-4.0.5.jar
2026-04-27 17:55:15,752 [BasicRepositoryConnector-repo.maven.apache.org-0-1] INFO  o.e.m.c.i.e.AbstractTransferListenerAdapter - Downloaded https://repo.maven.apache.org/maven2/org/springframework/boot/spring-boot-http-codec/4.0.5/spring-boot-http-codec-4.0.5.jar
2026-04-27 17:55:15,849 [BasicRepositoryConnector-repo.maven.apache.org-0-2] INFO  o.e.m.c.i.e.AbstractTransferListenerAdapter - Downloading https://repo.maven.apache.org/maven2/org/springframework/spring-webflux/7.0.6/spring-webflux-7.0.6.jar
2026-04-27 17:55:15,878 [BasicRepositoryConnector-repo.maven.apache.org-0-0] INFO  o.e.m.c.i.e.AbstractTransferListenerAdapter - Downloaded https://repo.maven.apache.org/maven2/org/springframework/boot/spring-boot-webflux/4.0.5/spring-boot-webflux-4.0.5.jar
2026-04-27 17:55:16,943 [BasicRepositoryConnector-repo.maven.apache.org-0-4] INFO  o.e.m.c.i.e.AbstractTransferListenerAdapter - Downloaded https://repo.maven.apache.org/maven2/io/netty/netty-common/4.2.12.Final/netty-common-4.2.12.Final.jar
2026-04-27 17:55:17,205 [BasicRepositoryConnector-repo.maven.apache.org-0-2] INFO  o.e.m.c.i.e.AbstractTransferListenerAdapter - Downloaded https://repo.maven.apache.org/maven2/org/springframework/spring-webflux/7.0.6/spring-webflux-7.0.6.jar
2026-04-27 17:55:18,077 [BasicRepositoryConnector-repo.maven.apache.org-0-3] INFO  o.e.m.c.i.e.AbstractTransferListenerAdapter - Downloaded https://repo.maven.apache.org/maven2/io/projectreactor/reactor-core/3.8.4/reactor-core-3.8.4.jar
2026-04-27 17:55:20,677 [Worker-76: Building] INFO  o.a.m.s.f.DefaultMavenResourcesFiltering - Copying 1 resource from src\main\resources to target\classes
2026-04-27 17:55:20,717 [Worker-76: Building] INFO  o.a.m.s.f.DefaultMavenResourcesFiltering - Copying 0 resource from src\main\resources to target\classes
2026-04-27 17:55:20,731 [Worker-76: Building] INFO  o.a.m.s.f.DefaultMavenResourcesFiltering - skip non existing resourceDirectory C:\Users\hp\Desktop\CMP404 Urban Flow Project\districtservice\src\test\resources
2026-04-27 17:55:20,775 [Worker-76: Building] WARN  o.apache.maven.project.MavenProject - Plugin is modifying compileSourceRoots through clear(), which will not work in Maven 4.0.0. Use MavenProject.addCompileSourceRoot()/removeCompileSourceRoot() methods instead. If using a plugin, please upgrade to the latest version or report the issue to the plugin maintainer. To disable these warnings, set -Dmaven.project.sourceRoots.warningsDisabled=true on the command line, in the .mvn/maven.config file, or in project POM properties.
2026-04-27 17:55:20,778 [Worker-76: Building] WARN  o.apache.maven.project.MavenProject - Plugin is modifying compileSourceRoots through add(), which will not work in Maven 4.0.0. Use MavenProject.addCompileSourceRoot()/removeCompileSourceRoot() methods instead. If using a plugin, please upgrade to the latest version or report the issue to the plugin maintainer. To disable these warnings, set -Dmaven.project.sourceRoots.warningsDisabled=true on the command line, in the .mvn/maven.config file, or in project POM properties.
2026-04-27 17:55:20,779 [Worker-76: Building] WARN  o.apache.maven.project.MavenProject - Plugin is modifying testCompileSourceRoots through clear(), which will not work in Maven 4.0.0. Use MavenProject.addTestCompileSourceRoot()/removeTestCompileSourceRoot() methods instead. If using a plugin, please upgrade to the latest version or report the issue to the plugin maintainer. To disable these warnings, set -Dmaven.project.sourceRoots.warningsDisabled=true on the command line, in the .mvn/maven.config file, or in project POM properties.
2026-04-27 17:55:20,781 [Worker-76: Building] WARN  o.apache.maven.project.MavenProject - Plugin is modifying testCompileSourceRoots through add(), which will not work in Maven 4.0.0. Use MavenProject.addTestCompileSourceRoot()/removeTestCompileSourceRoot() methods instead. If using a plugin, please upgrade to the latest version or report the issue to the plugin maintainer. To disable these warnings, set -Dmaven.project.sourceRoots.warningsDisabled=true on the command line, in the .mvn/maven.config file, or in project POM properties.
2026-04-27 17:55:21,092 [Worker-77: Download sources and javadoc] INFO  o.e.m.c.i.e.AbstractTransferListenerAdapter - Downloading https://repo.maven.apache.org/maven2/org/springframework/boot/spring-boot-starter-webflux/4.0.5/spring-boot-starter-webflux-4.0.5-sources.jar
2026-04-27 17:55:21,100 [Worker-77: Download sources and javadoc] INFO  o.e.m.c.i.e.AbstractTransferListenerAdapter - Downloaded https://repo.maven.apache.org/maven2/org/springframework/boot/spring-boot-starter-webflux/4.0.5/spring-boot-starter-webflux-4.0.5-sources.jar
2026-04-27 17:55:21,106 [Worker-77: Download sources and javadoc] INFO  o.e.m.j.internal.DownloadSourcesJob - Downloaded sources for org.springframework.boot:spring-boot-starter-webflux:4.0.5
2026-04-27 17:55:21,198 [Worker-78: Updating Maven Project] INFO  o.e.m.c.i.p.ProjectConfigurationManager - Update started
2026-04-27 17:55:21,495 [Worker-77: Download sources and javadoc] INFO  o.e.m.c.i.e.AbstractTransferListenerAdapter - Downloading https://repo.maven.apache.org/maven2/org/springframework/boot/spring-boot-starter-reactor-netty/4.0.5/spring-boot-starter-reactor-netty-4.0.5-sources.jar
2026-04-27 17:55:21,502 [Worker-77: Download sources and javadoc] INFO  o.e.m.c.i.e.AbstractTransferListenerAdapter - Downloaded https://repo.maven.apache.org/maven2/org/springframework/boot/spring-boot-starter-reactor-netty/4.0.5/spring-boot-starter-reactor-netty-4.0.5-sources.jar
2026-04-27 17:55:21,508 [Worker-77: Download sources and javadoc] INFO  o.e.m.j.internal.DownloadSourcesJob - Downloaded sources for org.springframework.boot:spring-boot-starter-reactor-netty:4.0.5
2026-04-27 17:55:23,185 [Worker-78: Updating Maven Project] INFO  o.e.m.c.i.l.LifecycleMappingFactory - Using org.eclipse.m2e.jdt.JarLifecycleMapping lifecycle mapping for MavenProject: com.example:districtservice:0.0.1-SNAPSHOT @ C:\Users\hp\Desktop\CMP404 Urban Flow Project\districtservice\pom.xml.
2026-04-27 17:55:23,210 [Worker-77: Download sources and javadoc] INFO  o.e.m.c.i.e.AbstractTransferListenerAdapter - Downloading https://repo.maven.apache.org/maven2/org/springframework/boot/spring-boot-reactor-netty/4.0.5/spring-boot-reactor-netty-4.0.5-sources.jar
2026-04-27 17:55:23,222 [Worker-77: Download sources and javadoc] INFO  o.e.m.c.i.e.AbstractTransferListenerAdapter - Downloaded https://repo.maven.apache.org/maven2/org/springframework/boot/spring-boot-reactor-netty/4.0.5/spring-boot-reactor-netty-4.0.5-sources.jar
2026-04-27 17:55:23,227 [Worker-77: Download sources and javadoc] INFO  o.e.m.j.internal.DownloadSourcesJob - Downloaded sources for org.springframework.boot:spring-boot-reactor-netty:4.0.5
2026-04-27 17:55:23,334 [Worker-77: Download sources and javadoc] INFO  o.e.m.c.i.e.AbstractTransferListenerAdapter - Downloading https://repo.maven.apache.org/maven2/io/projectreactor/netty/reactor-netty-http/1.3.4/reactor-netty-http-1.3.4-sources.jar
2026-04-27 17:55:23,479 [Worker-77: Download sources and javadoc] INFO  o.e.m.c.i.e.AbstractTransferListenerAdapter - Downloaded https://repo.maven.apache.org/maven2/io/projectreactor/netty/reactor-netty-http/1.3.4/reactor-netty-http-1.3.4-sources.jar
2026-04-27 17:55:23,485 [Worker-77: Download sources and javadoc] INFO  o.e.m.j.internal.DownloadSourcesJob - Downloaded sources for io.projectreactor.netty:reactor-netty-http:1.3.4
2026-04-27 17:55:23,594 [Worker-77: Download sources and javadoc] INFO  o.e.m.c.i.e.AbstractTransferListenerAdapter - Downloading https://repo.maven.apache.org/maven2/io/netty/netty-codec-http/4.2.12.Final/netty-codec-http-4.2.12.Final-sources.jar
2026-04-27 17:55:23,803 [Worker-77: Download sources and javadoc] INFO  o.e.m.c.i.e.AbstractTransferListenerAdapter - Downloaded https://repo.maven.apache.org/maven2/io/netty/netty-codec-http/4.2.12.Final/netty-codec-http-4.2.12.Final-sources.jar
2026-04-27 17:55:23,809 [Worker-77: Download sources and javadoc] INFO  o.e.m.j.internal.DownloadSourcesJob - Downloaded sources for io.netty:netty-codec-http:4.2.12.Final
2026-04-27 17:55:23,921 [Worker-77: Download sources and javadoc] INFO  o.e.m.c.i.e.AbstractTransferListenerAdapter - Downloading https://repo.maven.apache.org/maven2/io/netty/netty-buffer/4.2.12.Final/netty-buffer-4.2.12.Final-sources.jar
2026-04-27 17:55:24,024 [Worker-77: Download sources and javadoc] INFO  o.e.m.c.i.e.AbstractTransferListenerAdapter - Downloaded https://repo.maven.apache.org/maven2/io/netty/netty-buffer/4.2.12.Final/netty-buffer-4.2.12.Final-sources.jar
2026-04-27 17:55:24,029 [Worker-77: Download sources and javadoc] INFO  o.e.m.j.internal.DownloadSourcesJob - Downloaded sources for io.netty:netty-buffer:4.2.12.Final
2026-04-27 17:55:24,142 [Worker-77: Download sources and javadoc] INFO  o.e.m.c.i.e.AbstractTransferListenerAdapter - Downloading https://repo.maven.apache.org/maven2/io/netty/netty-transport/4.2.12.Final/netty-transport-4.2.12.Final-sources.jar
2026-04-27 17:55:24,312 [Worker-77: Download sources and javadoc] INFO  o.e.m.c.i.e.AbstractTransferListenerAdapter - Downloaded https://repo.maven.apache.org/maven2/io/netty/netty-transport/4.2.12.Final/netty-transport-4.2.12.Final-sources.jar
2026-04-27 17:55:24,318 [Worker-77: Download sources and javadoc] INFO  o.e.m.j.internal.DownloadSourcesJob - Downloaded sources for io.netty:netty-transport:4.2.12.Final
2026-04-27 17:55:24,442 [Worker-77: Download sources and javadoc] INFO  o.e.m.c.i.e.AbstractTransferListenerAdapter - Downloading https://repo.maven.apache.org/maven2/io/netty/netty-codec-base/4.2.12.Final/netty-codec-base-4.2.12.Final-sources.jar
2026-04-27 17:55:24,504 [Worker-77: Download sources and javadoc] INFO  o.e.m.c.i.e.AbstractTransferListenerAdapter - Downloaded https://repo.maven.apache.org/maven2/io/netty/netty-codec-base/4.2.12.Final/netty-codec-base-4.2.12.Final-sources.jar
2026-04-27 17:55:24,513 [Worker-77: Download sources and javadoc] INFO  o.e.m.j.internal.DownloadSourcesJob - Downloaded sources for io.netty:netty-codec-base:4.2.12.Final
2026-04-27 17:55:24,606 [Worker-77: Download sources and javadoc] INFO  o.e.m.c.i.e.AbstractTransferListenerAdapter - Downloading https://repo.maven.apache.org/maven2/io/netty/netty-codec-compression/4.2.12.Final/netty-codec-compression-4.2.12.Final-sources.jar
2026-04-27 17:55:24,670 [Worker-77: Download sources and javadoc] INFO  o.e.m.c.i.e.AbstractTransferListenerAdapter - Downloaded https://repo.maven.apache.org/maven2/io/netty/netty-codec-compression/4.2.12.Final/netty-codec-compression-4.2.12.Final-sources.jar
2026-04-27 17:55:24,675 [Worker-77: Download sources and javadoc] INFO  o.e.m.j.internal.DownloadSourcesJob - Downloaded sources for io.netty:netty-codec-compression:4.2.12.Final
2026-04-27 17:55:24,772 [Worker-77: Download sources and javadoc] INFO  o.e.m.c.i.e.AbstractTransferListenerAdapter - Downloading https://repo.maven.apache.org/maven2/io/netty/netty-handler/4.2.12.Final/netty-handler-4.2.12.Final-sources.jar
2026-04-27 17:55:24,957 [Worker-77: Download sources and javadoc] INFO  o.e.m.c.i.e.AbstractTransferListenerAdapter - Downloaded https://repo.maven.apache.org/maven2/io/netty/netty-handler/4.2.12.Final/netty-handler-4.2.12.Final-sources.jar
2026-04-27 17:55:24,964 [Worker-77: Download sources and javadoc] INFO  o.e.m.j.internal.DownloadSourcesJob - Downloaded sources for io.netty:netty-handler:4.2.12.Final
2026-04-27 17:55:25,112 [Worker-77: Download sources and javadoc] INFO  o.e.m.c.i.e.AbstractTransferListenerAdapter - Downloading https://repo.maven.apache.org/maven2/io/netty/netty-codec-http2/4.2.12.Final/netty-codec-http2-4.2.12.Final-sources.jar
2026-04-27 17:55:25,209 [Worker-78: Updating Maven Project] INFO  o.e.m.j.i.AbstractJavaProjectConfigurator - Adding source folder /districtservice/src/main/java
2026-04-27 17:55:25,216 [Worker-78: Updating Maven Project] INFO  o.e.m.j.i.AbstractJavaProjectConfigurator - Adding resource folder /districtservice/src/main/resources
2026-04-27 17:55:25,218 [Worker-78: Updating Maven Project] INFO  o.e.m.j.i.AbstractJavaProjectConfigurator - Adding resource folder /districtservice/src/main/resources
2026-04-27 17:55:25,223 [Worker-78: Updating Maven Project] INFO  o.e.m.j.i.AbstractJavaProjectConfigurator - Adding source folder /districtservice/src/test/java
2026-04-27 17:55:25,226 [Worker-78: Updating Maven Project] INFO  o.e.m.j.i.AbstractJavaProjectConfigurator - Adding resource folder /districtservice/src/test/resources
2026-04-27 17:55:25,317 [Worker-77: Download sources and javadoc] INFO  o.e.m.c.i.e.AbstractTransferListenerAdapter - Downloaded https://repo.maven.apache.org/maven2/io/netty/netty-codec-http2/4.2.12.Final/netty-codec-http2-4.2.12.Final-sources.jar
2026-04-27 17:55:25,324 [Worker-77: Download sources and javadoc] INFO  o.e.m.j.internal.DownloadSourcesJob - Downloaded sources for io.netty:netty-codec-http2:4.2.12.Final
2026-04-27 17:55:25,436 [Worker-77: Download sources and javadoc] INFO  o.e.m.c.i.e.AbstractTransferListenerAdapter - Downloading https://repo.maven.apache.org/maven2/io/netty/netty-codec-http3/4.2.12.Final/netty-codec-http3-4.2.12.Final-sources.jar
2026-04-27 17:55:25,520 [Worker-77: Download sources and javadoc] INFO  o.e.m.c.i.e.AbstractTransferListenerAdapter - Downloaded https://repo.maven.apache.org/maven2/io/netty/netty-codec-http3/4.2.12.Final/netty-codec-http3-4.2.12.Final-sources.jar
2026-04-27 17:55:25,525 [Worker-77: Download sources and javadoc] INFO  o.e.m.j.internal.DownloadSourcesJob - Downloaded sources for io.netty:netty-codec-http3:4.2.12.Final
2026-04-27 17:55:25,673 [Worker-77: Download sources and javadoc] INFO  o.e.m.c.i.e.AbstractTransferListenerAdapter - Downloading https://repo.maven.apache.org/maven2/io/netty/netty-transport-native-unix-common/4.2.12.Final/netty-transport-native-unix-common-4.2.12.Final-sources.jar
2026-04-27 17:55:25,741 [Worker-77: Download sources and javadoc] INFO  o.e.m.c.i.e.AbstractTransferListenerAdapter - Downloaded https://repo.maven.apache.org/maven2/io/netty/netty-transport-native-unix-common/4.2.12.Final/netty-transport-native-unix-common-4.2.12.Final-sources.jar
2026-04-27 17:55:25,749 [Worker-77: Download sources and javadoc] INFO  o.e.m.j.internal.DownloadSourcesJob - Downloaded sources for io.netty:netty-transport-native-unix-common:4.2.12.Final
2026-04-27 17:55:25,874 [Worker-77: Download sources and javadoc] INFO  o.e.m.c.i.e.AbstractTransferListenerAdapter - Downloading https://repo.maven.apache.org/maven2/io/netty/netty-resolver/4.2.12.Final/netty-resolver-4.2.12.Final-sources.jar
2026-04-27 17:55:25,885 [Worker-77: Download sources and javadoc] INFO  o.e.m.c.i.e.AbstractTransferListenerAdapter - Downloaded https://repo.maven.apache.org/maven2/io/netty/netty-resolver/4.2.12.Final/netty-resolver-4.2.12.Final-sources.jar
2026-04-27 17:55:25,891 [Worker-77: Download sources and javadoc] INFO  o.e.m.j.internal.DownloadSourcesJob - Downloaded sources for io.netty:netty-resolver:4.2.12.Final
2026-04-27 17:55:25,992 [Worker-77: Download sources and javadoc] INFO  o.e.m.c.i.e.AbstractTransferListenerAdapter - Downloading https://repo.maven.apache.org/maven2/io/netty/netty-codec-classes-quic/4.2.12.Final/netty-codec-classes-quic-4.2.12.Final-sources.jar
2026-04-27 17:55:26,066 [Worker-77: Download sources and javadoc] INFO  o.e.m.c.i.e.AbstractTransferListenerAdapter - Downloaded https://repo.maven.apache.org/maven2/io/netty/netty-codec-classes-quic/4.2.12.Final/netty-codec-classes-quic-4.2.12.Final-sources.jar
2026-04-27 17:55:26,072 [Worker-77: Download sources and javadoc] INFO  o.e.m.j.internal.DownloadSourcesJob - Downloaded sources for io.netty:netty-codec-classes-quic:4.2.12.Final
2026-04-27 17:55:26,293 [Worker-78: Updating Maven Project] WARN  o.apache.maven.project.MavenProject - Plugin is modifying compileSourceRoots through clear(), which will not work in Maven 4.0.0. Use MavenProject.addCompileSourceRoot()/removeCompileSourceRoot() methods instead. If using a plugin, please upgrade to the latest version or report the issue to the plugin maintainer. To disable these warnings, set -Dmaven.project.sourceRoots.warningsDisabled=true on the command line, in the .mvn/maven.config file, or in project POM properties.
2026-04-27 17:55:26,295 [Worker-78: Updating Maven Project] WARN  o.apache.maven.project.MavenProject - Plugin is modifying compileSourceRoots through add(), which will not work in Maven 4.0.0. Use MavenProject.addCompileSourceRoot()/removeCompileSourceRoot() methods instead. If using a plugin, please upgrade to the latest version or report the issue to the plugin maintainer. To disable these warnings, set -Dmaven.project.sourceRoots.warningsDisabled=true on the command line, in the .mvn/maven.config file, or in project POM properties.
2026-04-27 17:55:26,296 [Worker-78: Updating Maven Project] WARN  o.apache.maven.project.MavenProject - Plugin is modifying testCompileSourceRoots through clear(), which will not work in Maven 4.0.0. Use MavenProject.addTestCompileSourceRoot()/removeTestCompileSourceRoot() methods instead. If using a plugin, please upgrade to the latest version or report the issue to the plugin maintainer. To disable these warnings, set -Dmaven.project.sourceRoots.warningsDisabled=true on the command line, in the .mvn/maven.config file, or in project POM properties.
2026-04-27 17:55:26,297 [Worker-78: Updating Maven Project] WARN  o.apache.maven.project.MavenProject - Plugin is modifying testCompileSourceRoots through add(), which will not work in Maven 4.0.0. Use MavenProject.addTestCompileSourceRoot()/removeTestCompileSourceRoot() methods instead. If using a plugin, please upgrade to the latest version or report the issue to the plugin maintainer. To disable these warnings, set -Dmaven.project.sourceRoots.warningsDisabled=true on the command line, in the .mvn/maven.config file, or in project POM properties.
2026-04-27 17:55:26,569 [Worker-78: Updating Maven Project] INFO  o.e.m.c.i.p.ProjectConfigurationManager - Update completed for 1 poms: local refresh takes 0.00 sec, refresh facades takes 3.00 sec, update config takes 1.00 sec 
2026-04-27 17:55:26,710 [Worker-77: Download sources and javadoc] INFO  o.e.m.c.i.e.AbstractTransferListenerAdapter - Downloading https://repo.maven.apache.org/maven2/io/netty/netty-codec-native-quic/4.2.12.Final/netty-codec-native-quic-4.2.12.Final-sources.jar
2026-04-27 17:55:26,721 [Worker-77: Download sources and javadoc] INFO  o.e.m.c.i.e.AbstractTransferListenerAdapter - Downloaded https://repo.maven.apache.org/maven2/io/netty/netty-codec-native-quic/4.2.12.Final/netty-codec-native-quic-4.2.12.Final-sources.jar
2026-04-27 17:55:26,727 [Worker-77: Download sources and javadoc] INFO  o.e.m.j.internal.DownloadSourcesJob - Downloaded sources for io.netty:netty-codec-native-quic:4.2.12.Finallinux-x86_64
2026-04-27 17:55:26,733 [Worker-77: Download sources and javadoc] INFO  o.e.m.j.internal.DownloadSourcesJob - Downloaded sources for io.netty:netty-codec-native-quic:4.2.12.Finallinux-aarch_64
2026-04-27 17:55:26,740 [Worker-77: Download sources and javadoc] INFO  o.e.m.j.internal.DownloadSourcesJob - Downloaded sources for io.netty:netty-codec-native-quic:4.2.12.Finalosx-x86_64
2026-04-27 17:55:26,746 [Worker-77: Download sources and javadoc] INFO  o.e.m.j.internal.DownloadSourcesJob - Downloaded sources for io.netty:netty-codec-native-quic:4.2.12.Finalosx-aarch_64
2026-04-27 17:55:26,754 [Worker-77: Download sources and javadoc] INFO  o.e.m.j.internal.DownloadSourcesJob - Downloaded sources for io.netty:netty-codec-native-quic:4.2.12.Finalwindows-x86_64
2026-04-27 17:55:26,906 [Worker-77: Download sources and javadoc] INFO  o.e.m.c.i.e.AbstractTransferListenerAdapter - Downloading https://repo.maven.apache.org/maven2/io/netty/netty-resolver-dns/4.2.12.Final/netty-resolver-dns-4.2.12.Final-sources.jar
2026-04-27 17:55:26,978 [Worker-77: Download sources and javadoc] INFO  o.e.m.c.i.e.AbstractTransferListenerAdapter - Downloaded https://repo.maven.apache.org/maven2/io/netty/netty-resolver-dns/4.2.12.Final/netty-resolver-dns-4.2.12.Final-sources.jar
2026-04-27 17:55:26,984 [Worker-77: Download sources and javadoc] INFO  o.e.m.j.internal.DownloadSourcesJob - Downloaded sources for io.netty:netty-resolver-dns:4.2.12.Final
2026-04-27 17:55:27,090 [Worker-77: Download sources and javadoc] INFO  o.e.m.c.i.e.AbstractTransferListenerAdapter - Downloading https://repo.maven.apache.org/maven2/io/netty/netty-codec-dns/4.2.12.Final/netty-codec-dns-4.2.12.Final-sources.jar
2026-04-27 17:55:27,104 [Worker-77: Download sources and javadoc] INFO  o.e.m.c.i.e.AbstractTransferListenerAdapter - Downloaded https://repo.maven.apache.org/maven2/io/netty/netty-codec-dns/4.2.12.Final/netty-codec-dns-4.2.12.Final-sources.jar
2026-04-27 17:55:27,109 [Worker-77: Download sources and javadoc] INFO  o.e.m.j.internal.DownloadSourcesJob - Downloaded sources for io.netty:netty-codec-dns:4.2.12.Final
2026-04-27 17:55:27,209 [Worker-77: Download sources and javadoc] INFO  o.e.m.c.i.e.AbstractTransferListenerAdapter - Downloading https://repo.maven.apache.org/maven2/io/netty/netty-resolver-dns-native-macos/4.2.12.Final/netty-resolver-dns-native-macos-4.2.12.Final-sources.jar
2026-04-27 17:55:27,218 [Worker-77: Download sources and javadoc] INFO  o.e.m.c.i.e.AbstractTransferListenerAdapter - Downloaded https://repo.maven.apache.org/maven2/io/netty/netty-resolver-dns-native-macos/4.2.12.Final/netty-resolver-dns-native-macos-4.2.12.Final-sources.jar
2026-04-27 17:55:27,225 [Worker-77: Download sources and javadoc] INFO  o.e.m.j.internal.DownloadSourcesJob - Downloaded sources for io.netty:netty-resolver-dns-native-macos:4.2.12.Finalosx-x86_64
2026-04-27 17:55:27,398 [Worker-77: Download sources and javadoc] INFO  o.e.m.c.i.e.AbstractTransferListenerAdapter - Downloading https://repo.maven.apache.org/maven2/io/netty/netty-resolver-dns-classes-macos/4.2.12.Final/netty-resolver-dns-classes-macos-4.2.12.Final-sources.jar
2026-04-27 17:55:27,407 [Worker-77: Download sources and javadoc] INFO  o.e.m.c.i.e.AbstractTransferListenerAdapter - Downloaded https://repo.maven.apache.org/maven2/io/netty/netty-resolver-dns-classes-macos/4.2.12.Final/netty-resolver-dns-classes-macos-4.2.12.Final-sources.jar
2026-04-27 17:55:27,414 [Worker-77: Download sources and javadoc] INFO  o.e.m.j.internal.DownloadSourcesJob - Downloaded sources for io.netty:netty-resolver-dns-classes-macos:4.2.12.Final
2026-04-27 17:55:27,535 [Worker-77: Download sources and javadoc] INFO  o.e.m.c.i.e.AbstractTransferListenerAdapter - Downloading https://repo.maven.apache.org/maven2/io/netty/netty-transport-native-epoll/4.2.12.Final/netty-transport-native-epoll-4.2.12.Final-sources.jar
2026-04-27 17:55:27,550 [Worker-77: Download sources and javadoc] INFO  o.e.m.c.i.e.AbstractTransferListenerAdapter - Downloaded https://repo.maven.apache.org/maven2/io/netty/netty-transport-native-epoll/4.2.12.Final/netty-transport-native-epoll-4.2.12.Final-sources.jar
2026-04-27 17:55:27,556 [Worker-77: Download sources and javadoc] INFO  o.e.m.j.internal.DownloadSourcesJob - Downloaded sources for io.netty:netty-transport-native-epoll:4.2.12.Finallinux-x86_64
2026-04-27 17:55:27,865 [Worker-77: Download sources and javadoc] INFO  o.e.m.c.i.e.AbstractTransferListenerAdapter - Downloading https://repo.maven.apache.org/maven2/io/netty/netty-transport-classes-epoll/4.2.12.Final/netty-transport-classes-epoll-4.2.12.Final-sources.jar
2026-04-27 17:55:27,901 [Worker-77: Download sources and javadoc] INFO  o.e.m.c.i.e.AbstractTransferListenerAdapter - Downloaded https://repo.maven.apache.org/maven2/io/netty/netty-transport-classes-epoll/4.2.12.Final/netty-transport-classes-epoll-4.2.12.Final-sources.jar
2026-04-27 17:55:27,924 [Worker-77: Download sources and javadoc] INFO  o.e.m.j.internal.DownloadSourcesJob - Downloaded sources for io.netty:netty-transport-classes-epoll:4.2.12.Final
2026-04-27 17:55:28,049 [Worker-77: Download sources and javadoc] INFO  o.e.m.c.i.e.AbstractTransferListenerAdapter - Downloading https://repo.maven.apache.org/maven2/io/projectreactor/netty/reactor-netty-core/1.3.4/reactor-netty-core-1.3.4-sources.jar
2026-04-27 17:55:28,146 [Worker-77: Download sources and javadoc] INFO  o.e.m.c.i.e.AbstractTransferListenerAdapter - Downloaded https://repo.maven.apache.org/maven2/io/projectreactor/netty/reactor-netty-core/1.3.4/reactor-netty-core-1.3.4-sources.jar
2026-04-27 17:55:28,160 [Worker-77: Download sources and javadoc] INFO  o.e.m.j.internal.DownloadSourcesJob - Downloaded sources for io.projectreactor.netty:reactor-netty-core:1.3.4
2026-04-27 17:55:28,356 [Worker-77: Download sources and javadoc] INFO  o.e.m.c.i.e.AbstractTransferListenerAdapter - Downloading https://repo.maven.apache.org/maven2/io/netty/netty-handler-proxy/4.2.12.Final/netty-handler-proxy-4.2.12.Final-sources.jar
2026-04-27 17:55:28,365 [Worker-77: Download sources and javadoc] INFO  o.e.m.c.i.e.AbstractTransferListenerAdapter - Downloaded https://repo.maven.apache.org/maven2/io/netty/netty-handler-proxy/4.2.12.Final/netty-handler-proxy-4.2.12.Final-sources.jar
2026-04-27 17:55:28,376 [Worker-77: Download sources and javadoc] INFO  o.e.m.j.internal.DownloadSourcesJob - Downloaded sources for io.netty:netty-handler-proxy:4.2.12.Final
2026-04-27 17:55:28,525 [Worker-77: Download sources and javadoc] INFO  o.e.m.c.i.e.AbstractTransferListenerAdapter - Downloading https://repo.maven.apache.org/maven2/io/netty/netty-codec-socks/4.2.12.Final/netty-codec-socks-4.2.12.Final-sources.jar
2026-04-27 17:55:28,575 [Worker-77: Download sources and javadoc] INFO  o.e.m.c.i.e.AbstractTransferListenerAdapter - Downloaded https://repo.maven.apache.org/maven2/io/netty/netty-codec-socks/4.2.12.Final/netty-codec-socks-4.2.12.Final-sources.jar
2026-04-27 17:55:28,584 [Worker-77: Download sources and javadoc] INFO  o.e.m.j.internal.DownloadSourcesJob - Downloaded sources for io.netty:netty-codec-socks:4.2.12.Final
2026-04-27 17:55:28,760 [Worker-77: Download sources and javadoc] INFO  o.e.m.c.i.e.AbstractTransferListenerAdapter - Downloading https://repo.maven.apache.org/maven2/org/springframework/boot/spring-boot-netty/4.0.5/spring-boot-netty-4.0.5-sources.jar
2026-04-27 17:55:28,771 [Worker-77: Download sources and javadoc] INFO  o.e.m.c.i.e.AbstractTransferListenerAdapter - Downloaded https://repo.maven.apache.org/maven2/org/springframework/boot/spring-boot-netty/4.0.5/spring-boot-netty-4.0.5-sources.jar
2026-04-27 17:55:28,776 [Worker-77: Download sources and javadoc] INFO  o.e.m.j.internal.DownloadSourcesJob - Downloaded sources for org.springframework.boot:spring-boot-netty:4.0.5
2026-04-27 17:55:29,194 [Worker-77: Download sources and javadoc] INFO  o.e.m.c.i.e.AbstractTransferListenerAdapter - Downloading https://repo.maven.apache.org/maven2/io/netty/netty-common/4.2.12.Final/netty-common-4.2.12.Final-sources.jar
2026-04-27 17:55:29,497 [Worker-77: Download sources and javadoc] INFO  o.e.m.c.i.e.AbstractTransferListenerAdapter - Downloaded https://repo.maven.apache.org/maven2/io/netty/netty-common/4.2.12.Final/netty-common-4.2.12.Final-sources.jar
2026-04-27 17:55:29,523 [Worker-77: Download sources and javadoc] INFO  o.e.m.j.internal.DownloadSourcesJob - Downloaded sources for io.netty:netty-common:4.2.12.Final
2026-04-27 17:55:29,921 [Worker-77: Download sources and javadoc] INFO  o.e.m.c.i.e.AbstractTransferListenerAdapter - Downloading https://repo.maven.apache.org/maven2/org/springframework/boot/spring-boot-reactor/4.0.5/spring-boot-reactor-4.0.5-sources.jar
2026-04-27 17:55:29,943 [Worker-77: Download sources and javadoc] INFO  o.e.m.c.i.e.AbstractTransferListenerAdapter - Downloaded https://repo.maven.apache.org/maven2/org/springframework/boot/spring-boot-reactor/4.0.5/spring-boot-reactor-4.0.5-sources.jar
2026-04-27 17:55:29,959 [Worker-77: Download sources and javadoc] INFO  o.e.m.j.internal.DownloadSourcesJob - Downloaded sources for org.springframework.boot:spring-boot-reactor:4.0.5
2026-04-27 17:55:30,156 [Worker-77: Download sources and javadoc] INFO  o.e.m.c.i.e.AbstractTransferListenerAdapter - Downloading https://repo.maven.apache.org/maven2/io/projectreactor/reactor-core/3.8.4/reactor-core-3.8.4-sources.jar
2026-04-27 17:55:30,598 [Worker-76: Building] INFO  o.a.m.s.f.DefaultMavenResourcesFiltering - Copying 1 resource from src\main\resources to target\classes
2026-04-27 17:55:30,793 [Worker-76: Building] INFO  o.a.m.s.f.DefaultMavenResourcesFiltering - Copying 0 resource from src\main\resources to target\classes
2026-04-27 17:55:30,836 [Worker-76: Building] INFO  o.a.m.s.f.DefaultMavenResourcesFiltering - skip non existing resourceDirectory C:\Users\hp\Desktop\CMP404 Urban Flow Project\districtservice\src\test\resources
2026-04-27 17:55:30,998 [Worker-77: Download sources and javadoc] INFO  o.e.m.c.i.e.AbstractTransferListenerAdapter - Downloaded https://repo.maven.apache.org/maven2/io/projectreactor/reactor-core/3.8.4/reactor-core-3.8.4-sources.jar
2026-04-27 17:55:31,009 [Worker-77: Download sources and javadoc] INFO  o.e.m.j.internal.DownloadSourcesJob - Downloaded sources for io.projectreactor:reactor-core:3.8.4
2026-04-27 17:55:31,242 [Worker-76: Building] WARN  o.apache.maven.project.MavenProject - Plugin is modifying compileSourceRoots through clear(), which will not work in Maven 4.0.0. Use MavenProject.addCompileSourceRoot()/removeCompileSourceRoot() methods instead. If using a plugin, please upgrade to the latest version or report the issue to the plugin maintainer. To disable these warnings, set -Dmaven.project.sourceRoots.warningsDisabled=true on the command line, in the .mvn/maven.config file, or in project POM properties.
2026-04-27 17:55:31,243 [Worker-76: Building] WARN  o.apache.maven.project.MavenProject - Plugin is modifying compileSourceRoots through add(), which will not work in Maven 4.0.0. Use MavenProject.addCompileSourceRoot()/removeCompileSourceRoot() methods instead. If using a plugin, please upgrade to the latest version or report the issue to the plugin maintainer. To disable these warnings, set -Dmaven.project.sourceRoots.warningsDisabled=true on the command line, in the .mvn/maven.config file, or in project POM properties.
2026-04-27 17:55:31,246 [Worker-76: Building] WARN  o.apache.maven.project.MavenProject - Plugin is modifying testCompileSourceRoots through clear(), which will not work in Maven 4.0.0. Use MavenProject.addTestCompileSourceRoot()/removeTestCompileSourceRoot() methods instead. If using a plugin, please upgrade to the latest version or report the issue to the plugin maintainer. To disable these warnings, set -Dmaven.project.sourceRoots.warningsDisabled=true on the command line, in the .mvn/maven.config file, or in project POM properties.
2026-04-27 17:55:31,248 [Worker-76: Building] WARN  o.apache.maven.project.MavenProject - Plugin is modifying testCompileSourceRoots through add(), which will not work in Maven 4.0.0. Use MavenProject.addTestCompileSourceRoot()/removeTestCompileSourceRoot() methods instead. If using a plugin, please upgrade to the latest version or report the issue to the plugin maintainer. To disable these warnings, set -Dmaven.project.sourceRoots.warningsDisabled=true on the command line, in the .mvn/maven.config file, or in project POM properties.
2026-04-27 17:55:31,343 [Worker-77: Download sources and javadoc] INFO  o.e.m.c.i.e.AbstractTransferListenerAdapter - Downloading https://repo.maven.apache.org/maven2/org/reactivestreams/reactive-streams/1.0.4/reactive-streams-1.0.4-sources.jar
2026-04-27 17:55:31,355 [Worker-77: Download sources and javadoc] INFO  o.e.m.c.i.e.AbstractTransferListenerAdapter - Downloaded https://repo.maven.apache.org/maven2/org/reactivestreams/reactive-streams/1.0.4/reactive-streams-1.0.4-sources.jar
2026-04-27 17:55:31,371 [Worker-77: Download sources and javadoc] INFO  o.e.m.j.internal.DownloadSourcesJob - Downloaded sources for org.reactivestreams:reactive-streams:1.0.4
2026-04-27 17:55:31,608 [Worker-77: Download sources and javadoc] INFO  o.e.m.c.i.e.AbstractTransferListenerAdapter - Downloading https://repo.maven.apache.org/maven2/org/springframework/boot/spring-boot-webflux/4.0.5/spring-boot-webflux-4.0.5-sources.jar
2026-04-27 17:55:31,655 [Worker-77: Download sources and javadoc] INFO  o.e.m.c.i.e.AbstractTransferListenerAdapter - Downloaded https://repo.maven.apache.org/maven2/org/springframework/boot/spring-boot-webflux/4.0.5/spring-boot-webflux-4.0.5-sources.jar
2026-04-27 17:55:31,667 [Worker-77: Download sources and javadoc] INFO  o.e.m.j.internal.DownloadSourcesJob - Downloaded sources for org.springframework.boot:spring-boot-webflux:4.0.5
2026-04-27 17:55:31,872 [Worker-77: Download sources and javadoc] INFO  o.e.m.c.i.e.AbstractTransferListenerAdapter - Downloading https://repo.maven.apache.org/maven2/org/springframework/boot/spring-boot-http-codec/4.0.5/spring-boot-http-codec-4.0.5-sources.jar
2026-04-27 17:55:31,884 [Worker-77: Download sources and javadoc] INFO  o.e.m.c.i.e.AbstractTransferListenerAdapter - Downloaded https://repo.maven.apache.org/maven2/org/springframework/boot/spring-boot-http-codec/4.0.5/spring-boot-http-codec-4.0.5-sources.jar
2026-04-27 17:55:31,891 [Worker-77: Download sources and javadoc] INFO  o.e.m.j.internal.DownloadSourcesJob - Downloaded sources for org.springframework.boot:spring-boot-http-codec:4.0.5
2026-04-27 17:55:32,054 [Worker-77: Download sources and javadoc] INFO  o.e.m.c.i.e.AbstractTransferListenerAdapter - Downloading https://repo.maven.apache.org/maven2/org/springframework/spring-webflux/7.0.6/spring-webflux-7.0.6-sources.jar
2026-04-27 17:55:32,270 [Worker-77: Download sources and javadoc] INFO  o.e.m.c.i.e.AbstractTransferListenerAdapter - Downloaded https://repo.maven.apache.org/maven2/org/springframework/spring-webflux/7.0.6/spring-webflux-7.0.6-sources.jar
2026-04-27 17:55:32,275 [Worker-77: Download sources and javadoc] INFO  o.e.m.j.internal.DownloadSourcesJob - Downloaded sources for org.springframework:spring-webflux:7.0.6
2026-04-27 17:57:42,795 [Worker-77: Building] INFO  o.a.m.s.f.DefaultMavenResourcesFiltering - Copying 1 resource from src\main\resources to target\classes
2026-04-27 17:57:42,809 [Worker-77: Building] INFO  o.a.m.s.f.DefaultMavenResourcesFiltering - Copying 0 resource from src\main\resources to target\classes
2026-04-27 17:57:42,818 [Worker-77: Building] INFO  o.a.m.s.f.DefaultMavenResourcesFiltering - skip non existing resourceDirectory C:\Users\hp\Desktop\CMP404 Urban Flow Project\districtservice\src\test\resources
2026-04-27 17:57:42,861 [Worker-77: Building] WARN  o.apache.maven.project.MavenProject - Plugin is modifying compileSourceRoots through clear(), which will not work in Maven 4.0.0. Use MavenProject.addCompileSourceRoot()/removeCompileSourceRoot() methods instead. If using a plugin, please upgrade to the latest version or report the issue to the plugin maintainer. To disable these warnings, set -Dmaven.project.sourceRoots.warningsDisabled=true on the command line, in the .mvn/maven.config file, or in project POM properties.
2026-04-27 17:57:42,863 [Worker-77: Building] WARN  o.apache.maven.project.MavenProject - Plugin is modifying compileSourceRoots through add(), which will not work in Maven 4.0.0. Use MavenProject.addCompileSourceRoot()/removeCompileSourceRoot() methods instead. If using a plugin, please upgrade to the latest version or report the issue to the plugin maintainer. To disable these warnings, set -Dmaven.project.sourceRoots.warningsDisabled=true on the command line, in the .mvn/maven.config file, or in project POM properties.
2026-04-27 17:57:42,864 [Worker-77: Building] WARN  o.apache.maven.project.MavenProject - Plugin is modifying testCompileSourceRoots through clear(), which will not work in Maven 4.0.0. Use MavenProject.addTestCompileSourceRoot()/removeTestCompileSourceRoot() methods instead. If using a plugin, please upgrade to the latest version or report the issue to the plugin maintainer. To disable these warnings, set -Dmaven.project.sourceRoots.warningsDisabled=true on the command line, in the .mvn/maven.config file, or in project POM properties.
2026-04-27 17:57:42,865 [Worker-77: Building] WARN  o.apache.maven.project.MavenProject - Plugin is modifying testCompileSourceRoots through add(), which will not work in Maven 4.0.0. Use MavenProject.addTestCompileSourceRoot()/removeTestCompileSourceRoot() methods instead. If using a plugin, please upgrade to the latest version or report the issue to the plugin maintainer. To disable these warnings, set -Dmaven.project.sourceRoots.warningsDisabled=true on the command line, in the .mvn/maven.config file, or in project POM properties.
2026-04-27 17:57:48,177 [Worker-77: Building] INFO  o.a.m.s.f.DefaultMavenResourcesFiltering - Copying 1 resource from src\main\resources to target\classes
2026-04-27 17:57:48,186 [Worker-77: Building] INFO  o.a.m.s.f.DefaultMavenResourcesFiltering - Copying 0 resource from src\main\resources to target\classes
2026-04-27 17:57:48,197 [Worker-77: Building] INFO  o.a.m.s.f.DefaultMavenResourcesFiltering - skip non existing resourceDirectory C:\Users\hp\Desktop\CMP404 Urban Flow Project\districtservice\src\test\resources
2026-04-27 17:57:48,245 [Worker-77: Building] WARN  o.apache.maven.project.MavenProject - Plugin is modifying compileSourceRoots through clear(), which will not work in Maven 4.0.0. Use MavenProject.addCompileSourceRoot()/removeCompileSourceRoot() methods instead. If using a plugin, please upgrade to the latest version or report the issue to the plugin maintainer. To disable these warnings, set -Dmaven.project.sourceRoots.warningsDisabled=true on the command line, in the .mvn/maven.config file, or in project POM properties.
2026-04-27 17:57:48,247 [Worker-77: Building] WARN  o.apache.maven.project.MavenProject - Plugin is modifying compileSourceRoots through add(), which will not work in Maven 4.0.0. Use MavenProject.addCompileSourceRoot()/removeCompileSourceRoot() methods instead. If using a plugin, please upgrade to the latest version or report the issue to the plugin maintainer. To disable these warnings, set -Dmaven.project.sourceRoots.warningsDisabled=true on the command line, in the .mvn/maven.config file, or in project POM properties.
2026-04-27 17:57:48,251 [Worker-77: Building] WARN  o.apache.maven.project.MavenProject - Plugin is modifying testCompileSourceRoots through clear(), which will not work in Maven 4.0.0. Use MavenProject.addTestCompileSourceRoot()/removeTestCompileSourceRoot() methods instead. If using a plugin, please upgrade to the latest version or report the issue to the plugin maintainer. To disable these warnings, set -Dmaven.project.sourceRoots.warningsDisabled=true on the command line, in the .mvn/maven.config file, or in project POM properties.
2026-04-27 17:57:48,252 [Worker-77: Building] WARN  o.apache.maven.project.MavenProject - Plugin is modifying testCompileSourceRoots through add(), which will not work in Maven 4.0.0. Use MavenProject.addTestCompileSourceRoot()/removeTestCompileSourceRoot() methods instead. If using a plugin, please upgrade to the latest version or report the issue to the plugin maintainer. To disable these warnings, set -Dmaven.project.sourceRoots.warningsDisabled=true on the command line, in the .mvn/maven.config file, or in project POM properties.
2026-04-27 17:58:00,830 [Worker-77: Building] INFO  o.a.m.s.f.DefaultMavenResourcesFiltering - Copying 1 resource from src\main\resources to target\classes
2026-04-27 17:58:00,842 [Worker-77: Building] INFO  o.a.m.s.f.DefaultMavenResourcesFiltering - Copying 0 resource from src\main\resources to target\classes
2026-04-27 17:58:00,851 [Worker-77: Building] INFO  o.a.m.s.f.DefaultMavenResourcesFiltering - skip non existing resourceDirectory C:\Users\hp\Desktop\CMP404 Urban Flow Project\districtservice\src\test\resources
2026-04-27 17:58:00,893 [Worker-77: Building] WARN  o.apache.maven.project.MavenProject - Plugin is modifying compileSourceRoots through clear(), which will not work in Maven 4.0.0. Use MavenProject.addCompileSourceRoot()/removeCompileSourceRoot() methods instead. If using a plugin, please upgrade to the latest version or report the issue to the plugin maintainer. To disable these warnings, set -Dmaven.project.sourceRoots.warningsDisabled=true on the command line, in the .mvn/maven.config file, or in project POM properties.
2026-04-27 17:58:00,895 [Worker-77: Building] WARN  o.apache.maven.project.MavenProject - Plugin is modifying compileSourceRoots through add(), which will not work in Maven 4.0.0. Use MavenProject.addCompileSourceRoot()/removeCompileSourceRoot() methods instead. If using a plugin, please upgrade to the latest version or report the issue to the plugin maintainer. To disable these warnings, set -Dmaven.project.sourceRoots.warningsDisabled=true on the command line, in the .mvn/maven.config file, or in project POM properties.
2026-04-27 17:58:00,897 [Worker-77: Building] WARN  o.apache.maven.project.MavenProject - Plugin is modifying testCompileSourceRoots through clear(), which will not work in Maven 4.0.0. Use MavenProject.addTestCompileSourceRoot()/removeTestCompileSourceRoot() methods instead. If using a plugin, please upgrade to the latest version or report the issue to the plugin maintainer. To disable these warnings, set -Dmaven.project.sourceRoots.warningsDisabled=true on the command line, in the .mvn/maven.config file, or in project POM properties.
2026-04-27 17:58:00,898 [Worker-77: Building] WARN  o.apache.maven.project.MavenProject - Plugin is modifying testCompileSourceRoots through add(), which will not work in Maven 4.0.0. Use MavenProject.addTestCompileSourceRoot()/removeTestCompileSourceRoot() methods instead. If using a plugin, please upgrade to the latest version or report the issue to the plugin maintainer. To disable these warnings, set -Dmaven.project.sourceRoots.warningsDisabled=true on the command line, in the .mvn/maven.config file, or in project POM properties.
2026-04-27 18:02:16,337 [Worker-81: Building] INFO  o.a.m.s.f.DefaultMavenResourcesFiltering - Copying 1 resource from src\main\resources to target\classes
2026-04-27 18:02:16,365 [Worker-81: Building] INFO  o.a.m.s.f.DefaultMavenResourcesFiltering - Copying 0 resource from src\main\resources to target\classes
2026-04-27 18:02:16,375 [Worker-81: Building] INFO  o.a.m.s.f.DefaultMavenResourcesFiltering - skip non existing resourceDirectory C:\Users\hp\Desktop\CMP404 Urban Flow Project\districtservice\src\test\resources
2026-04-27 18:02:16,376 [Worker-81: Building] WARN  o.apache.maven.project.MavenProject - Plugin is modifying compileSourceRoots through clear(), which will not work in Maven 4.0.0. Use MavenProject.addCompileSourceRoot()/removeCompileSourceRoot() methods instead. If using a plugin, please upgrade to the latest version or report the issue to the plugin maintainer. To disable these warnings, set -Dmaven.project.sourceRoots.warningsDisabled=true on the command line, in the .mvn/maven.config file, or in project POM properties.
2026-04-27 18:02:16,378 [Worker-81: Building] WARN  o.apache.maven.project.MavenProject - Plugin is modifying compileSourceRoots through add(), which will not work in Maven 4.0.0. Use MavenProject.addCompileSourceRoot()/removeCompileSourceRoot() methods instead. If using a plugin, please upgrade to the latest version or report the issue to the plugin maintainer. To disable these warnings, set -Dmaven.project.sourceRoots.warningsDisabled=true on the command line, in the .mvn/maven.config file, or in project POM properties.
2026-04-27 18:02:16,379 [Worker-81: Building] WARN  o.apache.maven.project.MavenProject - Plugin is modifying testCompileSourceRoots through clear(), which will not work in Maven 4.0.0. Use MavenProject.addTestCompileSourceRoot()/removeTestCompileSourceRoot() methods instead. If using a plugin, please upgrade to the latest version or report the issue to the plugin maintainer. To disable these warnings, set -Dmaven.project.sourceRoots.warningsDisabled=true on the command line, in the .mvn/maven.config file, or in project POM properties.
2026-04-27 18:02:16,381 [Worker-81: Building] WARN  o.apache.maven.project.MavenProject - Plugin is modifying testCompileSourceRoots through add(), which will not work in Maven 4.0.0. Use MavenProject.addTestCompileSourceRoot()/removeTestCompileSourceRoot() methods instead. If using a plugin, please upgrade to the latest version or report the issue to the plugin maintainer. To disable these warnings, set -Dmaven.project.sourceRoots.warningsDisabled=true on the command line, in the .mvn/maven.config file, or in project POM properties.
2026-04-27 18:04:07,565 [Worker-83: Building] INFO  o.a.m.s.f.DefaultMavenResourcesFiltering - Copying 1 resource from src\main\resources to target\classes
2026-04-27 18:04:07,576 [Worker-83: Building] INFO  o.a.m.s.f.DefaultMavenResourcesFiltering - Copying 0 resource from src\main\resources to target\classes
2026-04-27 18:04:07,586 [Worker-83: Building] INFO  o.a.m.s.f.DefaultMavenResourcesFiltering - skip non existing resourceDirectory C:\Users\hp\Desktop\CMP404 Urban Flow Project\districtservice\src\test\resources
2026-04-27 18:04:07,587 [Worker-83: Building] WARN  o.apache.maven.project.MavenProject - Plugin is modifying compileSourceRoots through clear(), which will not work in Maven 4.0.0. Use MavenProject.addCompileSourceRoot()/removeCompileSourceRoot() methods instead. If using a plugin, please upgrade to the latest version or report the issue to the plugin maintainer. To disable these warnings, set -Dmaven.project.sourceRoots.warningsDisabled=true on the command line, in the .mvn/maven.config file, or in project POM properties.
2026-04-27 18:04:07,591 [Worker-83: Building] WARN  o.apache.maven.project.MavenProject - Plugin is modifying compileSourceRoots through add(), which will not work in Maven 4.0.0. Use MavenProject.addCompileSourceRoot()/removeCompileSourceRoot() methods instead. If using a plugin, please upgrade to the latest version or report the issue to the plugin maintainer. To disable these warnings, set -Dmaven.project.sourceRoots.warningsDisabled=true on the command line, in the .mvn/maven.config file, or in project POM properties.
2026-04-27 18:04:07,594 [Worker-83: Building] WARN  o.apache.maven.project.MavenProject - Plugin is modifying testCompileSourceRoots through clear(), which will not work in Maven 4.0.0. Use MavenProject.addTestCompileSourceRoot()/removeTestCompileSourceRoot() methods instead. If using a plugin, please upgrade to the latest version or report the issue to the plugin maintainer. To disable these warnings, set -Dmaven.project.sourceRoots.warningsDisabled=true on the command line, in the .mvn/maven.config file, or in project POM properties.
2026-04-27 18:04:07,597 [Worker-83: Building] WARN  o.apache.maven.project.MavenProject - Plugin is modifying testCompileSourceRoots through add(), which will not work in Maven 4.0.0. Use MavenProject.addTestCompileSourceRoot()/removeTestCompileSourceRoot() methods instead. If using a plugin, please upgrade to the latest version or report the issue to the plugin maintainer. To disable these warnings, set -Dmaven.project.sourceRoots.warningsDisabled=true on the command line, in the .mvn/maven.config file, or in project POM properties.
2026-04-27 18:04:14,478 [Worker-77: Building] INFO  o.a.m.s.f.DefaultMavenResourcesFiltering - Copying 1 resource from src\main\resources to target\classes
2026-04-27 18:04:14,489 [Worker-77: Building] INFO  o.a.m.s.f.DefaultMavenResourcesFiltering - Copying 0 resource from src\main\resources to target\classes
2026-04-27 18:04:14,505 [Worker-77: Building] INFO  o.a.m.s.f.DefaultMavenResourcesFiltering - skip non existing resourceDirectory C:\Users\hp\Desktop\CMP404 Urban Flow Project\districtservice\src\test\resources
2026-04-27 18:04:14,506 [Worker-77: Building] WARN  o.apache.maven.project.MavenProject - Plugin is modifying compileSourceRoots through clear(), which will not work in Maven 4.0.0. Use MavenProject.addCompileSourceRoot()/removeCompileSourceRoot() methods instead. If using a plugin, please upgrade to the latest version or report the issue to the plugin maintainer. To disable these warnings, set -Dmaven.project.sourceRoots.warningsDisabled=true on the command line, in the .mvn/maven.config file, or in project POM properties.
2026-04-27 18:04:14,507 [Worker-77: Building] WARN  o.apache.maven.project.MavenProject - Plugin is modifying compileSourceRoots through add(), which will not work in Maven 4.0.0. Use MavenProject.addCompileSourceRoot()/removeCompileSourceRoot() methods instead. If using a plugin, please upgrade to the latest version or report the issue to the plugin maintainer. To disable these warnings, set -Dmaven.project.sourceRoots.warningsDisabled=true on the command line, in the .mvn/maven.config file, or in project POM properties.
2026-04-27 18:04:14,509 [Worker-77: Building] WARN  o.apache.maven.project.MavenProject - Plugin is modifying testCompileSourceRoots through clear(), which will not work in Maven 4.0.0. Use MavenProject.addTestCompileSourceRoot()/removeTestCompileSourceRoot() methods instead. If using a plugin, please upgrade to the latest version or report the issue to the plugin maintainer. To disable these warnings, set -Dmaven.project.sourceRoots.warningsDisabled=true on the command line, in the .mvn/maven.config file, or in project POM properties.
2026-04-27 18:04:14,510 [Worker-77: Building] WARN  o.apache.maven.project.MavenProject - Plugin is modifying testCompileSourceRoots through add(), which will not work in Maven 4.0.0. Use MavenProject.addTestCompileSourceRoot()/removeTestCompileSourceRoot() methods instead. If using a plugin, please upgrade to the latest version or report the issue to the plugin maintainer. To disable these warnings, set -Dmaven.project.sourceRoots.warningsDisabled=true on the command line, in the .mvn/maven.config file, or in project POM properties.
2026-04-27 18:04:29,142 [Worker-86: Building] INFO  o.a.m.s.f.DefaultMavenResourcesFiltering - Copying 1 resource from src\main\resources to target\classes
2026-04-27 18:04:29,155 [Worker-86: Building] INFO  o.a.m.s.f.DefaultMavenResourcesFiltering - Copying 0 resource from src\main\resources to target\classes
2026-04-27 18:04:29,164 [Worker-86: Building] INFO  o.a.m.s.f.DefaultMavenResourcesFiltering - skip non existing resourceDirectory C:\Users\hp\Desktop\CMP404 Urban Flow Project\districtservice\src\test\resources
2026-04-27 18:04:29,165 [Worker-86: Building] WARN  o.apache.maven.project.MavenProject - Plugin is modifying compileSourceRoots through clear(), which will not work in Maven 4.0.0. Use MavenProject.addCompileSourceRoot()/removeCompileSourceRoot() methods instead. If using a plugin, please upgrade to the latest version or report the issue to the plugin maintainer. To disable these warnings, set -Dmaven.project.sourceRoots.warningsDisabled=true on the command line, in the .mvn/maven.config file, or in project POM properties.
2026-04-27 18:04:29,170 [Worker-86: Building] WARN  o.apache.maven.project.MavenProject - Plugin is modifying compileSourceRoots through add(), which will not work in Maven 4.0.0. Use MavenProject.addCompileSourceRoot()/removeCompileSourceRoot() methods instead. If using a plugin, please upgrade to the latest version or report the issue to the plugin maintainer. To disable these warnings, set -Dmaven.project.sourceRoots.warningsDisabled=true on the command line, in the .mvn/maven.config file, or in project POM properties.
2026-04-27 18:04:29,172 [Worker-86: Building] WARN  o.apache.maven.project.MavenProject - Plugin is modifying testCompileSourceRoots through clear(), which will not work in Maven 4.0.0. Use MavenProject.addTestCompileSourceRoot()/removeTestCompileSourceRoot() methods instead. If using a plugin, please upgrade to the latest version or report the issue to the plugin maintainer. To disable these warnings, set -Dmaven.project.sourceRoots.warningsDisabled=true on the command line, in the .mvn/maven.config file, or in project POM properties.
2026-04-27 18:04:29,173 [Worker-86: Building] WARN  o.apache.maven.project.MavenProject - Plugin is modifying testCompileSourceRoots through add(), which will not work in Maven 4.0.0. Use MavenProject.addTestCompileSourceRoot()/removeTestCompileSourceRoot() methods instead. If using a plugin, please upgrade to the latest version or report the issue to the plugin maintainer. To disable these warnings, set -Dmaven.project.sourceRoots.warningsDisabled=true on the command line, in the .mvn/maven.config file, or in project POM properties.
2026-04-27 18:04:36,486 [Worker-77: Building] INFO  o.a.m.s.f.DefaultMavenResourcesFiltering - Copying 1 resource from src\main\resources to target\classes
2026-04-27 18:04:36,500 [Worker-77: Building] INFO  o.a.m.s.f.DefaultMavenResourcesFiltering - Copying 0 resource from src\main\resources to target\classes
2026-04-27 18:04:36,508 [Worker-77: Building] INFO  o.a.m.s.f.DefaultMavenResourcesFiltering - skip non existing resourceDirectory C:\Users\hp\Desktop\CMP404 Urban Flow Project\districtservice\src\test\resources
2026-04-27 18:04:36,509 [Worker-77: Building] WARN  o.apache.maven.project.MavenProject - Plugin is modifying compileSourceRoots through clear(), which will not work in Maven 4.0.0. Use MavenProject.addCompileSourceRoot()/removeCompileSourceRoot() methods instead. If using a plugin, please upgrade to the latest version or report the issue to the plugin maintainer. To disable these warnings, set -Dmaven.project.sourceRoots.warningsDisabled=true on the command line, in the .mvn/maven.config file, or in project POM properties.
2026-04-27 18:04:36,511 [Worker-77: Building] WARN  o.apache.maven.project.MavenProject - Plugin is modifying compileSourceRoots through add(), which will not work in Maven 4.0.0. Use MavenProject.addCompileSourceRoot()/removeCompileSourceRoot() methods instead. If using a plugin, please upgrade to the latest version or report the issue to the plugin maintainer. To disable these warnings, set -Dmaven.project.sourceRoots.warningsDisabled=true on the command line, in the .mvn/maven.config file, or in project POM properties.
2026-04-27 18:04:36,513 [Worker-77: Building] WARN  o.apache.maven.project.MavenProject - Plugin is modifying testCompileSourceRoots through clear(), which will not work in Maven 4.0.0. Use MavenProject.addTestCompileSourceRoot()/removeTestCompileSourceRoot() methods instead. If using a plugin, please upgrade to the latest version or report the issue to the plugin maintainer. To disable these warnings, set -Dmaven.project.sourceRoots.warningsDisabled=true on the command line, in the .mvn/maven.config file, or in project POM properties.
2026-04-27 18:04:36,515 [Worker-77: Building] WARN  o.apache.maven.project.MavenProject - Plugin is modifying testCompileSourceRoots through add(), which will not work in Maven 4.0.0. Use MavenProject.addTestCompileSourceRoot()/removeTestCompileSourceRoot() methods instead. If using a plugin, please upgrade to the latest version or report the issue to the plugin maintainer. To disable these warnings, set -Dmaven.project.sourceRoots.warningsDisabled=true on the command line, in the .mvn/maven.config file, or in project POM properties.
2026-04-27 18:05:16,699 [Worker-84: Building] INFO  o.a.m.s.f.DefaultMavenResourcesFiltering - Copying 1 resource from src\main\resources to target\classes
2026-04-27 18:05:16,712 [Worker-84: Building] INFO  o.a.m.s.f.DefaultMavenResourcesFiltering - Copying 0 resource from src\main\resources to target\classes
2026-04-27 18:05:16,723 [Worker-84: Building] INFO  o.a.m.s.f.DefaultMavenResourcesFiltering - skip non existing resourceDirectory C:\Users\hp\Desktop\CMP404 Urban Flow Project\districtservice\src\test\resources
2026-04-27 18:05:16,724 [Worker-84: Building] WARN  o.apache.maven.project.MavenProject - Plugin is modifying compileSourceRoots through clear(), which will not work in Maven 4.0.0. Use MavenProject.addCompileSourceRoot()/removeCompileSourceRoot() methods instead. If using a plugin, please upgrade to the latest version or report the issue to the plugin maintainer. To disable these warnings, set -Dmaven.project.sourceRoots.warningsDisabled=true on the command line, in the .mvn/maven.config file, or in project POM properties.
2026-04-27 18:05:16,725 [Worker-84: Building] WARN  o.apache.maven.project.MavenProject - Plugin is modifying compileSourceRoots through add(), which will not work in Maven 4.0.0. Use MavenProject.addCompileSourceRoot()/removeCompileSourceRoot() methods instead. If using a plugin, please upgrade to the latest version or report the issue to the plugin maintainer. To disable these warnings, set -Dmaven.project.sourceRoots.warningsDisabled=true on the command line, in the .mvn/maven.config file, or in project POM properties.
2026-04-27 18:05:16,727 [Worker-84: Building] WARN  o.apache.maven.project.MavenProject - Plugin is modifying testCompileSourceRoots through clear(), which will not work in Maven 4.0.0. Use MavenProject.addTestCompileSourceRoot()/removeTestCompileSourceRoot() methods instead. If using a plugin, please upgrade to the latest version or report the issue to the plugin maintainer. To disable these warnings, set -Dmaven.project.sourceRoots.warningsDisabled=true on the command line, in the .mvn/maven.config file, or in project POM properties.
2026-04-27 18:05:16,728 [Worker-84: Building] WARN  o.apache.maven.project.MavenProject - Plugin is modifying testCompileSourceRoots through add(), which will not work in Maven 4.0.0. Use MavenProject.addTestCompileSourceRoot()/removeTestCompileSourceRoot() methods instead. If using a plugin, please upgrade to the latest version or report the issue to the plugin maintainer. To disable these warnings, set -Dmaven.project.sourceRoots.warningsDisabled=true on the command line, in the .mvn/maven.config file, or in project POM properties.
2026-04-27 18:06:49,650 [Worker-84: Building] INFO  o.a.m.s.f.DefaultMavenResourcesFiltering - Copying 1 resource from src\main\resources to target\classes
2026-04-27 18:06:49,663 [Worker-84: Building] INFO  o.a.m.s.f.DefaultMavenResourcesFiltering - Copying 0 resource from src\main\resources to target\classes
2026-04-27 18:06:49,678 [Worker-84: Building] INFO  o.a.m.s.f.DefaultMavenResourcesFiltering - skip non existing resourceDirectory C:\Users\hp\Desktop\CMP404 Urban Flow Project\districtservice\src\test\resources
2026-04-27 18:06:49,679 [Worker-84: Building] WARN  o.apache.maven.project.MavenProject - Plugin is modifying compileSourceRoots through clear(), which will not work in Maven 4.0.0. Use MavenProject.addCompileSourceRoot()/removeCompileSourceRoot() methods instead. If using a plugin, please upgrade to the latest version or report the issue to the plugin maintainer. To disable these warnings, set -Dmaven.project.sourceRoots.warningsDisabled=true on the command line, in the .mvn/maven.config file, or in project POM properties.
2026-04-27 18:06:49,683 [Worker-84: Building] WARN  o.apache.maven.project.MavenProject - Plugin is modifying compileSourceRoots through add(), which will not work in Maven 4.0.0. Use MavenProject.addCompileSourceRoot()/removeCompileSourceRoot() methods instead. If using a plugin, please upgrade to the latest version or report the issue to the plugin maintainer. To disable these warnings, set -Dmaven.project.sourceRoots.warningsDisabled=true on the command line, in the .mvn/maven.config file, or in project POM properties.
2026-04-27 18:06:49,685 [Worker-84: Building] WARN  o.apache.maven.project.MavenProject - Plugin is modifying testCompileSourceRoots through clear(), which will not work in Maven 4.0.0. Use MavenProject.addTestCompileSourceRoot()/removeTestCompileSourceRoot() methods instead. If using a plugin, please upgrade to the latest version or report the issue to the plugin maintainer. To disable these warnings, set -Dmaven.project.sourceRoots.warningsDisabled=true on the command line, in the .mvn/maven.config file, or in project POM properties.
2026-04-27 18:06:49,687 [Worker-84: Building] WARN  o.apache.maven.project.MavenProject - Plugin is modifying testCompileSourceRoots through add(), which will not work in Maven 4.0.0. Use MavenProject.addTestCompileSourceRoot()/removeTestCompileSourceRoot() methods instead. If using a plugin, please upgrade to the latest version or report the issue to the plugin maintainer. To disable these warnings, set -Dmaven.project.sourceRoots.warningsDisabled=true on the command line, in the .mvn/maven.config file, or in project POM properties.
2026-04-27 18:11:17,764 [Worker-83: Building] INFO  o.a.m.s.f.DefaultMavenResourcesFiltering - Copying 1 resource from src\main\resources to target\classes
2026-04-27 18:11:17,795 [Worker-83: Building] INFO  o.a.m.s.f.DefaultMavenResourcesFiltering - Copying 0 resource from src\main\resources to target\classes
2026-04-27 18:11:17,811 [Worker-83: Building] INFO  o.a.m.s.f.DefaultMavenResourcesFiltering - skip non existing resourceDirectory C:\Users\hp\Desktop\CMP404 Urban Flow Project\districtservice\src\test\resources
2026-04-27 18:11:17,812 [Worker-83: Building] WARN  o.apache.maven.project.MavenProject - Plugin is modifying compileSourceRoots through clear(), which will not work in Maven 4.0.0. Use MavenProject.addCompileSourceRoot()/removeCompileSourceRoot() methods instead. If using a plugin, please upgrade to the latest version or report the issue to the plugin maintainer. To disable these warnings, set -Dmaven.project.sourceRoots.warningsDisabled=true on the command line, in the .mvn/maven.config file, or in project POM properties.
2026-04-27 18:11:17,815 [Worker-83: Building] WARN  o.apache.maven.project.MavenProject - Plugin is modifying compileSourceRoots through add(), which will not work in Maven 4.0.0. Use MavenProject.addCompileSourceRoot()/removeCompileSourceRoot() methods instead. If using a plugin, please upgrade to the latest version or report the issue to the plugin maintainer. To disable these warnings, set -Dmaven.project.sourceRoots.warningsDisabled=true on the command line, in the .mvn/maven.config file, or in project POM properties.
2026-04-27 18:11:17,817 [Worker-83: Building] WARN  o.apache.maven.project.MavenProject - Plugin is modifying testCompileSourceRoots through clear(), which will not work in Maven 4.0.0. Use MavenProject.addTestCompileSourceRoot()/removeTestCompileSourceRoot() methods instead. If using a plugin, please upgrade to the latest version or report the issue to the plugin maintainer. To disable these warnings, set -Dmaven.project.sourceRoots.warningsDisabled=true on the command line, in the .mvn/maven.config file, or in project POM properties.
2026-04-27 18:11:17,818 [Worker-83: Building] WARN  o.apache.maven.project.MavenProject - Plugin is modifying testCompileSourceRoots through add(), which will not work in Maven 4.0.0. Use MavenProject.addTestCompileSourceRoot()/removeTestCompileSourceRoot() methods instead. If using a plugin, please upgrade to the latest version or report the issue to the plugin maintainer. To disable these warnings, set -Dmaven.project.sourceRoots.warningsDisabled=true on the command line, in the .mvn/maven.config file, or in project POM properties.
2026-04-27 18:18:25,375 [Worker-93: Building] INFO  o.a.m.s.f.DefaultMavenResourcesFiltering - Copying 1 resource from src\main\resources to target\classes
2026-04-27 18:18:25,390 [Worker-93: Building] INFO  o.a.m.s.f.DefaultMavenResourcesFiltering - Copying 0 resource from src\main\resources to target\classes
2026-04-27 18:18:25,395 [Worker-93: Building] INFO  o.a.m.s.f.DefaultMavenResourcesFiltering - skip non existing resourceDirectory C:\Users\hp\Desktop\CMP404 Urban Flow Project\districtservice\src\test\resources
2026-04-27 18:18:25,396 [Worker-93: Building] WARN  o.apache.maven.project.MavenProject - Plugin is modifying compileSourceRoots through clear(), which will not work in Maven 4.0.0. Use MavenProject.addCompileSourceRoot()/removeCompileSourceRoot() methods instead. If using a plugin, please upgrade to the latest version or report the issue to the plugin maintainer. To disable these warnings, set -Dmaven.project.sourceRoots.warningsDisabled=true on the command line, in the .mvn/maven.config file, or in project POM properties.
2026-04-27 18:18:25,397 [Worker-93: Building] WARN  o.apache.maven.project.MavenProject - Plugin is modifying compileSourceRoots through add(), which will not work in Maven 4.0.0. Use MavenProject.addCompileSourceRoot()/removeCompileSourceRoot() methods instead. If using a plugin, please upgrade to the latest version or report the issue to the plugin maintainer. To disable these warnings, set -Dmaven.project.sourceRoots.warningsDisabled=true on the command line, in the .mvn/maven.config file, or in project POM properties.
2026-04-27 18:18:25,398 [Worker-93: Building] WARN  o.apache.maven.project.MavenProject - Plugin is modifying testCompileSourceRoots through clear(), which will not work in Maven 4.0.0. Use MavenProject.addTestCompileSourceRoot()/removeTestCompileSourceRoot() methods instead. If using a plugin, please upgrade to the latest version or report the issue to the plugin maintainer. To disable these warnings, set -Dmaven.project.sourceRoots.warningsDisabled=true on the command line, in the .mvn/maven.config file, or in project POM properties.
2026-04-27 18:18:25,398 [Worker-93: Building] WARN  o.apache.maven.project.MavenProject - Plugin is modifying testCompileSourceRoots through add(), which will not work in Maven 4.0.0. Use MavenProject.addTestCompileSourceRoot()/removeTestCompileSourceRoot() methods instead. If using a plugin, please upgrade to the latest version or report the issue to the plugin maintainer. To disable these warnings, set -Dmaven.project.sourceRoots.warningsDisabled=true on the command line, in the .mvn/maven.config file, or in project POM properties.
2026-04-27 18:20:51,956 [Worker-96: Building] INFO  o.a.m.s.f.DefaultMavenResourcesFiltering - Copying 1 resource from src\main\resources to target\classes
2026-04-27 18:20:51,978 [Worker-96: Building] INFO  o.a.m.s.f.DefaultMavenResourcesFiltering - Copying 0 resource from src\main\resources to target\classes
2026-04-27 18:20:51,985 [Worker-96: Building] INFO  o.a.m.s.f.DefaultMavenResourcesFiltering - skip non existing resourceDirectory C:\Users\hp\Desktop\CMP404 Urban Flow Project\districtservice\src\test\resources
2026-04-27 18:20:51,987 [Worker-96: Building] WARN  o.apache.maven.project.MavenProject - Plugin is modifying compileSourceRoots through clear(), which will not work in Maven 4.0.0. Use MavenProject.addCompileSourceRoot()/removeCompileSourceRoot() methods instead. If using a plugin, please upgrade to the latest version or report the issue to the plugin maintainer. To disable these warnings, set -Dmaven.project.sourceRoots.warningsDisabled=true on the command line, in the .mvn/maven.config file, or in project POM properties.
2026-04-27 18:20:51,989 [Worker-96: Building] WARN  o.apache.maven.project.MavenProject - Plugin is modifying compileSourceRoots through add(), which will not work in Maven 4.0.0. Use MavenProject.addCompileSourceRoot()/removeCompileSourceRoot() methods instead. If using a plugin, please upgrade to the latest version or report the issue to the plugin maintainer. To disable these warnings, set -Dmaven.project.sourceRoots.warningsDisabled=true on the command line, in the .mvn/maven.config file, or in project POM properties.
2026-04-27 18:20:51,989 [Worker-96: Building] WARN  o.apache.maven.project.MavenProject - Plugin is modifying testCompileSourceRoots through clear(), which will not work in Maven 4.0.0. Use MavenProject.addTestCompileSourceRoot()/removeTestCompileSourceRoot() methods instead. If using a plugin, please upgrade to the latest version or report the issue to the plugin maintainer. To disable these warnings, set -Dmaven.project.sourceRoots.warningsDisabled=true on the command line, in the .mvn/maven.config file, or in project POM properties.
2026-04-27 18:20:51,990 [Worker-96: Building] WARN  o.apache.maven.project.MavenProject - Plugin is modifying testCompileSourceRoots through add(), which will not work in Maven 4.0.0. Use MavenProject.addTestCompileSourceRoot()/removeTestCompileSourceRoot() methods instead. If using a plugin, please upgrade to the latest version or report the issue to the plugin maintainer. To disable these warnings, set -Dmaven.project.sourceRoots.warningsDisabled=true on the command line, in the .mvn/maven.config file, or in project POM properties.
2026-04-27 18:23:56,590 [Worker-100: Building] INFO  o.a.m.s.f.DefaultMavenResourcesFiltering - Copying 1 resource from src\main\resources to target\classes
2026-04-27 18:23:56,617 [Worker-100: Building] INFO  o.a.m.s.f.DefaultMavenResourcesFiltering - Copying 0 resource from src\main\resources to target\classes
2026-04-27 18:23:56,633 [Worker-100: Building] INFO  o.a.m.s.f.DefaultMavenResourcesFiltering - skip non existing resourceDirectory C:\Users\hp\Desktop\CMP404 Urban Flow Project\districtservice\src\test\resources
2026-04-27 18:23:56,635 [Worker-100: Building] WARN  o.apache.maven.project.MavenProject - Plugin is modifying compileSourceRoots through clear(), which will not work in Maven 4.0.0. Use MavenProject.addCompileSourceRoot()/removeCompileSourceRoot() methods instead. If using a plugin, please upgrade to the latest version or report the issue to the plugin maintainer. To disable these warnings, set -Dmaven.project.sourceRoots.warningsDisabled=true on the command line, in the .mvn/maven.config file, or in project POM properties.
2026-04-27 18:23:56,637 [Worker-100: Building] WARN  o.apache.maven.project.MavenProject - Plugin is modifying compileSourceRoots through add(), which will not work in Maven 4.0.0. Use MavenProject.addCompileSourceRoot()/removeCompileSourceRoot() methods instead. If using a plugin, please upgrade to the latest version or report the issue to the plugin maintainer. To disable these warnings, set -Dmaven.project.sourceRoots.warningsDisabled=true on the command line, in the .mvn/maven.config file, or in project POM properties.
2026-04-27 18:23:56,638 [Worker-100: Building] WARN  o.apache.maven.project.MavenProject - Plugin is modifying testCompileSourceRoots through clear(), which will not work in Maven 4.0.0. Use MavenProject.addTestCompileSourceRoot()/removeTestCompileSourceRoot() methods instead. If using a plugin, please upgrade to the latest version or report the issue to the plugin maintainer. To disable these warnings, set -Dmaven.project.sourceRoots.warningsDisabled=true on the command line, in the .mvn/maven.config file, or in project POM properties.
2026-04-27 18:23:56,641 [Worker-100: Building] WARN  o.apache.maven.project.MavenProject - Plugin is modifying testCompileSourceRoots through add(), which will not work in Maven 4.0.0. Use MavenProject.addTestCompileSourceRoot()/removeTestCompileSourceRoot() methods instead. If using a plugin, please upgrade to the latest version or report the issue to the plugin maintainer. To disable these warnings, set -Dmaven.project.sourceRoots.warningsDisabled=true on the command line, in the .mvn/maven.config file, or in project POM properties.
2026-04-27 18:34:42,562 [main] INFO  o.e.m2e.actions.ExecutePomAction - Creating new launch configuration
2026-04-27 18:34:48,671 [Worker-96: Launching districtservice (24)] INFO  o.eclipse.m2e.core.internal.Bundles - getClasspathEntries(Bundle=org.eclipse.m2e.maven.runtime_3.9.1200.20260112-2306 [648])
2026-04-27 18:34:48,673 [Worker-96: Launching districtservice (24)] INFO  o.eclipse.m2e.core.internal.Bundles - 	Entry: C:\Users\hp\.p2\pool\plugins\org.eclipse.m2e.maven.runtime_3.9.1200.20260112-2306
2026-04-27 18:34:48,674 [Worker-96: Launching districtservice (24)] INFO  o.eclipse.m2e.core.internal.Bundles - 	Entry: C:\Users\hp\.p2\pool\plugins\org.eclipse.m2e.maven.runtime_3.9.1200.20260112-2306\jars\aopalliance-1.0.jar
2026-04-27 18:34:48,674 [Worker-96: Launching districtservice (24)] INFO  o.eclipse.m2e.core.internal.Bundles - 	Entry: C:\Users\hp\.p2\pool\plugins\org.eclipse.m2e.maven.runtime_3.9.1200.20260112-2306\jars\asm-9.9.jar
2026-04-27 18:34:48,675 [Worker-96: Launching districtservice (24)] INFO  o.eclipse.m2e.core.internal.Bundles - 	Entry: C:\Users\hp\.p2\pool\plugins\org.eclipse.m2e.maven.runtime_3.9.1200.20260112-2306\jars\error_prone_annotations-2.41.0.jar
2026-04-27 18:34:48,675 [Worker-96: Launching districtservice (24)] INFO  o.eclipse.m2e.core.internal.Bundles - 	Entry: C:\Users\hp\.p2\pool\plugins\org.eclipse.m2e.maven.runtime_3.9.1200.20260112-2306\jars\gson-2.13.2.jar
2026-04-27 18:34:48,675 [Worker-96: Launching districtservice (24)] INFO  o.eclipse.m2e.core.internal.Bundles - 	Entry: C:\Users\hp\.p2\pool\plugins\org.eclipse.m2e.maven.runtime_3.9.1200.20260112-2306\jars\guice-5.1.0-classes.jar
2026-04-27 18:34:48,675 [Worker-96: Launching districtservice (24)] INFO  o.eclipse.m2e.core.internal.Bundles - 	Entry: C:\Users\hp\.p2\pool\plugins\org.eclipse.m2e.maven.runtime_3.9.1200.20260112-2306\jars\httpclient-4.5.14.jar
2026-04-27 18:34:48,676 [Worker-96: Launching districtservice (24)] INFO  o.eclipse.m2e.core.internal.Bundles - 	Entry: C:\Users\hp\.p2\pool\plugins\org.eclipse.m2e.maven.runtime_3.9.1200.20260112-2306\jars\httpcore-4.4.16.jar
2026-04-27 18:34:48,676 [Worker-96: Launching districtservice (24)] INFO  o.eclipse.m2e.core.internal.Bundles - 	Entry: C:\Users\hp\.p2\pool\plugins\org.eclipse.m2e.maven.runtime_3.9.1200.20260112-2306\jars\jansi-2.4.2.jar
2026-04-27 18:34:48,676 [Worker-96: Launching districtservice (24)] INFO  o.eclipse.m2e.core.internal.Bundles - 	Entry: C:\Users\hp\.p2\pool\plugins\org.eclipse.m2e.maven.runtime_3.9.1200.20260112-2306\jars\jcl-over-slf4j-1.7.36.jar
2026-04-27 18:34:48,677 [Worker-96: Launching districtservice (24)] INFO  o.eclipse.m2e.core.internal.Bundles - 	Entry: C:\Users\hp\.p2\pool\plugins\org.eclipse.m2e.maven.runtime_3.9.1200.20260112-2306\jars\maven-artifact-3.9.12.jar
2026-04-27 18:34:48,677 [Worker-96: Launching districtservice (24)] INFO  o.eclipse.m2e.core.internal.Bundles - 	Entry: C:\Users\hp\.p2\pool\plugins\org.eclipse.m2e.maven.runtime_3.9.1200.20260112-2306\jars\maven-builder-support-3.9.12.jar
2026-04-27 18:34:48,677 [Worker-96: Launching districtservice (24)] INFO  o.eclipse.m2e.core.internal.Bundles - 	Entry: C:\Users\hp\.p2\pool\plugins\org.eclipse.m2e.maven.runtime_3.9.1200.20260112-2306\jars\maven-compat-3.9.12.jar
2026-04-27 18:34:48,678 [Worker-96: Launching districtservice (24)] INFO  o.eclipse.m2e.core.internal.Bundles - 	Entry: C:\Users\hp\.p2\pool\plugins\org.eclipse.m2e.maven.runtime_3.9.1200.20260112-2306\jars\maven-core-3.9.12.jar
2026-04-27 18:34:48,678 [Worker-96: Launching districtservice (24)] INFO  o.eclipse.m2e.core.internal.Bundles - 	Entry: C:\Users\hp\.p2\pool\plugins\org.eclipse.m2e.maven.runtime_3.9.1200.20260112-2306\jars\maven-embedder-3.9.12.jar
2026-04-27 18:34:48,678 [Worker-96: Launching districtservice (24)] INFO  o.eclipse.m2e.core.internal.Bundles - 	Entry: C:\Users\hp\.p2\pool\plugins\org.eclipse.m2e.maven.runtime_3.9.1200.20260112-2306\jars\maven-model-3.9.12.jar
2026-04-27 18:34:48,678 [Worker-96: Launching districtservice (24)] INFO  o.eclipse.m2e.core.internal.Bundles - 	Entry: C:\Users\hp\.p2\pool\plugins\org.eclipse.m2e.maven.runtime_3.9.1200.20260112-2306\jars\maven-model-builder-3.9.12.jar
2026-04-27 18:34:48,678 [Worker-96: Launching districtservice (24)] INFO  o.eclipse.m2e.core.internal.Bundles - 	Entry: C:\Users\hp\.p2\pool\plugins\org.eclipse.m2e.maven.runtime_3.9.1200.20260112-2306\jars\maven-plugin-api-3.9.12.jar
2026-04-27 18:34:48,679 [Worker-96: Launching districtservice (24)] INFO  o.eclipse.m2e.core.internal.Bundles - 	Entry: C:\Users\hp\.p2\pool\plugins\org.eclipse.m2e.maven.runtime_3.9.1200.20260112-2306\jars\maven-repository-metadata-3.9.12.jar
2026-04-27 18:34:48,680 [Worker-96: Launching districtservice (24)] INFO  o.eclipse.m2e.core.internal.Bundles - 	Entry: C:\Users\hp\.p2\pool\plugins\org.eclipse.m2e.maven.runtime_3.9.1200.20260112-2306\jars\maven-resolver-api-1.9.25.jar
2026-04-27 18:34:48,680 [Worker-96: Launching districtservice (24)] INFO  o.eclipse.m2e.core.internal.Bundles - 	Entry: C:\Users\hp\.p2\pool\plugins\org.eclipse.m2e.maven.runtime_3.9.1200.20260112-2306\jars\maven-resolver-connector-basic-1.9.25.jar
2026-04-27 18:34:48,680 [Worker-96: Launching districtservice (24)] INFO  o.eclipse.m2e.core.internal.Bundles - 	Entry: C:\Users\hp\.p2\pool\plugins\org.eclipse.m2e.maven.runtime_3.9.1200.20260112-2306\jars\maven-resolver-impl-1.9.25.jar
2026-04-27 18:34:48,681 [Worker-96: Launching districtservice (24)] INFO  o.eclipse.m2e.core.internal.Bundles - 	Entry: C:\Users\hp\.p2\pool\plugins\org.eclipse.m2e.maven.runtime_3.9.1200.20260112-2306\jars\maven-resolver-named-locks-1.9.25.jar
2026-04-27 18:34:48,681 [Worker-96: Launching districtservice (24)] INFO  o.eclipse.m2e.core.internal.Bundles - 	Entry: C:\Users\hp\.p2\pool\plugins\org.eclipse.m2e.maven.runtime_3.9.1200.20260112-2306\jars\maven-resolver-provider-3.9.12.jar
2026-04-27 18:34:48,681 [Worker-96: Launching districtservice (24)] INFO  o.eclipse.m2e.core.internal.Bundles - 	Entry: C:\Users\hp\.p2\pool\plugins\org.eclipse.m2e.maven.runtime_3.9.1200.20260112-2306\jars\maven-resolver-spi-1.9.25.jar
2026-04-27 18:34:48,682 [Worker-96: Launching districtservice (24)] INFO  o.eclipse.m2e.core.internal.Bundles - 	Entry: C:\Users\hp\.p2\pool\plugins\org.eclipse.m2e.maven.runtime_3.9.1200.20260112-2306\jars\maven-resolver-transport-file-1.9.25.jar
2026-04-27 18:34:48,682 [Worker-96: Launching districtservice (24)] INFO  o.eclipse.m2e.core.internal.Bundles - 	Entry: C:\Users\hp\.p2\pool\plugins\org.eclipse.m2e.maven.runtime_3.9.1200.20260112-2306\jars\maven-resolver-transport-http-1.9.25.jar
2026-04-27 18:34:48,682 [Worker-96: Launching districtservice (24)] INFO  o.eclipse.m2e.core.internal.Bundles - 	Entry: C:\Users\hp\.p2\pool\plugins\org.eclipse.m2e.maven.runtime_3.9.1200.20260112-2306\jars\maven-resolver-transport-wagon-1.9.25.jar
2026-04-27 18:34:48,683 [Worker-96: Launching districtservice (24)] INFO  o.eclipse.m2e.core.internal.Bundles - 	Entry: C:\Users\hp\.p2\pool\plugins\org.eclipse.m2e.maven.runtime_3.9.1200.20260112-2306\jars\maven-resolver-util-1.9.25.jar
2026-04-27 18:34:48,683 [Worker-96: Launching districtservice (24)] INFO  o.eclipse.m2e.core.internal.Bundles - 	Entry: C:\Users\hp\.p2\pool\plugins\org.eclipse.m2e.maven.runtime_3.9.1200.20260112-2306\jars\maven-settings-3.9.12.jar
2026-04-27 18:34:48,683 [Worker-96: Launching districtservice (24)] INFO  o.eclipse.m2e.core.internal.Bundles - 	Entry: C:\Users\hp\.p2\pool\plugins\org.eclipse.m2e.maven.runtime_3.9.1200.20260112-2306\jars\maven-settings-builder-3.9.12.jar
2026-04-27 18:34:48,683 [Worker-96: Launching districtservice (24)] INFO  o.eclipse.m2e.core.internal.Bundles - 	Entry: C:\Users\hp\.p2\pool\plugins\org.eclipse.m2e.maven.runtime_3.9.1200.20260112-2306\jars\maven-shared-utils-3.4.2.jar
2026-04-27 18:34:48,684 [Worker-96: Launching districtservice (24)] INFO  o.eclipse.m2e.core.internal.Bundles - 	Entry: C:\Users\hp\.p2\pool\plugins\org.eclipse.m2e.maven.runtime_3.9.1200.20260112-2306\jars\org.eclipse.sisu.inject-0.9.0.M4.jar
2026-04-27 18:34:48,684 [Worker-96: Launching districtservice (24)] INFO  o.eclipse.m2e.core.internal.Bundles - 	Entry: C:\Users\hp\.p2\pool\plugins\org.eclipse.m2e.maven.runtime_3.9.1200.20260112-2306\jars\org.eclipse.sisu.plexus-0.9.0.M4.jar
2026-04-27 18:34:48,684 [Worker-96: Launching districtservice (24)] INFO  o.eclipse.m2e.core.internal.Bundles - 	Entry: C:\Users\hp\.p2\pool\plugins\org.eclipse.m2e.maven.runtime_3.9.1200.20260112-2306\jars\plexus-build-api-0.0.7.jar
2026-04-27 18:34:48,685 [Worker-96: Launching districtservice (24)] INFO  o.eclipse.m2e.core.internal.Bundles - 	Entry: C:\Users\hp\.p2\pool\plugins\org.eclipse.m2e.maven.runtime_3.9.1200.20260112-2306\jars\plexus-build-api-1.2.0.jar
2026-04-27 18:34:48,685 [Worker-96: Launching districtservice (24)] INFO  o.eclipse.m2e.core.internal.Bundles - 	Entry: C:\Users\hp\.p2\pool\plugins\org.eclipse.m2e.maven.runtime_3.9.1200.20260112-2306\jars\plexus-cipher-2.0.jar
2026-04-27 18:34:48,686 [Worker-96: Launching districtservice (24)] INFO  o.eclipse.m2e.core.internal.Bundles - 	Entry: C:\Users\hp\.p2\pool\plugins\org.eclipse.m2e.maven.runtime_3.9.1200.20260112-2306\jars\plexus-classworlds-2.9.0.jar
2026-04-27 18:34:48,686 [Worker-96: Launching districtservice (24)] INFO  o.eclipse.m2e.core.internal.Bundles - 	Entry: C:\Users\hp\.p2\pool\plugins\org.eclipse.m2e.maven.runtime_3.9.1200.20260112-2306\jars\plexus-component-annotations-2.2.0.jar
2026-04-27 18:34:48,687 [Worker-96: Launching districtservice (24)] INFO  o.eclipse.m2e.core.internal.Bundles - 	Entry: C:\Users\hp\.p2\pool\plugins\org.eclipse.m2e.maven.runtime_3.9.1200.20260112-2306\jars\plexus-interpolation-1.29.jar
2026-04-27 18:34:48,687 [Worker-96: Launching districtservice (24)] INFO  o.eclipse.m2e.core.internal.Bundles - 	Entry: C:\Users\hp\.p2\pool\plugins\org.eclipse.m2e.maven.runtime_3.9.1200.20260112-2306\jars\plexus-sec-dispatcher-2.0.jar
2026-04-27 18:34:48,688 [Worker-96: Launching districtservice (24)] INFO  o.eclipse.m2e.core.internal.Bundles - 	Entry: C:\Users\hp\.p2\pool\plugins\org.eclipse.m2e.maven.runtime_3.9.1200.20260112-2306\jars\plexus-utils-3.6.0.jar
2026-04-27 18:34:48,688 [Worker-96: Launching districtservice (24)] INFO  o.eclipse.m2e.core.internal.Bundles - 	Entry: C:\Users\hp\.p2\pool\plugins\org.eclipse.m2e.maven.runtime_3.9.1200.20260112-2306\jars\wagon-file-3.5.3.jar
2026-04-27 18:34:48,688 [Worker-96: Launching districtservice (24)] INFO  o.eclipse.m2e.core.internal.Bundles - 	Entry: C:\Users\hp\.p2\pool\plugins\org.eclipse.m2e.maven.runtime_3.9.1200.20260112-2306\jars\wagon-http-3.5.3.jar
2026-04-27 18:34:48,688 [Worker-96: Launching districtservice (24)] INFO  o.eclipse.m2e.core.internal.Bundles - 	Entry: C:\Users\hp\.p2\pool\plugins\org.eclipse.m2e.maven.runtime_3.9.1200.20260112-2306\jars\wagon-http-shared-3.5.3.jar
2026-04-27 18:34:48,688 [Worker-96: Launching districtservice (24)] INFO  o.eclipse.m2e.core.internal.Bundles - 	Entry: C:\Users\hp\.p2\pool\plugins\org.eclipse.m2e.maven.runtime_3.9.1200.20260112-2306\jars\wagon-provider-api-3.5.3.jar
2026-04-27 18:34:48,690 [Worker-96: Launching districtservice (24)] INFO  o.eclipse.m2e.core.internal.Bundles - getClasspathEntries(Bundle=com.google.guava_33.5.0.jre [18])
2026-04-27 18:34:48,691 [Worker-96: Launching districtservice (24)] INFO  o.eclipse.m2e.core.internal.Bundles - 	Entry: C:\Users\hp\.p2\pool\plugins\com.google.guava_33.5.0.jre.jar
2026-04-27 18:34:48,691 [Worker-96: Launching districtservice (24)] INFO  o.eclipse.m2e.core.internal.Bundles - getClasspathEntries(Bundle=slf4j.api_2.0.17 [1013])
2026-04-27 18:34:48,691 [Worker-96: Launching districtservice (24)] INFO  o.eclipse.m2e.core.internal.Bundles - 	Entry: C:\Users\hp\.p2\pool\plugins\slf4j.api_2.0.17.jar
2026-04-27 18:34:48,691 [Worker-96: Launching districtservice (24)] INFO  o.eclipse.m2e.core.internal.Bundles - getClasspathEntries(Bundle=jakarta.inject.jakarta.inject-api_1.0.5 [35])
2026-04-27 18:34:48,692 [Worker-96: Launching districtservice (24)] INFO  o.eclipse.m2e.core.internal.Bundles - 	Entry: C:\Users\hp\.p2\pool\plugins\jakarta.inject.jakarta.inject-api_1.0.5.jar
2026-04-27 18:34:48,692 [Worker-96: Launching districtservice (24)] INFO  o.eclipse.m2e.core.internal.Bundles - getClasspathEntries(Bundle=jakarta.annotation-api_1.3.5 [31])
2026-04-27 18:34:48,693 [Worker-96: Launching districtservice (24)] INFO  o.eclipse.m2e.core.internal.Bundles - 	Entry: C:\Users\hp\.p2\pool\plugins\jakarta.annotation-api_1.3.5.jar
2026-04-27 18:34:48,693 [Worker-96: Launching districtservice (24)] INFO  o.eclipse.m2e.core.internal.Bundles - getClasspathEntries(Bundle=org.apache.commons.cli_1.11.0 [83])
2026-04-27 18:34:48,694 [Worker-96: Launching districtservice (24)] INFO  o.eclipse.m2e.core.internal.Bundles - 	Entry: C:\Users\hp\.p2\pool\plugins\org.apache.commons.cli_1.11.0.jar
2026-04-27 18:34:48,694 [Worker-96: Launching districtservice (24)] INFO  o.eclipse.m2e.core.internal.Bundles - getClasspathEntries(Bundle=org.apache.commons.commons-codec_1.21.0 [85])
2026-04-27 18:34:48,695 [Worker-96: Launching districtservice (24)] INFO  o.eclipse.m2e.core.internal.Bundles - 	Entry: C:\Users\hp\.p2\pool\plugins\org.apache.commons.commons-codec_1.21.0.jar
2026-04-27 18:34:48,695 [Worker-96: Launching districtservice (24)] INFO  o.eclipse.m2e.core.internal.Bundles - getClasspathEntries(Bundle=com.google.guava.failureaccess_1.0.3 [19])
2026-04-27 18:34:48,697 [Worker-96: Launching districtservice (24)] INFO  o.eclipse.m2e.core.internal.Bundles - 	Entry: C:\Users\hp\.p2\pool\plugins\com.google.guava.failureaccess_1.0.3.jar
2026-04-27 18:34:48,700 [Worker-96: Launching districtservice (24)] INFO  o.e.m.i.launch.MavenLaunchDelegate - Run build in "C:\Users\hp\Desktop\CMP404 Urban Flow Project\districtservice":
2026-04-27 18:34:48,700 [Worker-96: Launching districtservice (24)] INFO  o.e.m.i.launch.MavenLaunchDelegate -  mvn  -B -Dstyle.color=always clean package -DskipTests
2026-04-27 18:43:00,271 [main] INFO  o.e.m2e.actions.ExecutePomAction - Creating new launch configuration
2026-04-27 18:43:13,805 [main] INFO  o.e.m2e.actions.ExecutePomAction - Creating new launch configuration
2026-04-27 18:43:25,590 [Worker-96: Launching districtservice (26)] INFO  o.eclipse.m2e.core.internal.Bundles - getClasspathEntries(Bundle=org.eclipse.m2e.maven.runtime_3.9.1200.20260112-2306 [648])
2026-04-27 18:43:25,592 [Worker-96: Launching districtservice (26)] INFO  o.eclipse.m2e.core.internal.Bundles - 	Entry: C:\Users\hp\.p2\pool\plugins\org.eclipse.m2e.maven.runtime_3.9.1200.20260112-2306
2026-04-27 18:43:25,592 [Worker-96: Launching districtservice (26)] INFO  o.eclipse.m2e.core.internal.Bundles - 	Entry: C:\Users\hp\.p2\pool\plugins\org.eclipse.m2e.maven.runtime_3.9.1200.20260112-2306\jars\aopalliance-1.0.jar
2026-04-27 18:43:25,593 [Worker-96: Launching districtservice (26)] INFO  o.eclipse.m2e.core.internal.Bundles - 	Entry: C:\Users\hp\.p2\pool\plugins\org.eclipse.m2e.maven.runtime_3.9.1200.20260112-2306\jars\asm-9.9.jar
2026-04-27 18:43:25,593 [Worker-96: Launching districtservice (26)] INFO  o.eclipse.m2e.core.internal.Bundles - 	Entry: C:\Users\hp\.p2\pool\plugins\org.eclipse.m2e.maven.runtime_3.9.1200.20260112-2306\jars\error_prone_annotations-2.41.0.jar
2026-04-27 18:43:25,593 [Worker-96: Launching districtservice (26)] INFO  o.eclipse.m2e.core.internal.Bundles - 	Entry: C:\Users\hp\.p2\pool\plugins\org.eclipse.m2e.maven.runtime_3.9.1200.20260112-2306\jars\gson-2.13.2.jar
2026-04-27 18:43:25,594 [Worker-96: Launching districtservice (26)] INFO  o.eclipse.m2e.core.internal.Bundles - 	Entry: C:\Users\hp\.p2\pool\plugins\org.eclipse.m2e.maven.runtime_3.9.1200.20260112-2306\jars\guice-5.1.0-classes.jar
2026-04-27 18:43:25,594 [Worker-96: Launching districtservice (26)] INFO  o.eclipse.m2e.core.internal.Bundles - 	Entry: C:\Users\hp\.p2\pool\plugins\org.eclipse.m2e.maven.runtime_3.9.1200.20260112-2306\jars\httpclient-4.5.14.jar
2026-04-27 18:43:25,594 [Worker-96: Launching districtservice (26)] INFO  o.eclipse.m2e.core.internal.Bundles - 	Entry: C:\Users\hp\.p2\pool\plugins\org.eclipse.m2e.maven.runtime_3.9.1200.20260112-2306\jars\httpcore-4.4.16.jar
2026-04-27 18:43:25,595 [Worker-96: Launching districtservice (26)] INFO  o.eclipse.m2e.core.internal.Bundles - 	Entry: C:\Users\hp\.p2\pool\plugins\org.eclipse.m2e.maven.runtime_3.9.1200.20260112-2306\jars\jansi-2.4.2.jar
2026-04-27 18:43:25,595 [Worker-96: Launching districtservice (26)] INFO  o.eclipse.m2e.core.internal.Bundles - 	Entry: C:\Users\hp\.p2\pool\plugins\org.eclipse.m2e.maven.runtime_3.9.1200.20260112-2306\jars\jcl-over-slf4j-1.7.36.jar
2026-04-27 18:43:25,595 [Worker-96: Launching districtservice (26)] INFO  o.eclipse.m2e.core.internal.Bundles - 	Entry: C:\Users\hp\.p2\pool\plugins\org.eclipse.m2e.maven.runtime_3.9.1200.20260112-2306\jars\maven-artifact-3.9.12.jar
2026-04-27 18:43:25,596 [Worker-96: Launching districtservice (26)] INFO  o.eclipse.m2e.core.internal.Bundles - 	Entry: C:\Users\hp\.p2\pool\plugins\org.eclipse.m2e.maven.runtime_3.9.1200.20260112-2306\jars\maven-builder-support-3.9.12.jar
2026-04-27 18:43:25,596 [Worker-96: Launching districtservice (26)] INFO  o.eclipse.m2e.core.internal.Bundles - 	Entry: C:\Users\hp\.p2\pool\plugins\org.eclipse.m2e.maven.runtime_3.9.1200.20260112-2306\jars\maven-compat-3.9.12.jar
2026-04-27 18:43:25,597 [Worker-96: Launching districtservice (26)] INFO  o.eclipse.m2e.core.internal.Bundles - 	Entry: C:\Users\hp\.p2\pool\plugins\org.eclipse.m2e.maven.runtime_3.9.1200.20260112-2306\jars\maven-core-3.9.12.jar
2026-04-27 18:43:25,597 [Worker-96: Launching districtservice (26)] INFO  o.eclipse.m2e.core.internal.Bundles - 	Entry: C:\Users\hp\.p2\pool\plugins\org.eclipse.m2e.maven.runtime_3.9.1200.20260112-2306\jars\maven-embedder-3.9.12.jar
2026-04-27 18:43:25,598 [Worker-96: Launching districtservice (26)] INFO  o.eclipse.m2e.core.internal.Bundles - 	Entry: C:\Users\hp\.p2\pool\plugins\org.eclipse.m2e.maven.runtime_3.9.1200.20260112-2306\jars\maven-model-3.9.12.jar
2026-04-27 18:43:25,600 [Worker-96: Launching districtservice (26)] INFO  o.eclipse.m2e.core.internal.Bundles - 	Entry: C:\Users\hp\.p2\pool\plugins\org.eclipse.m2e.maven.runtime_3.9.1200.20260112-2306\jars\maven-model-builder-3.9.12.jar
2026-04-27 18:43:25,601 [Worker-96: Launching districtservice (26)] INFO  o.eclipse.m2e.core.internal.Bundles - 	Entry: C:\Users\hp\.p2\pool\plugins\org.eclipse.m2e.maven.runtime_3.9.1200.20260112-2306\jars\maven-plugin-api-3.9.12.jar
2026-04-27 18:43:25,601 [Worker-96: Launching districtservice (26)] INFO  o.eclipse.m2e.core.internal.Bundles - 	Entry: C:\Users\hp\.p2\pool\plugins\org.eclipse.m2e.maven.runtime_3.9.1200.20260112-2306\jars\maven-repository-metadata-3.9.12.jar
2026-04-27 18:43:25,601 [Worker-96: Launching districtservice (26)] INFO  o.eclipse.m2e.core.internal.Bundles - 	Entry: C:\Users\hp\.p2\pool\plugins\org.eclipse.m2e.maven.runtime_3.9.1200.20260112-2306\jars\maven-resolver-api-1.9.25.jar
2026-04-27 18:43:25,601 [Worker-96: Launching districtservice (26)] INFO  o.eclipse.m2e.core.internal.Bundles - 	Entry: C:\Users\hp\.p2\pool\plugins\org.eclipse.m2e.maven.runtime_3.9.1200.20260112-2306\jars\maven-resolver-connector-basic-1.9.25.jar
2026-04-27 18:43:25,602 [Worker-96: Launching districtservice (26)] INFO  o.eclipse.m2e.core.internal.Bundles - 	Entry: C:\Users\hp\.p2\pool\plugins\org.eclipse.m2e.maven.runtime_3.9.1200.20260112-2306\jars\maven-resolver-impl-1.9.25.jar
2026-04-27 18:43:25,602 [Worker-96: Launching districtservice (26)] INFO  o.eclipse.m2e.core.internal.Bundles - 	Entry: C:\Users\hp\.p2\pool\plugins\org.eclipse.m2e.maven.runtime_3.9.1200.20260112-2306\jars\maven-resolver-named-locks-1.9.25.jar
2026-04-27 18:43:25,602 [Worker-96: Launching districtservice (26)] INFO  o.eclipse.m2e.core.internal.Bundles - 	Entry: C:\Users\hp\.p2\pool\plugins\org.eclipse.m2e.maven.runtime_3.9.1200.20260112-2306\jars\maven-resolver-provider-3.9.12.jar
2026-04-27 18:43:25,603 [Worker-96: Launching districtservice (26)] INFO  o.eclipse.m2e.core.internal.Bundles - 	Entry: C:\Users\hp\.p2\pool\plugins\org.eclipse.m2e.maven.runtime_3.9.1200.20260112-2306\jars\maven-resolver-spi-1.9.25.jar
2026-04-27 18:43:25,603 [Worker-96: Launching districtservice (26)] INFO  o.eclipse.m2e.core.internal.Bundles - 	Entry: C:\Users\hp\.p2\pool\plugins\org.eclipse.m2e.maven.runtime_3.9.1200.20260112-2306\jars\maven-resolver-transport-file-1.9.25.jar
2026-04-27 18:43:25,603 [Worker-96: Launching districtservice (26)] INFO  o.eclipse.m2e.core.internal.Bundles - 	Entry: C:\Users\hp\.p2\pool\plugins\org.eclipse.m2e.maven.runtime_3.9.1200.20260112-2306\jars\maven-resolver-transport-http-1.9.25.jar
2026-04-27 18:43:25,604 [Worker-96: Launching districtservice (26)] INFO  o.eclipse.m2e.core.internal.Bundles - 	Entry: C:\Users\hp\.p2\pool\plugins\org.eclipse.m2e.maven.runtime_3.9.1200.20260112-2306\jars\maven-resolver-transport-wagon-1.9.25.jar
2026-04-27 18:43:25,604 [Worker-96: Launching districtservice (26)] INFO  o.eclipse.m2e.core.internal.Bundles - 	Entry: C:\Users\hp\.p2\pool\plugins\org.eclipse.m2e.maven.runtime_3.9.1200.20260112-2306\jars\maven-resolver-util-1.9.25.jar
2026-04-27 18:43:25,604 [Worker-96: Launching districtservice (26)] INFO  o.eclipse.m2e.core.internal.Bundles - 	Entry: C:\Users\hp\.p2\pool\plugins\org.eclipse.m2e.maven.runtime_3.9.1200.20260112-2306\jars\maven-settings-3.9.12.jar
2026-04-27 18:43:25,605 [Worker-96: Launching districtservice (26)] INFO  o.eclipse.m2e.core.internal.Bundles - 	Entry: C:\Users\hp\.p2\pool\plugins\org.eclipse.m2e.maven.runtime_3.9.1200.20260112-2306\jars\maven-settings-builder-3.9.12.jar
2026-04-27 18:43:25,605 [Worker-96: Launching districtservice (26)] INFO  o.eclipse.m2e.core.internal.Bundles - 	Entry: C:\Users\hp\.p2\pool\plugins\org.eclipse.m2e.maven.runtime_3.9.1200.20260112-2306\jars\maven-shared-utils-3.4.2.jar
2026-04-27 18:43:25,605 [Worker-96: Launching districtservice (26)] INFO  o.eclipse.m2e.core.internal.Bundles - 	Entry: C:\Users\hp\.p2\pool\plugins\org.eclipse.m2e.maven.runtime_3.9.1200.20260112-2306\jars\org.eclipse.sisu.inject-0.9.0.M4.jar
2026-04-27 18:43:25,607 [Worker-96: Launching districtservice (26)] INFO  o.eclipse.m2e.core.internal.Bundles - 	Entry: C:\Users\hp\.p2\pool\plugins\org.eclipse.m2e.maven.runtime_3.9.1200.20260112-2306\jars\org.eclipse.sisu.plexus-0.9.0.M4.jar
2026-04-27 18:43:25,608 [Worker-96: Launching districtservice (26)] INFO  o.eclipse.m2e.core.internal.Bundles - 	Entry: C:\Users\hp\.p2\pool\plugins\org.eclipse.m2e.maven.runtime_3.9.1200.20260112-2306\jars\plexus-build-api-0.0.7.jar
2026-04-27 18:43:25,608 [Worker-96: Launching districtservice (26)] INFO  o.eclipse.m2e.core.internal.Bundles - 	Entry: C:\Users\hp\.p2\pool\plugins\org.eclipse.m2e.maven.runtime_3.9.1200.20260112-2306\jars\plexus-build-api-1.2.0.jar
2026-04-27 18:43:25,610 [Worker-96: Launching districtservice (26)] INFO  o.eclipse.m2e.core.internal.Bundles - 	Entry: C:\Users\hp\.p2\pool\plugins\org.eclipse.m2e.maven.runtime_3.9.1200.20260112-2306\jars\plexus-cipher-2.0.jar
2026-04-27 18:43:25,610 [Worker-96: Launching districtservice (26)] INFO  o.eclipse.m2e.core.internal.Bundles - 	Entry: C:\Users\hp\.p2\pool\plugins\org.eclipse.m2e.maven.runtime_3.9.1200.20260112-2306\jars\plexus-classworlds-2.9.0.jar
2026-04-27 18:43:25,610 [Worker-96: Launching districtservice (26)] INFO  o.eclipse.m2e.core.internal.Bundles - 	Entry: C:\Users\hp\.p2\pool\plugins\org.eclipse.m2e.maven.runtime_3.9.1200.20260112-2306\jars\plexus-component-annotations-2.2.0.jar
2026-04-27 18:43:25,611 [Worker-96: Launching districtservice (26)] INFO  o.eclipse.m2e.core.internal.Bundles - 	Entry: C:\Users\hp\.p2\pool\plugins\org.eclipse.m2e.maven.runtime_3.9.1200.20260112-2306\jars\plexus-interpolation-1.29.jar
2026-04-27 18:43:25,611 [Worker-96: Launching districtservice (26)] INFO  o.eclipse.m2e.core.internal.Bundles - 	Entry: C:\Users\hp\.p2\pool\plugins\org.eclipse.m2e.maven.runtime_3.9.1200.20260112-2306\jars\plexus-sec-dispatcher-2.0.jar
2026-04-27 18:43:25,611 [Worker-96: Launching districtservice (26)] INFO  o.eclipse.m2e.core.internal.Bundles - 	Entry: C:\Users\hp\.p2\pool\plugins\org.eclipse.m2e.maven.runtime_3.9.1200.20260112-2306\jars\plexus-utils-3.6.0.jar
2026-04-27 18:43:25,612 [Worker-96: Launching districtservice (26)] INFO  o.eclipse.m2e.core.internal.Bundles - 	Entry: C:\Users\hp\.p2\pool\plugins\org.eclipse.m2e.maven.runtime_3.9.1200.20260112-2306\jars\wagon-file-3.5.3.jar
2026-04-27 18:43:25,612 [Worker-96: Launching districtservice (26)] INFO  o.eclipse.m2e.core.internal.Bundles - 	Entry: C:\Users\hp\.p2\pool\plugins\org.eclipse.m2e.maven.runtime_3.9.1200.20260112-2306\jars\wagon-http-3.5.3.jar
2026-04-27 18:43:25,612 [Worker-96: Launching districtservice (26)] INFO  o.eclipse.m2e.core.internal.Bundles - 	Entry: C:\Users\hp\.p2\pool\plugins\org.eclipse.m2e.maven.runtime_3.9.1200.20260112-2306\jars\wagon-http-shared-3.5.3.jar
2026-04-27 18:43:25,613 [Worker-96: Launching districtservice (26)] INFO  o.eclipse.m2e.core.internal.Bundles - 	Entry: C:\Users\hp\.p2\pool\plugins\org.eclipse.m2e.maven.runtime_3.9.1200.20260112-2306\jars\wagon-provider-api-3.5.3.jar
2026-04-27 18:43:25,613 [Worker-96: Launching districtservice (26)] INFO  o.eclipse.m2e.core.internal.Bundles - getClasspathEntries(Bundle=com.google.guava_33.5.0.jre [18])
2026-04-27 18:43:25,614 [Worker-96: Launching districtservice (26)] INFO  o.eclipse.m2e.core.internal.Bundles - 	Entry: C:\Users\hp\.p2\pool\plugins\com.google.guava_33.5.0.jre.jar
2026-04-27 18:43:25,614 [Worker-96: Launching districtservice (26)] INFO  o.eclipse.m2e.core.internal.Bundles - getClasspathEntries(Bundle=slf4j.api_2.0.17 [1013])
2026-04-27 18:43:25,615 [Worker-96: Launching districtservice (26)] INFO  o.eclipse.m2e.core.internal.Bundles - 	Entry: C:\Users\hp\.p2\pool\plugins\slf4j.api_2.0.17.jar
2026-04-27 18:43:25,615 [Worker-96: Launching districtservice (26)] INFO  o.eclipse.m2e.core.internal.Bundles - getClasspathEntries(Bundle=jakarta.inject.jakarta.inject-api_1.0.5 [35])
2026-04-27 18:43:25,616 [Worker-96: Launching districtservice (26)] INFO  o.eclipse.m2e.core.internal.Bundles - 	Entry: C:\Users\hp\.p2\pool\plugins\jakarta.inject.jakarta.inject-api_1.0.5.jar
2026-04-27 18:43:25,616 [Worker-96: Launching districtservice (26)] INFO  o.eclipse.m2e.core.internal.Bundles - getClasspathEntries(Bundle=jakarta.annotation-api_1.3.5 [31])
2026-04-27 18:43:25,617 [Worker-96: Launching districtservice (26)] INFO  o.eclipse.m2e.core.internal.Bundles - 	Entry: C:\Users\hp\.p2\pool\plugins\jakarta.annotation-api_1.3.5.jar
2026-04-27 18:43:25,617 [Worker-96: Launching districtservice (26)] INFO  o.eclipse.m2e.core.internal.Bundles - getClasspathEntries(Bundle=org.apache.commons.cli_1.11.0 [83])
2026-04-27 18:43:25,619 [Worker-96: Launching districtservice (26)] INFO  o.eclipse.m2e.core.internal.Bundles - 	Entry: C:\Users\hp\.p2\pool\plugins\org.apache.commons.cli_1.11.0.jar
2026-04-27 18:43:25,620 [Worker-96: Launching districtservice (26)] INFO  o.eclipse.m2e.core.internal.Bundles - getClasspathEntries(Bundle=org.apache.commons.commons-codec_1.21.0 [85])
2026-04-27 18:43:25,621 [Worker-96: Launching districtservice (26)] INFO  o.eclipse.m2e.core.internal.Bundles - 	Entry: C:\Users\hp\.p2\pool\plugins\org.apache.commons.commons-codec_1.21.0.jar
2026-04-27 18:43:25,621 [Worker-96: Launching districtservice (26)] INFO  o.eclipse.m2e.core.internal.Bundles - getClasspathEntries(Bundle=com.google.guava.failureaccess_1.0.3 [19])
2026-04-27 18:43:25,622 [Worker-96: Launching districtservice (26)] INFO  o.eclipse.m2e.core.internal.Bundles - 	Entry: C:\Users\hp\.p2\pool\plugins\com.google.guava.failureaccess_1.0.3.jar
2026-04-27 18:43:25,624 [Worker-96: Launching districtservice (26)] INFO  o.e.m.i.launch.MavenLaunchDelegate - Run build in "C:\Users\hp\Desktop\CMP404 Urban Flow Project\districtservice":
2026-04-27 18:43:25,625 [Worker-96: Launching districtservice (26)] INFO  o.e.m.i.launch.MavenLaunchDelegate -  mvn  -B -Dstyle.color=always clean package -DskipTests
2026-04-27 18:43:25,689 [Worker-112: Building] INFO  o.a.m.s.f.DefaultMavenResourcesFiltering - Copying 1 resource from src\main\resources to target\classes
2026-04-27 18:43:25,722 [Worker-112: Building] INFO  o.a.m.s.f.DefaultMavenResourcesFiltering - Copying 0 resource from src\main\resources to target\classes
2026-04-27 18:43:25,738 [Worker-112: Building] INFO  o.a.m.s.f.DefaultMavenResourcesFiltering - skip non existing resourceDirectory C:\Users\hp\Desktop\CMP404 Urban Flow Project\districtservice\src\test\resources
2026-04-27 18:43:25,740 [Worker-112: Building] WARN  o.apache.maven.project.MavenProject - Plugin is modifying compileSourceRoots through clear(), which will not work in Maven 4.0.0. Use MavenProject.addCompileSourceRoot()/removeCompileSourceRoot() methods instead. If using a plugin, please upgrade to the latest version or report the issue to the plugin maintainer. To disable these warnings, set -Dmaven.project.sourceRoots.warningsDisabled=true on the command line, in the .mvn/maven.config file, or in project POM properties.
2026-04-27 18:43:25,744 [Worker-112: Building] WARN  o.apache.maven.project.MavenProject - Plugin is modifying compileSourceRoots through add(), which will not work in Maven 4.0.0. Use MavenProject.addCompileSourceRoot()/removeCompileSourceRoot() methods instead. If using a plugin, please upgrade to the latest version or report the issue to the plugin maintainer. To disable these warnings, set -Dmaven.project.sourceRoots.warningsDisabled=true on the command line, in the .mvn/maven.config file, or in project POM properties.
2026-04-27 18:43:25,749 [Worker-112: Building] WARN  o.apache.maven.project.MavenProject - Plugin is modifying testCompileSourceRoots through clear(), which will not work in Maven 4.0.0. Use MavenProject.addTestCompileSourceRoot()/removeTestCompileSourceRoot() methods instead. If using a plugin, please upgrade to the latest version or report the issue to the plugin maintainer. To disable these warnings, set -Dmaven.project.sourceRoots.warningsDisabled=true on the command line, in the .mvn/maven.config file, or in project POM properties.
2026-04-27 18:43:25,752 [Worker-112: Building] WARN  o.apache.maven.project.MavenProject - Plugin is modifying testCompileSourceRoots through add(), which will not work in Maven 4.0.0. Use MavenProject.addTestCompileSourceRoot()/removeTestCompileSourceRoot() methods instead. If using a plugin, please upgrade to the latest version or report the issue to the plugin maintainer. To disable these warnings, set -Dmaven.project.sourceRoots.warningsDisabled=true on the command line, in the .mvn/maven.config file, or in project POM properties.
2026-04-27 18:45:24,241 [Worker-96: Web App 'urbanflow-district-service' deployment] INFO  o.eclipse.m2e.core.internal.Bundles - getClasspathEntries(Bundle=org.eclipse.m2e.maven.runtime_3.9.1200.20260112-2306 [648])
2026-04-27 18:45:24,242 [Worker-96: Web App 'urbanflow-district-service' deployment] INFO  o.eclipse.m2e.core.internal.Bundles - 	Entry: C:\Users\hp\.p2\pool\plugins\org.eclipse.m2e.maven.runtime_3.9.1200.20260112-2306
2026-04-27 18:45:24,243 [Worker-96: Web App 'urbanflow-district-service' deployment] INFO  o.eclipse.m2e.core.internal.Bundles - 	Entry: C:\Users\hp\.p2\pool\plugins\org.eclipse.m2e.maven.runtime_3.9.1200.20260112-2306\jars\aopalliance-1.0.jar
2026-04-27 18:45:24,243 [Worker-96: Web App 'urbanflow-district-service' deployment] INFO  o.eclipse.m2e.core.internal.Bundles - 	Entry: C:\Users\hp\.p2\pool\plugins\org.eclipse.m2e.maven.runtime_3.9.1200.20260112-2306\jars\asm-9.9.jar
2026-04-27 18:45:24,244 [Worker-96: Web App 'urbanflow-district-service' deployment] INFO  o.eclipse.m2e.core.internal.Bundles - 	Entry: C:\Users\hp\.p2\pool\plugins\org.eclipse.m2e.maven.runtime_3.9.1200.20260112-2306\jars\error_prone_annotations-2.41.0.jar
2026-04-27 18:45:24,244 [Worker-96: Web App 'urbanflow-district-service' deployment] INFO  o.eclipse.m2e.core.internal.Bundles - 	Entry: C:\Users\hp\.p2\pool\plugins\org.eclipse.m2e.maven.runtime_3.9.1200.20260112-2306\jars\gson-2.13.2.jar
2026-04-27 18:45:24,244 [Worker-96: Web App 'urbanflow-district-service' deployment] INFO  o.eclipse.m2e.core.internal.Bundles - 	Entry: C:\Users\hp\.p2\pool\plugins\org.eclipse.m2e.maven.runtime_3.9.1200.20260112-2306\jars\guice-5.1.0-classes.jar
2026-04-27 18:45:24,244 [Worker-96: Web App 'urbanflow-district-service' deployment] INFO  o.eclipse.m2e.core.internal.Bundles - 	Entry: C:\Users\hp\.p2\pool\plugins\org.eclipse.m2e.maven.runtime_3.9.1200.20260112-2306\jars\httpclient-4.5.14.jar
2026-04-27 18:45:24,245 [Worker-96: Web App 'urbanflow-district-service' deployment] INFO  o.eclipse.m2e.core.internal.Bundles - 	Entry: C:\Users\hp\.p2\pool\plugins\org.eclipse.m2e.maven.runtime_3.9.1200.20260112-2306\jars\httpcore-4.4.16.jar
2026-04-27 18:45:24,245 [Worker-96: Web App 'urbanflow-district-service' deployment] INFO  o.eclipse.m2e.core.internal.Bundles - 	Entry: C:\Users\hp\.p2\pool\plugins\org.eclipse.m2e.maven.runtime_3.9.1200.20260112-2306\jars\jansi-2.4.2.jar
2026-04-27 18:45:24,245 [Worker-96: Web App 'urbanflow-district-service' deployment] INFO  o.eclipse.m2e.core.internal.Bundles - 	Entry: C:\Users\hp\.p2\pool\plugins\org.eclipse.m2e.maven.runtime_3.9.1200.20260112-2306\jars\jcl-over-slf4j-1.7.36.jar
2026-04-27 18:45:24,246 [Worker-96: Web App 'urbanflow-district-service' deployment] INFO  o.eclipse.m2e.core.internal.Bundles - 	Entry: C:\Users\hp\.p2\pool\plugins\org.eclipse.m2e.maven.runtime_3.9.1200.20260112-2306\jars\maven-artifact-3.9.12.jar
2026-04-27 18:45:24,246 [Worker-96: Web App 'urbanflow-district-service' deployment] INFO  o.eclipse.m2e.core.internal.Bundles - 	Entry: C:\Users\hp\.p2\pool\plugins\org.eclipse.m2e.maven.runtime_3.9.1200.20260112-2306\jars\maven-builder-support-3.9.12.jar
2026-04-27 18:45:24,246 [Worker-96: Web App 'urbanflow-district-service' deployment] INFO  o.eclipse.m2e.core.internal.Bundles - 	Entry: C:\Users\hp\.p2\pool\plugins\org.eclipse.m2e.maven.runtime_3.9.1200.20260112-2306\jars\maven-compat-3.9.12.jar
2026-04-27 18:45:24,246 [Worker-96: Web App 'urbanflow-district-service' deployment] INFO  o.eclipse.m2e.core.internal.Bundles - 	Entry: C:\Users\hp\.p2\pool\plugins\org.eclipse.m2e.maven.runtime_3.9.1200.20260112-2306\jars\maven-core-3.9.12.jar
2026-04-27 18:45:24,247 [Worker-96: Web App 'urbanflow-district-service' deployment] INFO  o.eclipse.m2e.core.internal.Bundles - 	Entry: C:\Users\hp\.p2\pool\plugins\org.eclipse.m2e.maven.runtime_3.9.1200.20260112-2306\jars\maven-embedder-3.9.12.jar
2026-04-27 18:45:24,247 [Worker-96: Web App 'urbanflow-district-service' deployment] INFO  o.eclipse.m2e.core.internal.Bundles - 	Entry: C:\Users\hp\.p2\pool\plugins\org.eclipse.m2e.maven.runtime_3.9.1200.20260112-2306\jars\maven-model-3.9.12.jar
2026-04-27 18:45:24,248 [Worker-96: Web App 'urbanflow-district-service' deployment] INFO  o.eclipse.m2e.core.internal.Bundles - 	Entry: C:\Users\hp\.p2\pool\plugins\org.eclipse.m2e.maven.runtime_3.9.1200.20260112-2306\jars\maven-model-builder-3.9.12.jar
2026-04-27 18:45:24,248 [Worker-96: Web App 'urbanflow-district-service' deployment] INFO  o.eclipse.m2e.core.internal.Bundles - 	Entry: C:\Users\hp\.p2\pool\plugins\org.eclipse.m2e.maven.runtime_3.9.1200.20260112-2306\jars\maven-plugin-api-3.9.12.jar
2026-04-27 18:45:24,248 [Worker-96: Web App 'urbanflow-district-service' deployment] INFO  o.eclipse.m2e.core.internal.Bundles - 	Entry: C:\Users\hp\.p2\pool\plugins\org.eclipse.m2e.maven.runtime_3.9.1200.20260112-2306\jars\maven-repository-metadata-3.9.12.jar
2026-04-27 18:45:24,248 [Worker-96: Web App 'urbanflow-district-service' deployment] INFO  o.eclipse.m2e.core.internal.Bundles - 	Entry: C:\Users\hp\.p2\pool\plugins\org.eclipse.m2e.maven.runtime_3.9.1200.20260112-2306\jars\maven-resolver-api-1.9.25.jar
2026-04-27 18:45:24,248 [Worker-96: Web App 'urbanflow-district-service' deployment] INFO  o.eclipse.m2e.core.internal.Bundles - 	Entry: C:\Users\hp\.p2\pool\plugins\org.eclipse.m2e.maven.runtime_3.9.1200.20260112-2306\jars\maven-resolver-connector-basic-1.9.25.jar
2026-04-27 18:45:24,248 [Worker-96: Web App 'urbanflow-district-service' deployment] INFO  o.eclipse.m2e.core.internal.Bundles - 	Entry: C:\Users\hp\.p2\pool\plugins\org.eclipse.m2e.maven.runtime_3.9.1200.20260112-2306\jars\maven-resolver-impl-1.9.25.jar
2026-04-27 18:45:24,249 [Worker-96: Web App 'urbanflow-district-service' deployment] INFO  o.eclipse.m2e.core.internal.Bundles - 	Entry: C:\Users\hp\.p2\pool\plugins\org.eclipse.m2e.maven.runtime_3.9.1200.20260112-2306\jars\maven-resolver-named-locks-1.9.25.jar
2026-04-27 18:45:24,249 [Worker-96: Web App 'urbanflow-district-service' deployment] INFO  o.eclipse.m2e.core.internal.Bundles - 	Entry: C:\Users\hp\.p2\pool\plugins\org.eclipse.m2e.maven.runtime_3.9.1200.20260112-2306\jars\maven-resolver-provider-3.9.12.jar
2026-04-27 18:45:24,249 [Worker-96: Web App 'urbanflow-district-service' deployment] INFO  o.eclipse.m2e.core.internal.Bundles - 	Entry: C:\Users\hp\.p2\pool\plugins\org.eclipse.m2e.maven.runtime_3.9.1200.20260112-2306\jars\maven-resolver-spi-1.9.25.jar
2026-04-27 18:45:24,250 [Worker-96: Web App 'urbanflow-district-service' deployment] INFO  o.eclipse.m2e.core.internal.Bundles - 	Entry: C:\Users\hp\.p2\pool\plugins\org.eclipse.m2e.maven.runtime_3.9.1200.20260112-2306\jars\maven-resolver-transport-file-1.9.25.jar
2026-04-27 18:45:24,250 [Worker-96: Web App 'urbanflow-district-service' deployment] INFO  o.eclipse.m2e.core.internal.Bundles - 	Entry: C:\Users\hp\.p2\pool\plugins\org.eclipse.m2e.maven.runtime_3.9.1200.20260112-2306\jars\maven-resolver-transport-http-1.9.25.jar
2026-04-27 18:45:24,250 [Worker-96: Web App 'urbanflow-district-service' deployment] INFO  o.eclipse.m2e.core.internal.Bundles - 	Entry: C:\Users\hp\.p2\pool\plugins\org.eclipse.m2e.maven.runtime_3.9.1200.20260112-2306\jars\maven-resolver-transport-wagon-1.9.25.jar
2026-04-27 18:45:24,251 [Worker-96: Web App 'urbanflow-district-service' deployment] INFO  o.eclipse.m2e.core.internal.Bundles - 	Entry: C:\Users\hp\.p2\pool\plugins\org.eclipse.m2e.maven.runtime_3.9.1200.20260112-2306\jars\maven-resolver-util-1.9.25.jar
2026-04-27 18:45:24,251 [Worker-96: Web App 'urbanflow-district-service' deployment] INFO  o.eclipse.m2e.core.internal.Bundles - 	Entry: C:\Users\hp\.p2\pool\plugins\org.eclipse.m2e.maven.runtime_3.9.1200.20260112-2306\jars\maven-settings-3.9.12.jar
2026-04-27 18:45:24,251 [Worker-96: Web App 'urbanflow-district-service' deployment] INFO  o.eclipse.m2e.core.internal.Bundles - 	Entry: C:\Users\hp\.p2\pool\plugins\org.eclipse.m2e.maven.runtime_3.9.1200.20260112-2306\jars\maven-settings-builder-3.9.12.jar
2026-04-27 18:45:24,251 [Worker-96: Web App 'urbanflow-district-service' deployment] INFO  o.eclipse.m2e.core.internal.Bundles - 	Entry: C:\Users\hp\.p2\pool\plugins\org.eclipse.m2e.maven.runtime_3.9.1200.20260112-2306\jars\maven-shared-utils-3.4.2.jar
2026-04-27 18:45:24,253 [Worker-96: Web App 'urbanflow-district-service' deployment] INFO  o.eclipse.m2e.core.internal.Bundles - 	Entry: C:\Users\hp\.p2\pool\plugins\org.eclipse.m2e.maven.runtime_3.9.1200.20260112-2306\jars\org.eclipse.sisu.inject-0.9.0.M4.jar
2026-04-27 18:45:24,253 [Worker-96: Web App 'urbanflow-district-service' deployment] INFO  o.eclipse.m2e.core.internal.Bundles - 	Entry: C:\Users\hp\.p2\pool\plugins\org.eclipse.m2e.maven.runtime_3.9.1200.20260112-2306\jars\org.eclipse.sisu.plexus-0.9.0.M4.jar
2026-04-27 18:45:24,253 [Worker-96: Web App 'urbanflow-district-service' deployment] INFO  o.eclipse.m2e.core.internal.Bundles - 	Entry: C:\Users\hp\.p2\pool\plugins\org.eclipse.m2e.maven.runtime_3.9.1200.20260112-2306\jars\plexus-build-api-0.0.7.jar
2026-04-27 18:45:24,253 [Worker-96: Web App 'urbanflow-district-service' deployment] INFO  o.eclipse.m2e.core.internal.Bundles - 	Entry: C:\Users\hp\.p2\pool\plugins\org.eclipse.m2e.maven.runtime_3.9.1200.20260112-2306\jars\plexus-build-api-1.2.0.jar
2026-04-27 18:45:24,254 [Worker-96: Web App 'urbanflow-district-service' deployment] INFO  o.eclipse.m2e.core.internal.Bundles - 	Entry: C:\Users\hp\.p2\pool\plugins\org.eclipse.m2e.maven.runtime_3.9.1200.20260112-2306\jars\plexus-cipher-2.0.jar
2026-04-27 18:45:24,254 [Worker-96: Web App 'urbanflow-district-service' deployment] INFO  o.eclipse.m2e.core.internal.Bundles - 	Entry: C:\Users\hp\.p2\pool\plugins\org.eclipse.m2e.maven.runtime_3.9.1200.20260112-2306\jars\plexus-classworlds-2.9.0.jar
2026-04-27 18:45:24,254 [Worker-96: Web App 'urbanflow-district-service' deployment] INFO  o.eclipse.m2e.core.internal.Bundles - 	Entry: C:\Users\hp\.p2\pool\plugins\org.eclipse.m2e.maven.runtime_3.9.1200.20260112-2306\jars\plexus-component-annotations-2.2.0.jar
2026-04-27 18:45:24,255 [Worker-96: Web App 'urbanflow-district-service' deployment] INFO  o.eclipse.m2e.core.internal.Bundles - 	Entry: C:\Users\hp\.p2\pool\plugins\org.eclipse.m2e.maven.runtime_3.9.1200.20260112-2306\jars\plexus-interpolation-1.29.jar
2026-04-27 18:45:24,255 [Worker-96: Web App 'urbanflow-district-service' deployment] INFO  o.eclipse.m2e.core.internal.Bundles - 	Entry: C:\Users\hp\.p2\pool\plugins\org.eclipse.m2e.maven.runtime_3.9.1200.20260112-2306\jars\plexus-sec-dispatcher-2.0.jar
2026-04-27 18:45:24,255 [Worker-96: Web App 'urbanflow-district-service' deployment] INFO  o.eclipse.m2e.core.internal.Bundles - 	Entry: C:\Users\hp\.p2\pool\plugins\org.eclipse.m2e.maven.runtime_3.9.1200.20260112-2306\jars\plexus-utils-3.6.0.jar
2026-04-27 18:45:24,256 [Worker-96: Web App 'urbanflow-district-service' deployment] INFO  o.eclipse.m2e.core.internal.Bundles - 	Entry: C:\Users\hp\.p2\pool\plugins\org.eclipse.m2e.maven.runtime_3.9.1200.20260112-2306\jars\wagon-file-3.5.3.jar
2026-04-27 18:45:24,256 [Worker-96: Web App 'urbanflow-district-service' deployment] INFO  o.eclipse.m2e.core.internal.Bundles - 	Entry: C:\Users\hp\.p2\pool\plugins\org.eclipse.m2e.maven.runtime_3.9.1200.20260112-2306\jars\wagon-http-3.5.3.jar
2026-04-27 18:45:24,257 [Worker-96: Web App 'urbanflow-district-service' deployment] INFO  o.eclipse.m2e.core.internal.Bundles - 	Entry: C:\Users\hp\.p2\pool\plugins\org.eclipse.m2e.maven.runtime_3.9.1200.20260112-2306\jars\wagon-http-shared-3.5.3.jar
2026-04-27 18:45:24,259 [Worker-96: Web App 'urbanflow-district-service' deployment] INFO  o.eclipse.m2e.core.internal.Bundles - 	Entry: C:\Users\hp\.p2\pool\plugins\org.eclipse.m2e.maven.runtime_3.9.1200.20260112-2306\jars\wagon-provider-api-3.5.3.jar
2026-04-27 18:45:24,260 [Worker-96: Web App 'urbanflow-district-service' deployment] INFO  o.eclipse.m2e.core.internal.Bundles - getClasspathEntries(Bundle=com.google.guava_33.5.0.jre [18])
2026-04-27 18:45:24,261 [Worker-96: Web App 'urbanflow-district-service' deployment] INFO  o.eclipse.m2e.core.internal.Bundles - 	Entry: C:\Users\hp\.p2\pool\plugins\com.google.guava_33.5.0.jre.jar
2026-04-27 18:45:24,261 [Worker-96: Web App 'urbanflow-district-service' deployment] INFO  o.eclipse.m2e.core.internal.Bundles - getClasspathEntries(Bundle=slf4j.api_2.0.17 [1013])
2026-04-27 18:45:24,261 [Worker-96: Web App 'urbanflow-district-service' deployment] INFO  o.eclipse.m2e.core.internal.Bundles - 	Entry: C:\Users\hp\.p2\pool\plugins\slf4j.api_2.0.17.jar
2026-04-27 18:45:24,261 [Worker-96: Web App 'urbanflow-district-service' deployment] INFO  o.eclipse.m2e.core.internal.Bundles - getClasspathEntries(Bundle=jakarta.inject.jakarta.inject-api_1.0.5 [35])
2026-04-27 18:45:24,262 [Worker-96: Web App 'urbanflow-district-service' deployment] INFO  o.eclipse.m2e.core.internal.Bundles - 	Entry: C:\Users\hp\.p2\pool\plugins\jakarta.inject.jakarta.inject-api_1.0.5.jar
2026-04-27 18:45:24,262 [Worker-96: Web App 'urbanflow-district-service' deployment] INFO  o.eclipse.m2e.core.internal.Bundles - getClasspathEntries(Bundle=jakarta.annotation-api_1.3.5 [31])
2026-04-27 18:45:24,263 [Worker-96: Web App 'urbanflow-district-service' deployment] INFO  o.eclipse.m2e.core.internal.Bundles - 	Entry: C:\Users\hp\.p2\pool\plugins\jakarta.annotation-api_1.3.5.jar
2026-04-27 18:45:24,263 [Worker-96: Web App 'urbanflow-district-service' deployment] INFO  o.eclipse.m2e.core.internal.Bundles - getClasspathEntries(Bundle=org.apache.commons.cli_1.11.0 [83])
2026-04-27 18:45:24,264 [Worker-96: Web App 'urbanflow-district-service' deployment] INFO  o.eclipse.m2e.core.internal.Bundles - 	Entry: C:\Users\hp\.p2\pool\plugins\org.apache.commons.cli_1.11.0.jar
2026-04-27 18:45:24,264 [Worker-96: Web App 'urbanflow-district-service' deployment] INFO  o.eclipse.m2e.core.internal.Bundles - getClasspathEntries(Bundle=org.apache.commons.commons-codec_1.21.0 [85])
2026-04-27 18:45:24,265 [Worker-96: Web App 'urbanflow-district-service' deployment] INFO  o.eclipse.m2e.core.internal.Bundles - 	Entry: C:\Users\hp\.p2\pool\plugins\org.apache.commons.commons-codec_1.21.0.jar
2026-04-27 18:45:24,265 [Worker-96: Web App 'urbanflow-district-service' deployment] INFO  o.eclipse.m2e.core.internal.Bundles - getClasspathEntries(Bundle=com.google.guava.failureaccess_1.0.3 [19])
2026-04-27 18:45:24,266 [Worker-96: Web App 'urbanflow-district-service' deployment] INFO  o.eclipse.m2e.core.internal.Bundles - 	Entry: C:\Users\hp\.p2\pool\plugins\com.google.guava.failureaccess_1.0.3.jar
2026-04-27 18:45:24,270 [Worker-96: Web App 'urbanflow-district-service' deployment] INFO  o.e.m.i.launch.MavenLaunchDelegate - Run build in "C:\Users\hp\Desktop\CMP404 Urban Flow Project\districtservice":
2026-04-27 18:45:24,271 [Worker-96: Web App 'urbanflow-district-service' deployment] INFO  o.e.m.i.launch.MavenLaunchDelegate -  mvn  -B -Dstyle.color=always package
2026-05-02 21:00:17,468 [Worker-6: Loading available Gradle versions] INFO  o.e.b.c.i.u.g.PublishedGradleVersions - Gradle version information cache is out-of-date. Trying to update.
2026-05-02 21:00:37,750 [Worker-10: Building] INFO  o.a.m.s.f.DefaultMavenResourcesFiltering - Copying 1 resource from src\main\resources to target\classes
2026-05-02 21:00:37,924 [Worker-10: Building] INFO  o.a.m.s.f.DefaultMavenResourcesFiltering - Copying 0 resource from src\main\resources to target\classes
2026-05-02 21:00:37,950 [Worker-10: Building] INFO  o.a.m.s.f.DefaultMavenResourcesFiltering - skip non existing resourceDirectory C:\Users\hp\Desktop\CMP404 Urban Flow Project\districtservice\src\test\resources
2026-05-02 21:00:41,997 [Worker-10: Building] WARN  o.apache.maven.project.MavenProject - Plugin is modifying compileSourceRoots through clear(), which will not work in Maven 4.0.0. Use MavenProject.addCompileSourceRoot()/removeCompileSourceRoot() methods instead. If using a plugin, please upgrade to the latest version or report the issue to the plugin maintainer. To disable these warnings, set -Dmaven.project.sourceRoots.warningsDisabled=true on the command line, in the .mvn/maven.config file, or in project POM properties.
2026-05-02 21:00:41,999 [Worker-10: Building] WARN  o.apache.maven.project.MavenProject - Plugin is modifying compileSourceRoots through add(), which will not work in Maven 4.0.0. Use MavenProject.addCompileSourceRoot()/removeCompileSourceRoot() methods instead. If using a plugin, please upgrade to the latest version or report the issue to the plugin maintainer. To disable these warnings, set -Dmaven.project.sourceRoots.warningsDisabled=true on the command line, in the .mvn/maven.config file, or in project POM properties.
2026-05-02 21:00:42,000 [Worker-10: Building] WARN  o.apache.maven.project.MavenProject - Plugin is modifying testCompileSourceRoots through clear(), which will not work in Maven 4.0.0. Use MavenProject.addTestCompileSourceRoot()/removeTestCompileSourceRoot() methods instead. If using a plugin, please upgrade to the latest version or report the issue to the plugin maintainer. To disable these warnings, set -Dmaven.project.sourceRoots.warningsDisabled=true on the command line, in the .mvn/maven.config file, or in project POM properties.
2026-05-02 21:00:42,006 [Worker-10: Building] WARN  o.apache.maven.project.MavenProject - Plugin is modifying testCompileSourceRoots through add(), which will not work in Maven 4.0.0. Use MavenProject.addTestCompileSourceRoot()/removeTestCompileSourceRoot() methods instead. If using a plugin, please upgrade to the latest version or report the issue to the plugin maintainer. To disable these warnings, set -Dmaven.project.sourceRoots.warningsDisabled=true on the command line, in the .mvn/maven.config file, or in project POM properties.
2026-05-02 22:13:39,027 [Worker-37: Web App 'urbanflow-district-service' deployment] INFO  o.eclipse.m2e.core.internal.Bundles - getClasspathEntries(Bundle=org.eclipse.m2e.maven.runtime_3.9.1200.20260112-2306 [648])
2026-05-02 22:13:39,040 [Worker-37: Web App 'urbanflow-district-service' deployment] INFO  o.eclipse.m2e.core.internal.Bundles - 	Entry: C:\Users\hp\.p2\pool\plugins\org.eclipse.m2e.maven.runtime_3.9.1200.20260112-2306
2026-05-02 22:13:39,041 [Worker-37: Web App 'urbanflow-district-service' deployment] INFO  o.eclipse.m2e.core.internal.Bundles - 	Entry: C:\Users\hp\.p2\pool\plugins\org.eclipse.m2e.maven.runtime_3.9.1200.20260112-2306\jars\aopalliance-1.0.jar
2026-05-02 22:13:39,041 [Worker-37: Web App 'urbanflow-district-service' deployment] INFO  o.eclipse.m2e.core.internal.Bundles - 	Entry: C:\Users\hp\.p2\pool\plugins\org.eclipse.m2e.maven.runtime_3.9.1200.20260112-2306\jars\asm-9.9.jar
2026-05-02 22:13:39,042 [Worker-37: Web App 'urbanflow-district-service' deployment] INFO  o.eclipse.m2e.core.internal.Bundles - 	Entry: C:\Users\hp\.p2\pool\plugins\org.eclipse.m2e.maven.runtime_3.9.1200.20260112-2306\jars\error_prone_annotations-2.41.0.jar
2026-05-02 22:13:39,042 [Worker-37: Web App 'urbanflow-district-service' deployment] INFO  o.eclipse.m2e.core.internal.Bundles - 	Entry: C:\Users\hp\.p2\pool\plugins\org.eclipse.m2e.maven.runtime_3.9.1200.20260112-2306\jars\gson-2.13.2.jar
2026-05-02 22:13:39,042 [Worker-37: Web App 'urbanflow-district-service' deployment] INFO  o.eclipse.m2e.core.internal.Bundles - 	Entry: C:\Users\hp\.p2\pool\plugins\org.eclipse.m2e.maven.runtime_3.9.1200.20260112-2306\jars\guice-5.1.0-classes.jar
2026-05-02 22:13:39,043 [Worker-37: Web App 'urbanflow-district-service' deployment] INFO  o.eclipse.m2e.core.internal.Bundles - 	Entry: C:\Users\hp\.p2\pool\plugins\org.eclipse.m2e.maven.runtime_3.9.1200.20260112-2306\jars\httpclient-4.5.14.jar
2026-05-02 22:13:39,043 [Worker-37: Web App 'urbanflow-district-service' deployment] INFO  o.eclipse.m2e.core.internal.Bundles - 	Entry: C:\Users\hp\.p2\pool\plugins\org.eclipse.m2e.maven.runtime_3.9.1200.20260112-2306\jars\httpcore-4.4.16.jar
2026-05-02 22:13:39,044 [Worker-37: Web App 'urbanflow-district-service' deployment] INFO  o.eclipse.m2e.core.internal.Bundles - 	Entry: C:\Users\hp\.p2\pool\plugins\org.eclipse.m2e.maven.runtime_3.9.1200.20260112-2306\jars\jansi-2.4.2.jar
2026-05-02 22:13:39,045 [Worker-37: Web App 'urbanflow-district-service' deployment] INFO  o.eclipse.m2e.core.internal.Bundles - 	Entry: C:\Users\hp\.p2\pool\plugins\org.eclipse.m2e.maven.runtime_3.9.1200.20260112-2306\jars\jcl-over-slf4j-1.7.36.jar
2026-05-02 22:13:39,045 [Worker-37: Web App 'urbanflow-district-service' deployment] INFO  o.eclipse.m2e.core.internal.Bundles - 	Entry: C:\Users\hp\.p2\pool\plugins\org.eclipse.m2e.maven.runtime_3.9.1200.20260112-2306\jars\maven-artifact-3.9.12.jar
2026-05-02 22:13:39,046 [Worker-37: Web App 'urbanflow-district-service' deployment] INFO  o.eclipse.m2e.core.internal.Bundles - 	Entry: C:\Users\hp\.p2\pool\plugins\org.eclipse.m2e.maven.runtime_3.9.1200.20260112-2306\jars\maven-builder-support-3.9.12.jar
2026-05-02 22:13:39,047 [Worker-37: Web App 'urbanflow-district-service' deployment] INFO  o.eclipse.m2e.core.internal.Bundles - 	Entry: C:\Users\hp\.p2\pool\plugins\org.eclipse.m2e.maven.runtime_3.9.1200.20260112-2306\jars\maven-compat-3.9.12.jar
2026-05-02 22:13:39,047 [Worker-37: Web App 'urbanflow-district-service' deployment] INFO  o.eclipse.m2e.core.internal.Bundles - 	Entry: C:\Users\hp\.p2\pool\plugins\org.eclipse.m2e.maven.runtime_3.9.1200.20260112-2306\jars\maven-core-3.9.12.jar
2026-05-02 22:13:39,048 [Worker-37: Web App 'urbanflow-district-service' deployment] INFO  o.eclipse.m2e.core.internal.Bundles - 	Entry: C:\Users\hp\.p2\pool\plugins\org.eclipse.m2e.maven.runtime_3.9.1200.20260112-2306\jars\maven-embedder-3.9.12.jar
2026-05-02 22:13:39,049 [Worker-37: Web App 'urbanflow-district-service' deployment] INFO  o.eclipse.m2e.core.internal.Bundles - 	Entry: C:\Users\hp\.p2\pool\plugins\org.eclipse.m2e.maven.runtime_3.9.1200.20260112-2306\jars\maven-model-3.9.12.jar
2026-05-02 22:13:39,050 [Worker-37: Web App 'urbanflow-district-service' deployment] INFO  o.eclipse.m2e.core.internal.Bundles - 	Entry: C:\Users\hp\.p2\pool\plugins\org.eclipse.m2e.maven.runtime_3.9.1200.20260112-2306\jars\maven-model-builder-3.9.12.jar
2026-05-02 22:13:39,051 [Worker-37: Web App 'urbanflow-district-service' deployment] INFO  o.eclipse.m2e.core.internal.Bundles - 	Entry: C:\Users\hp\.p2\pool\plugins\org.eclipse.m2e.maven.runtime_3.9.1200.20260112-2306\jars\maven-plugin-api-3.9.12.jar
2026-05-02 22:13:39,052 [Worker-37: Web App 'urbanflow-district-service' deployment] INFO  o.eclipse.m2e.core.internal.Bundles - 	Entry: C:\Users\hp\.p2\pool\plugins\org.eclipse.m2e.maven.runtime_3.9.1200.20260112-2306\jars\maven-repository-metadata-3.9.12.jar
2026-05-02 22:13:39,052 [Worker-37: Web App 'urbanflow-district-service' deployment] INFO  o.eclipse.m2e.core.internal.Bundles - 	Entry: C:\Users\hp\.p2\pool\plugins\org.eclipse.m2e.maven.runtime_3.9.1200.20260112-2306\jars\maven-resolver-api-1.9.25.jar
2026-05-02 22:13:39,052 [Worker-37: Web App 'urbanflow-district-service' deployment] INFO  o.eclipse.m2e.core.internal.Bundles - 	Entry: C:\Users\hp\.p2\pool\plugins\org.eclipse.m2e.maven.runtime_3.9.1200.20260112-2306\jars\maven-resolver-connector-basic-1.9.25.jar
2026-05-02 22:13:39,054 [Worker-37: Web App 'urbanflow-district-service' deployment] INFO  o.eclipse.m2e.core.internal.Bundles - 	Entry: C:\Users\hp\.p2\pool\plugins\org.eclipse.m2e.maven.runtime_3.9.1200.20260112-2306\jars\maven-resolver-impl-1.9.25.jar
2026-05-02 22:13:39,054 [Worker-37: Web App 'urbanflow-district-service' deployment] INFO  o.eclipse.m2e.core.internal.Bundles - 	Entry: C:\Users\hp\.p2\pool\plugins\org.eclipse.m2e.maven.runtime_3.9.1200.20260112-2306\jars\maven-resolver-named-locks-1.9.25.jar
2026-05-02 22:13:39,055 [Worker-37: Web App 'urbanflow-district-service' deployment] INFO  o.eclipse.m2e.core.internal.Bundles - 	Entry: C:\Users\hp\.p2\pool\plugins\org.eclipse.m2e.maven.runtime_3.9.1200.20260112-2306\jars\maven-resolver-provider-3.9.12.jar
2026-05-02 22:13:39,055 [Worker-37: Web App 'urbanflow-district-service' deployment] INFO  o.eclipse.m2e.core.internal.Bundles - 	Entry: C:\Users\hp\.p2\pool\plugins\org.eclipse.m2e.maven.runtime_3.9.1200.20260112-2306\jars\maven-resolver-spi-1.9.25.jar
2026-05-02 22:13:39,056 [Worker-37: Web App 'urbanflow-district-service' deployment] INFO  o.eclipse.m2e.core.internal.Bundles - 	Entry: C:\Users\hp\.p2\pool\plugins\org.eclipse.m2e.maven.runtime_3.9.1200.20260112-2306\jars\maven-resolver-transport-file-1.9.25.jar
2026-05-02 22:13:39,056 [Worker-37: Web App 'urbanflow-district-service' deployment] INFO  o.eclipse.m2e.core.internal.Bundles - 	Entry: C:\Users\hp\.p2\pool\plugins\org.eclipse.m2e.maven.runtime_3.9.1200.20260112-2306\jars\maven-resolver-transport-http-1.9.25.jar
2026-05-02 22:13:39,057 [Worker-37: Web App 'urbanflow-district-service' deployment] INFO  o.eclipse.m2e.core.internal.Bundles - 	Entry: C:\Users\hp\.p2\pool\plugins\org.eclipse.m2e.maven.runtime_3.9.1200.20260112-2306\jars\maven-resolver-transport-wagon-1.9.25.jar
2026-05-02 22:13:39,057 [Worker-37: Web App 'urbanflow-district-service' deployment] INFO  o.eclipse.m2e.core.internal.Bundles - 	Entry: C:\Users\hp\.p2\pool\plugins\org.eclipse.m2e.maven.runtime_3.9.1200.20260112-2306\jars\maven-resolver-util-1.9.25.jar
2026-05-02 22:13:39,058 [Worker-37: Web App 'urbanflow-district-service' deployment] INFO  o.eclipse.m2e.core.internal.Bundles - 	Entry: C:\Users\hp\.p2\pool\plugins\org.eclipse.m2e.maven.runtime_3.9.1200.20260112-2306\jars\maven-settings-3.9.12.jar
2026-05-02 22:13:39,058 [Worker-37: Web App 'urbanflow-district-service' deployment] INFO  o.eclipse.m2e.core.internal.Bundles - 	Entry: C:\Users\hp\.p2\pool\plugins\org.eclipse.m2e.maven.runtime_3.9.1200.20260112-2306\jars\maven-settings-builder-3.9.12.jar
2026-05-02 22:13:39,058 [Worker-37: Web App 'urbanflow-district-service' deployment] INFO  o.eclipse.m2e.core.internal.Bundles - 	Entry: C:\Users\hp\.p2\pool\plugins\org.eclipse.m2e.maven.runtime_3.9.1200.20260112-2306\jars\maven-shared-utils-3.4.2.jar
2026-05-02 22:13:39,059 [Worker-37: Web App 'urbanflow-district-service' deployment] INFO  o.eclipse.m2e.core.internal.Bundles - 	Entry: C:\Users\hp\.p2\pool\plugins\org.eclipse.m2e.maven.runtime_3.9.1200.20260112-2306\jars\org.eclipse.sisu.inject-0.9.0.M4.jar
2026-05-02 22:13:39,059 [Worker-37: Web App 'urbanflow-district-service' deployment] INFO  o.eclipse.m2e.core.internal.Bundles - 	Entry: C:\Users\hp\.p2\pool\plugins\org.eclipse.m2e.maven.runtime_3.9.1200.20260112-2306\jars\org.eclipse.sisu.plexus-0.9.0.M4.jar
2026-05-02 22:13:39,060 [Worker-37: Web App 'urbanflow-district-service' deployment] INFO  o.eclipse.m2e.core.internal.Bundles - 	Entry: C:\Users\hp\.p2\pool\plugins\org.eclipse.m2e.maven.runtime_3.9.1200.20260112-2306\jars\plexus-build-api-0.0.7.jar
2026-05-02 22:13:39,060 [Worker-37: Web App 'urbanflow-district-service' deployment] INFO  o.eclipse.m2e.core.internal.Bundles - 	Entry: C:\Users\hp\.p2\pool\plugins\org.eclipse.m2e.maven.runtime_3.9.1200.20260112-2306\jars\plexus-build-api-1.2.0.jar
2026-05-02 22:13:39,061 [Worker-37: Web App 'urbanflow-district-service' deployment] INFO  o.eclipse.m2e.core.internal.Bundles - 	Entry: C:\Users\hp\.p2\pool\plugins\org.eclipse.m2e.maven.runtime_3.9.1200.20260112-2306\jars\plexus-cipher-2.0.jar
2026-05-02 22:13:39,061 [Worker-37: Web App 'urbanflow-district-service' deployment] INFO  o.eclipse.m2e.core.internal.Bundles - 	Entry: C:\Users\hp\.p2\pool\plugins\org.eclipse.m2e.maven.runtime_3.9.1200.20260112-2306\jars\plexus-classworlds-2.9.0.jar
2026-05-02 22:13:39,061 [Worker-37: Web App 'urbanflow-district-service' deployment] INFO  o.eclipse.m2e.core.internal.Bundles - 	Entry: C:\Users\hp\.p2\pool\plugins\org.eclipse.m2e.maven.runtime_3.9.1200.20260112-2306\jars\plexus-component-annotations-2.2.0.jar
2026-05-02 22:13:39,062 [Worker-37: Web App 'urbanflow-district-service' deployment] INFO  o.eclipse.m2e.core.internal.Bundles - 	Entry: C:\Users\hp\.p2\pool\plugins\org.eclipse.m2e.maven.runtime_3.9.1200.20260112-2306\jars\plexus-interpolation-1.29.jar
2026-05-02 22:13:39,062 [Worker-37: Web App 'urbanflow-district-service' deployment] INFO  o.eclipse.m2e.core.internal.Bundles - 	Entry: C:\Users\hp\.p2\pool\plugins\org.eclipse.m2e.maven.runtime_3.9.1200.20260112-2306\jars\plexus-sec-dispatcher-2.0.jar
2026-05-02 22:13:39,063 [Worker-37: Web App 'urbanflow-district-service' deployment] INFO  o.eclipse.m2e.core.internal.Bundles - 	Entry: C:\Users\hp\.p2\pool\plugins\org.eclipse.m2e.maven.runtime_3.9.1200.20260112-2306\jars\plexus-utils-3.6.0.jar
2026-05-02 22:13:39,063 [Worker-37: Web App 'urbanflow-district-service' deployment] INFO  o.eclipse.m2e.core.internal.Bundles - 	Entry: C:\Users\hp\.p2\pool\plugins\org.eclipse.m2e.maven.runtime_3.9.1200.20260112-2306\jars\wagon-file-3.5.3.jar
2026-05-02 22:13:39,064 [Worker-37: Web App 'urbanflow-district-service' deployment] INFO  o.eclipse.m2e.core.internal.Bundles - 	Entry: C:\Users\hp\.p2\pool\plugins\org.eclipse.m2e.maven.runtime_3.9.1200.20260112-2306\jars\wagon-http-3.5.3.jar
2026-05-02 22:13:39,064 [Worker-37: Web App 'urbanflow-district-service' deployment] INFO  o.eclipse.m2e.core.internal.Bundles - 	Entry: C:\Users\hp\.p2\pool\plugins\org.eclipse.m2e.maven.runtime_3.9.1200.20260112-2306\jars\wagon-http-shared-3.5.3.jar
2026-05-02 22:13:39,065 [Worker-37: Web App 'urbanflow-district-service' deployment] INFO  o.eclipse.m2e.core.internal.Bundles - 	Entry: C:\Users\hp\.p2\pool\plugins\org.eclipse.m2e.maven.runtime_3.9.1200.20260112-2306\jars\wagon-provider-api-3.5.3.jar
2026-05-02 22:13:39,070 [Worker-37: Web App 'urbanflow-district-service' deployment] INFO  o.eclipse.m2e.core.internal.Bundles - getClasspathEntries(Bundle=com.google.guava_33.5.0.jre [18])
2026-05-02 22:13:39,071 [Worker-37: Web App 'urbanflow-district-service' deployment] INFO  o.eclipse.m2e.core.internal.Bundles - 	Entry: C:\Users\hp\.p2\pool\plugins\com.google.guava_33.5.0.jre.jar
2026-05-02 22:13:39,071 [Worker-37: Web App 'urbanflow-district-service' deployment] INFO  o.eclipse.m2e.core.internal.Bundles - getClasspathEntries(Bundle=slf4j.api_2.0.17 [1013])
2026-05-02 22:13:39,072 [Worker-37: Web App 'urbanflow-district-service' deployment] INFO  o.eclipse.m2e.core.internal.Bundles - 	Entry: C:\Users\hp\.p2\pool\plugins\slf4j.api_2.0.17.jar
2026-05-02 22:13:39,072 [Worker-37: Web App 'urbanflow-district-service' deployment] INFO  o.eclipse.m2e.core.internal.Bundles - getClasspathEntries(Bundle=jakarta.inject.jakarta.inject-api_1.0.5 [35])
2026-05-02 22:13:39,073 [Worker-37: Web App 'urbanflow-district-service' deployment] INFO  o.eclipse.m2e.core.internal.Bundles - 	Entry: C:\Users\hp\.p2\pool\plugins\jakarta.inject.jakarta.inject-api_1.0.5.jar
2026-05-02 22:13:39,073 [Worker-37: Web App 'urbanflow-district-service' deployment] INFO  o.eclipse.m2e.core.internal.Bundles - getClasspathEntries(Bundle=jakarta.annotation-api_1.3.5 [31])
2026-05-02 22:13:39,074 [Worker-37: Web App 'urbanflow-district-service' deployment] INFO  o.eclipse.m2e.core.internal.Bundles - 	Entry: C:\Users\hp\.p2\pool\plugins\jakarta.annotation-api_1.3.5.jar
2026-05-02 22:13:39,075 [Worker-37: Web App 'urbanflow-district-service' deployment] INFO  o.eclipse.m2e.core.internal.Bundles - getClasspathEntries(Bundle=org.apache.commons.cli_1.11.0 [83])
2026-05-02 22:13:39,076 [Worker-37: Web App 'urbanflow-district-service' deployment] INFO  o.eclipse.m2e.core.internal.Bundles - 	Entry: C:\Users\hp\.p2\pool\plugins\org.apache.commons.cli_1.11.0.jar
2026-05-02 22:13:39,076 [Worker-37: Web App 'urbanflow-district-service' deployment] INFO  o.eclipse.m2e.core.internal.Bundles - getClasspathEntries(Bundle=org.apache.commons.commons-codec_1.21.0 [85])
2026-05-02 22:13:39,077 [Worker-37: Web App 'urbanflow-district-service' deployment] INFO  o.eclipse.m2e.core.internal.Bundles - 	Entry: C:\Users\hp\.p2\pool\plugins\org.apache.commons.commons-codec_1.21.0.jar
2026-05-02 22:13:39,077 [Worker-37: Web App 'urbanflow-district-service' deployment] INFO  o.eclipse.m2e.core.internal.Bundles - getClasspathEntries(Bundle=com.google.guava.failureaccess_1.0.3 [19])
2026-05-02 22:13:39,078 [Worker-37: Web App 'urbanflow-district-service' deployment] INFO  o.eclipse.m2e.core.internal.Bundles - 	Entry: C:\Users\hp\.p2\pool\plugins\com.google.guava.failureaccess_1.0.3.jar
2026-05-02 22:13:39,085 [Worker-37: Web App 'urbanflow-district-service' deployment] INFO  o.e.m.i.launch.MavenLaunchDelegate - Run build in "C:\Users\hp\Desktop\CMP404 Urban Flow Project\districtservice":
2026-05-02 22:13:39,093 [Worker-37: Web App 'urbanflow-district-service' deployment] INFO  o.e.m.i.launch.MavenLaunchDelegate -  mvn  -B -Dstyle.color=always package
2026-05-03 00:46:56,090 [Worker-62: Building] INFO  o.e.m.c.i.l.LifecycleMappingFactory - Using org.eclipse.m2e.jdt.JarLifecycleMapping lifecycle mapping for MavenProject: com.example:districtservice:0.0.1-SNAPSHOT @ C:\Users\hp\Desktop\CMP404 Urban Flow Project\districtservice\pom.xml.
2026-05-03 00:47:01,642 [Worker-62: Building] INFO  o.a.m.s.f.DefaultMavenResourcesFiltering - Copying 0 resource from src\main\resources to target\classes
2026-05-03 00:47:01,648 [Worker-62: Building] INFO  o.a.m.s.f.DefaultMavenResourcesFiltering - Copying 0 resource from src\main\resources to target\classes
2026-05-03 00:47:01,658 [Worker-62: Building] INFO  o.a.m.s.f.DefaultMavenResourcesFiltering - skip non existing resourceDirectory C:\Users\hp\Desktop\CMP404 Urban Flow Project\districtservice\src\test\resources
2026-05-03 00:47:01,808 [Worker-62: Building] WARN  o.apache.maven.project.MavenProject - Plugin is modifying compileSourceRoots through clear(), which will not work in Maven 4.0.0. Use MavenProject.addCompileSourceRoot()/removeCompileSourceRoot() methods instead. If using a plugin, please upgrade to the latest version or report the issue to the plugin maintainer. To disable these warnings, set -Dmaven.project.sourceRoots.warningsDisabled=true on the command line, in the .mvn/maven.config file, or in project POM properties.
2026-05-03 00:47:01,812 [Worker-62: Building] WARN  o.apache.maven.project.MavenProject - Plugin is modifying compileSourceRoots through add(), which will not work in Maven 4.0.0. Use MavenProject.addCompileSourceRoot()/removeCompileSourceRoot() methods instead. If using a plugin, please upgrade to the latest version or report the issue to the plugin maintainer. To disable these warnings, set -Dmaven.project.sourceRoots.warningsDisabled=true on the command line, in the .mvn/maven.config file, or in project POM properties.
2026-05-03 00:47:01,815 [Worker-62: Building] WARN  o.apache.maven.project.MavenProject - Plugin is modifying testCompileSourceRoots through clear(), which will not work in Maven 4.0.0. Use MavenProject.addTestCompileSourceRoot()/removeTestCompileSourceRoot() methods instead. If using a plugin, please upgrade to the latest version or report the issue to the plugin maintainer. To disable these warnings, set -Dmaven.project.sourceRoots.warningsDisabled=true on the command line, in the .mvn/maven.config file, or in project POM properties.
2026-05-03 00:47:01,822 [Worker-62: Building] WARN  o.apache.maven.project.MavenProject - Plugin is modifying testCompileSourceRoots through add(), which will not work in Maven 4.0.0. Use MavenProject.addTestCompileSourceRoot()/removeTestCompileSourceRoot() methods instead. If using a plugin, please upgrade to the latest version or report the issue to the plugin maintainer. To disable these warnings, set -Dmaven.project.sourceRoots.warningsDisabled=true on the command line, in the .mvn/maven.config file, or in project POM properties.
2026-05-03 00:47:10,435 [Worker-60: Building] INFO  o.a.m.s.f.DefaultMavenResourcesFiltering - Copying 1 resource from src\main\resources to target\classes
2026-05-03 00:47:10,720 [Worker-60: Building] INFO  o.a.m.s.f.DefaultMavenResourcesFiltering - Copying 0 resource from src\main\resources to target\classes
2026-05-03 00:47:10,754 [Worker-60: Building] INFO  o.a.m.s.f.DefaultMavenResourcesFiltering - skip non existing resourceDirectory C:\Users\hp\Desktop\CMP404 Urban Flow Project\districtservice\src\test\resources
2026-05-03 00:47:10,966 [Worker-60: Building] WARN  o.apache.maven.project.MavenProject - Plugin is modifying compileSourceRoots through clear(), which will not work in Maven 4.0.0. Use MavenProject.addCompileSourceRoot()/removeCompileSourceRoot() methods instead. If using a plugin, please upgrade to the latest version or report the issue to the plugin maintainer. To disable these warnings, set -Dmaven.project.sourceRoots.warningsDisabled=true on the command line, in the .mvn/maven.config file, or in project POM properties.
2026-05-03 00:47:10,970 [Worker-60: Building] WARN  o.apache.maven.project.MavenProject - Plugin is modifying compileSourceRoots through add(), which will not work in Maven 4.0.0. Use MavenProject.addCompileSourceRoot()/removeCompileSourceRoot() methods instead. If using a plugin, please upgrade to the latest version or report the issue to the plugin maintainer. To disable these warnings, set -Dmaven.project.sourceRoots.warningsDisabled=true on the command line, in the .mvn/maven.config file, or in project POM properties.
2026-05-03 00:47:11,009 [Worker-60: Building] WARN  o.apache.maven.project.MavenProject - Plugin is modifying testCompileSourceRoots through clear(), which will not work in Maven 4.0.0. Use MavenProject.addTestCompileSourceRoot()/removeTestCompileSourceRoot() methods instead. If using a plugin, please upgrade to the latest version or report the issue to the plugin maintainer. To disable these warnings, set -Dmaven.project.sourceRoots.warningsDisabled=true on the command line, in the .mvn/maven.config file, or in project POM properties.
2026-05-03 00:47:11,022 [Worker-60: Building] WARN  o.apache.maven.project.MavenProject - Plugin is modifying testCompileSourceRoots through add(), which will not work in Maven 4.0.0. Use MavenProject.addTestCompileSourceRoot()/removeTestCompileSourceRoot() methods instead. If using a plugin, please upgrade to the latest version or report the issue to the plugin maintainer. To disable these warnings, set -Dmaven.project.sourceRoots.warningsDisabled=true on the command line, in the .mvn/maven.config file, or in project POM properties.
2026-05-03 00:48:34,358 [Worker-60: Building] INFO  o.a.m.s.f.DefaultMavenResourcesFiltering - Copying 1 resource from src\main\resources to target\classes
2026-05-03 00:48:34,399 [Worker-60: Building] INFO  o.a.m.s.f.DefaultMavenResourcesFiltering - Copying 0 resource from src\main\resources to target\classes
2026-05-03 00:48:34,409 [Worker-60: Building] INFO  o.a.m.s.f.DefaultMavenResourcesFiltering - skip non existing resourceDirectory C:\Users\hp\Desktop\CMP404 Urban Flow Project\districtservice\src\test\resources
2026-05-03 00:48:34,410 [Worker-60: Building] WARN  o.apache.maven.project.MavenProject - Plugin is modifying compileSourceRoots through clear(), which will not work in Maven 4.0.0. Use MavenProject.addCompileSourceRoot()/removeCompileSourceRoot() methods instead. If using a plugin, please upgrade to the latest version or report the issue to the plugin maintainer. To disable these warnings, set -Dmaven.project.sourceRoots.warningsDisabled=true on the command line, in the .mvn/maven.config file, or in project POM properties.
2026-05-03 00:48:34,414 [Worker-60: Building] WARN  o.apache.maven.project.MavenProject - Plugin is modifying compileSourceRoots through add(), which will not work in Maven 4.0.0. Use MavenProject.addCompileSourceRoot()/removeCompileSourceRoot() methods instead. If using a plugin, please upgrade to the latest version or report the issue to the plugin maintainer. To disable these warnings, set -Dmaven.project.sourceRoots.warningsDisabled=true on the command line, in the .mvn/maven.config file, or in project POM properties.
2026-05-03 00:48:34,416 [Worker-60: Building] WARN  o.apache.maven.project.MavenProject - Plugin is modifying testCompileSourceRoots through clear(), which will not work in Maven 4.0.0. Use MavenProject.addTestCompileSourceRoot()/removeTestCompileSourceRoot() methods instead. If using a plugin, please upgrade to the latest version or report the issue to the plugin maintainer. To disable these warnings, set -Dmaven.project.sourceRoots.warningsDisabled=true on the command line, in the .mvn/maven.config file, or in project POM properties.
2026-05-03 00:48:34,417 [Worker-60: Building] WARN  o.apache.maven.project.MavenProject - Plugin is modifying testCompileSourceRoots through add(), which will not work in Maven 4.0.0. Use MavenProject.addTestCompileSourceRoot()/removeTestCompileSourceRoot() methods instead. If using a plugin, please upgrade to the latest version or report the issue to the plugin maintainer. To disable these warnings, set -Dmaven.project.sourceRoots.warningsDisabled=true on the command line, in the .mvn/maven.config file, or in project POM properties.
2026-05-03 00:50:14,961 [Worker-60: Web App 'urbanflow-district-service' deployment] INFO  o.eclipse.m2e.core.internal.Bundles - getClasspathEntries(Bundle=org.eclipse.m2e.maven.runtime_3.9.1200.20260112-2306 [648])
2026-05-03 00:50:14,963 [Worker-60: Web App 'urbanflow-district-service' deployment] INFO  o.eclipse.m2e.core.internal.Bundles - 	Entry: C:\Users\hp\.p2\pool\plugins\org.eclipse.m2e.maven.runtime_3.9.1200.20260112-2306
2026-05-03 00:50:14,963 [Worker-60: Web App 'urbanflow-district-service' deployment] INFO  o.eclipse.m2e.core.internal.Bundles - 	Entry: C:\Users\hp\.p2\pool\plugins\org.eclipse.m2e.maven.runtime_3.9.1200.20260112-2306\jars\aopalliance-1.0.jar
2026-05-03 00:50:14,964 [Worker-60: Web App 'urbanflow-district-service' deployment] INFO  o.eclipse.m2e.core.internal.Bundles - 	Entry: C:\Users\hp\.p2\pool\plugins\org.eclipse.m2e.maven.runtime_3.9.1200.20260112-2306\jars\asm-9.9.jar
2026-05-03 00:50:14,964 [Worker-60: Web App 'urbanflow-district-service' deployment] INFO  o.eclipse.m2e.core.internal.Bundles - 	Entry: C:\Users\hp\.p2\pool\plugins\org.eclipse.m2e.maven.runtime_3.9.1200.20260112-2306\jars\error_prone_annotations-2.41.0.jar
2026-05-03 00:50:14,965 [Worker-60: Web App 'urbanflow-district-service' deployment] INFO  o.eclipse.m2e.core.internal.Bundles - 	Entry: C:\Users\hp\.p2\pool\plugins\org.eclipse.m2e.maven.runtime_3.9.1200.20260112-2306\jars\gson-2.13.2.jar
2026-05-03 00:50:14,965 [Worker-60: Web App 'urbanflow-district-service' deployment] INFO  o.eclipse.m2e.core.internal.Bundles - 	Entry: C:\Users\hp\.p2\pool\plugins\org.eclipse.m2e.maven.runtime_3.9.1200.20260112-2306\jars\guice-5.1.0-classes.jar
2026-05-03 00:50:14,965 [Worker-60: Web App 'urbanflow-district-service' deployment] INFO  o.eclipse.m2e.core.internal.Bundles - 	Entry: C:\Users\hp\.p2\pool\plugins\org.eclipse.m2e.maven.runtime_3.9.1200.20260112-2306\jars\httpclient-4.5.14.jar
2026-05-03 00:50:14,966 [Worker-60: Web App 'urbanflow-district-service' deployment] INFO  o.eclipse.m2e.core.internal.Bundles - 	Entry: C:\Users\hp\.p2\pool\plugins\org.eclipse.m2e.maven.runtime_3.9.1200.20260112-2306\jars\httpcore-4.4.16.jar
2026-05-03 00:50:14,966 [Worker-60: Web App 'urbanflow-district-service' deployment] INFO  o.eclipse.m2e.core.internal.Bundles - 	Entry: C:\Users\hp\.p2\pool\plugins\org.eclipse.m2e.maven.runtime_3.9.1200.20260112-2306\jars\jansi-2.4.2.jar
2026-05-03 00:50:14,967 [Worker-60: Web App 'urbanflow-district-service' deployment] INFO  o.eclipse.m2e.core.internal.Bundles - 	Entry: C:\Users\hp\.p2\pool\plugins\org.eclipse.m2e.maven.runtime_3.9.1200.20260112-2306\jars\jcl-over-slf4j-1.7.36.jar
2026-05-03 00:50:14,967 [Worker-60: Web App 'urbanflow-district-service' deployment] INFO  o.eclipse.m2e.core.internal.Bundles - 	Entry: C:\Users\hp\.p2\pool\plugins\org.eclipse.m2e.maven.runtime_3.9.1200.20260112-2306\jars\maven-artifact-3.9.12.jar
2026-05-03 00:50:14,967 [Worker-60: Web App 'urbanflow-district-service' deployment] INFO  o.eclipse.m2e.core.internal.Bundles - 	Entry: C:\Users\hp\.p2\pool\plugins\org.eclipse.m2e.maven.runtime_3.9.1200.20260112-2306\jars\maven-builder-support-3.9.12.jar
2026-05-03 00:50:14,968 [Worker-60: Web App 'urbanflow-district-service' deployment] INFO  o.eclipse.m2e.core.internal.Bundles - 	Entry: C:\Users\hp\.p2\pool\plugins\org.eclipse.m2e.maven.runtime_3.9.1200.20260112-2306\jars\maven-compat-3.9.12.jar
2026-05-03 00:50:14,968 [Worker-60: Web App 'urbanflow-district-service' deployment] INFO  o.eclipse.m2e.core.internal.Bundles - 	Entry: C:\Users\hp\.p2\pool\plugins\org.eclipse.m2e.maven.runtime_3.9.1200.20260112-2306\jars\maven-core-3.9.12.jar
2026-05-03 00:50:14,969 [Worker-60: Web App 'urbanflow-district-service' deployment] INFO  o.eclipse.m2e.core.internal.Bundles - 	Entry: C:\Users\hp\.p2\pool\plugins\org.eclipse.m2e.maven.runtime_3.9.1200.20260112-2306\jars\maven-embedder-3.9.12.jar
2026-05-03 00:50:14,969 [Worker-60: Web App 'urbanflow-district-service' deployment] INFO  o.eclipse.m2e.core.internal.Bundles - 	Entry: C:\Users\hp\.p2\pool\plugins\org.eclipse.m2e.maven.runtime_3.9.1200.20260112-2306\jars\maven-model-3.9.12.jar
2026-05-03 00:50:14,969 [Worker-60: Web App 'urbanflow-district-service' deployment] INFO  o.eclipse.m2e.core.internal.Bundles - 	Entry: C:\Users\hp\.p2\pool\plugins\org.eclipse.m2e.maven.runtime_3.9.1200.20260112-2306\jars\maven-model-builder-3.9.12.jar
2026-05-03 00:50:14,970 [Worker-60: Web App 'urbanflow-district-service' deployment] INFO  o.eclipse.m2e.core.internal.Bundles - 	Entry: C:\Users\hp\.p2\pool\plugins\org.eclipse.m2e.maven.runtime_3.9.1200.20260112-2306\jars\maven-plugin-api-3.9.12.jar
2026-05-03 00:50:14,970 [Worker-60: Web App 'urbanflow-district-service' deployment] INFO  o.eclipse.m2e.core.internal.Bundles - 	Entry: C:\Users\hp\.p2\pool\plugins\org.eclipse.m2e.maven.runtime_3.9.1200.20260112-2306\jars\maven-repository-metadata-3.9.12.jar
2026-05-03 00:50:14,970 [Worker-60: Web App 'urbanflow-district-service' deployment] INFO  o.eclipse.m2e.core.internal.Bundles - 	Entry: C:\Users\hp\.p2\pool\plugins\org.eclipse.m2e.maven.runtime_3.9.1200.20260112-2306\jars\maven-resolver-api-1.9.25.jar
2026-05-03 00:50:14,970 [Worker-60: Web App 'urbanflow-district-service' deployment] INFO  o.eclipse.m2e.core.internal.Bundles - 	Entry: C:\Users\hp\.p2\pool\plugins\org.eclipse.m2e.maven.runtime_3.9.1200.20260112-2306\jars\maven-resolver-connector-basic-1.9.25.jar
2026-05-03 00:50:14,971 [Worker-60: Web App 'urbanflow-district-service' deployment] INFO  o.eclipse.m2e.core.internal.Bundles - 	Entry: C:\Users\hp\.p2\pool\plugins\org.eclipse.m2e.maven.runtime_3.9.1200.20260112-2306\jars\maven-resolver-impl-1.9.25.jar
2026-05-03 00:50:14,971 [Worker-60: Web App 'urbanflow-district-service' deployment] INFO  o.eclipse.m2e.core.internal.Bundles - 	Entry: C:\Users\hp\.p2\pool\plugins\org.eclipse.m2e.maven.runtime_3.9.1200.20260112-2306\jars\maven-resolver-named-locks-1.9.25.jar
2026-05-03 00:50:14,971 [Worker-60: Web App 'urbanflow-district-service' deployment] INFO  o.eclipse.m2e.core.internal.Bundles - 	Entry: C:\Users\hp\.p2\pool\plugins\org.eclipse.m2e.maven.runtime_3.9.1200.20260112-2306\jars\maven-resolver-provider-3.9.12.jar
2026-05-03 00:50:14,972 [Worker-60: Web App 'urbanflow-district-service' deployment] INFO  o.eclipse.m2e.core.internal.Bundles - 	Entry: C:\Users\hp\.p2\pool\plugins\org.eclipse.m2e.maven.runtime_3.9.1200.20260112-2306\jars\maven-resolver-spi-1.9.25.jar
2026-05-03 00:50:14,972 [Worker-60: Web App 'urbanflow-district-service' deployment] INFO  o.eclipse.m2e.core.internal.Bundles - 	Entry: C:\Users\hp\.p2\pool\plugins\org.eclipse.m2e.maven.runtime_3.9.1200.20260112-2306\jars\maven-resolver-transport-file-1.9.25.jar
2026-05-03 00:50:14,973 [Worker-60: Web App 'urbanflow-district-service' deployment] INFO  o.eclipse.m2e.core.internal.Bundles - 	Entry: C:\Users\hp\.p2\pool\plugins\org.eclipse.m2e.maven.runtime_3.9.1200.20260112-2306\jars\maven-resolver-transport-http-1.9.25.jar
2026-05-03 00:50:14,973 [Worker-60: Web App 'urbanflow-district-service' deployment] INFO  o.eclipse.m2e.core.internal.Bundles - 	Entry: C:\Users\hp\.p2\pool\plugins\org.eclipse.m2e.maven.runtime_3.9.1200.20260112-2306\jars\maven-resolver-transport-wagon-1.9.25.jar
2026-05-03 00:50:14,974 [Worker-60: Web App 'urbanflow-district-service' deployment] INFO  o.eclipse.m2e.core.internal.Bundles - 	Entry: C:\Users\hp\.p2\pool\plugins\org.eclipse.m2e.maven.runtime_3.9.1200.20260112-2306\jars\maven-resolver-util-1.9.25.jar
2026-05-03 00:50:14,974 [Worker-60: Web App 'urbanflow-district-service' deployment] INFO  o.eclipse.m2e.core.internal.Bundles - 	Entry: C:\Users\hp\.p2\pool\plugins\org.eclipse.m2e.maven.runtime_3.9.1200.20260112-2306\jars\maven-settings-3.9.12.jar
2026-05-03 00:50:14,975 [Worker-60: Web App 'urbanflow-district-service' deployment] INFO  o.eclipse.m2e.core.internal.Bundles - 	Entry: C:\Users\hp\.p2\pool\plugins\org.eclipse.m2e.maven.runtime_3.9.1200.20260112-2306\jars\maven-settings-builder-3.9.12.jar
2026-05-03 00:50:14,975 [Worker-60: Web App 'urbanflow-district-service' deployment] INFO  o.eclipse.m2e.core.internal.Bundles - 	Entry: C:\Users\hp\.p2\pool\plugins\org.eclipse.m2e.maven.runtime_3.9.1200.20260112-2306\jars\maven-shared-utils-3.4.2.jar
2026-05-03 00:50:14,975 [Worker-60: Web App 'urbanflow-district-service' deployment] INFO  o.eclipse.m2e.core.internal.Bundles - 	Entry: C:\Users\hp\.p2\pool\plugins\org.eclipse.m2e.maven.runtime_3.9.1200.20260112-2306\jars\org.eclipse.sisu.inject-0.9.0.M4.jar
2026-05-03 00:50:14,976 [Worker-60: Web App 'urbanflow-district-service' deployment] INFO  o.eclipse.m2e.core.internal.Bundles - 	Entry: C:\Users\hp\.p2\pool\plugins\org.eclipse.m2e.maven.runtime_3.9.1200.20260112-2306\jars\org.eclipse.sisu.plexus-0.9.0.M4.jar
2026-05-03 00:50:14,976 [Worker-60: Web App 'urbanflow-district-service' deployment] INFO  o.eclipse.m2e.core.internal.Bundles - 	Entry: C:\Users\hp\.p2\pool\plugins\org.eclipse.m2e.maven.runtime_3.9.1200.20260112-2306\jars\plexus-build-api-0.0.7.jar
2026-05-03 00:50:14,977 [Worker-60: Web App 'urbanflow-district-service' deployment] INFO  o.eclipse.m2e.core.internal.Bundles - 	Entry: C:\Users\hp\.p2\pool\plugins\org.eclipse.m2e.maven.runtime_3.9.1200.20260112-2306\jars\plexus-build-api-1.2.0.jar
2026-05-03 00:50:14,977 [Worker-60: Web App 'urbanflow-district-service' deployment] INFO  o.eclipse.m2e.core.internal.Bundles - 	Entry: C:\Users\hp\.p2\pool\plugins\org.eclipse.m2e.maven.runtime_3.9.1200.20260112-2306\jars\plexus-cipher-2.0.jar
2026-05-03 00:50:14,977 [Worker-60: Web App 'urbanflow-district-service' deployment] INFO  o.eclipse.m2e.core.internal.Bundles - 	Entry: C:\Users\hp\.p2\pool\plugins\org.eclipse.m2e.maven.runtime_3.9.1200.20260112-2306\jars\plexus-classworlds-2.9.0.jar
2026-05-03 00:50:14,978 [Worker-60: Web App 'urbanflow-district-service' deployment] INFO  o.eclipse.m2e.core.internal.Bundles - 	Entry: C:\Users\hp\.p2\pool\plugins\org.eclipse.m2e.maven.runtime_3.9.1200.20260112-2306\jars\plexus-component-annotations-2.2.0.jar
2026-05-03 00:50:14,978 [Worker-60: Web App 'urbanflow-district-service' deployment] INFO  o.eclipse.m2e.core.internal.Bundles - 	Entry: C:\Users\hp\.p2\pool\plugins\org.eclipse.m2e.maven.runtime_3.9.1200.20260112-2306\jars\plexus-interpolation-1.29.jar
2026-05-03 00:50:14,979 [Worker-60: Web App 'urbanflow-district-service' deployment] INFO  o.eclipse.m2e.core.internal.Bundles - 	Entry: C:\Users\hp\.p2\pool\plugins\org.eclipse.m2e.maven.runtime_3.9.1200.20260112-2306\jars\plexus-sec-dispatcher-2.0.jar
2026-05-03 00:50:14,979 [Worker-60: Web App 'urbanflow-district-service' deployment] INFO  o.eclipse.m2e.core.internal.Bundles - 	Entry: C:\Users\hp\.p2\pool\plugins\org.eclipse.m2e.maven.runtime_3.9.1200.20260112-2306\jars\plexus-utils-3.6.0.jar
2026-05-03 00:50:14,980 [Worker-60: Web App 'urbanflow-district-service' deployment] INFO  o.eclipse.m2e.core.internal.Bundles - 	Entry: C:\Users\hp\.p2\pool\plugins\org.eclipse.m2e.maven.runtime_3.9.1200.20260112-2306\jars\wagon-file-3.5.3.jar
2026-05-03 00:50:14,980 [Worker-60: Web App 'urbanflow-district-service' deployment] INFO  o.eclipse.m2e.core.internal.Bundles - 	Entry: C:\Users\hp\.p2\pool\plugins\org.eclipse.m2e.maven.runtime_3.9.1200.20260112-2306\jars\wagon-http-3.5.3.jar
2026-05-03 00:50:14,980 [Worker-60: Web App 'urbanflow-district-service' deployment] INFO  o.eclipse.m2e.core.internal.Bundles - 	Entry: C:\Users\hp\.p2\pool\plugins\org.eclipse.m2e.maven.runtime_3.9.1200.20260112-2306\jars\wagon-http-shared-3.5.3.jar
2026-05-03 00:50:14,980 [Worker-60: Web App 'urbanflow-district-service' deployment] INFO  o.eclipse.m2e.core.internal.Bundles - 	Entry: C:\Users\hp\.p2\pool\plugins\org.eclipse.m2e.maven.runtime_3.9.1200.20260112-2306\jars\wagon-provider-api-3.5.3.jar
2026-05-03 00:50:14,981 [Worker-60: Web App 'urbanflow-district-service' deployment] INFO  o.eclipse.m2e.core.internal.Bundles - getClasspathEntries(Bundle=com.google.guava_33.5.0.jre [18])
2026-05-03 00:50:14,982 [Worker-60: Web App 'urbanflow-district-service' deployment] INFO  o.eclipse.m2e.core.internal.Bundles - 	Entry: C:\Users\hp\.p2\pool\plugins\com.google.guava_33.5.0.jre.jar
2026-05-03 00:50:14,982 [Worker-60: Web App 'urbanflow-district-service' deployment] INFO  o.eclipse.m2e.core.internal.Bundles - getClasspathEntries(Bundle=slf4j.api_2.0.17 [1013])
2026-05-03 00:50:14,983 [Worker-60: Web App 'urbanflow-district-service' deployment] INFO  o.eclipse.m2e.core.internal.Bundles - 	Entry: C:\Users\hp\.p2\pool\plugins\slf4j.api_2.0.17.jar
2026-05-03 00:50:14,984 [Worker-60: Web App 'urbanflow-district-service' deployment] INFO  o.eclipse.m2e.core.internal.Bundles - getClasspathEntries(Bundle=jakarta.inject.jakarta.inject-api_1.0.5 [35])
2026-05-03 00:50:14,984 [Worker-60: Web App 'urbanflow-district-service' deployment] INFO  o.eclipse.m2e.core.internal.Bundles - 	Entry: C:\Users\hp\.p2\pool\plugins\jakarta.inject.jakarta.inject-api_1.0.5.jar
2026-05-03 00:50:14,984 [Worker-60: Web App 'urbanflow-district-service' deployment] INFO  o.eclipse.m2e.core.internal.Bundles - getClasspathEntries(Bundle=jakarta.annotation-api_1.3.5 [31])
2026-05-03 00:50:14,985 [Worker-60: Web App 'urbanflow-district-service' deployment] INFO  o.eclipse.m2e.core.internal.Bundles - 	Entry: C:\Users\hp\.p2\pool\plugins\jakarta.annotation-api_1.3.5.jar
2026-05-03 00:50:14,985 [Worker-60: Web App 'urbanflow-district-service' deployment] INFO  o.eclipse.m2e.core.internal.Bundles - getClasspathEntries(Bundle=org.apache.commons.cli_1.11.0 [83])
2026-05-03 00:50:14,986 [Worker-60: Web App 'urbanflow-district-service' deployment] INFO  o.eclipse.m2e.core.internal.Bundles - 	Entry: C:\Users\hp\.p2\pool\plugins\org.apache.commons.cli_1.11.0.jar
2026-05-03 00:50:14,986 [Worker-60: Web App 'urbanflow-district-service' deployment] INFO  o.eclipse.m2e.core.internal.Bundles - getClasspathEntries(Bundle=org.apache.commons.commons-codec_1.21.0 [85])
2026-05-03 00:50:14,987 [Worker-60: Web App 'urbanflow-district-service' deployment] INFO  o.eclipse.m2e.core.internal.Bundles - 	Entry: C:\Users\hp\.p2\pool\plugins\org.apache.commons.commons-codec_1.21.0.jar
2026-05-03 00:50:14,987 [Worker-60: Web App 'urbanflow-district-service' deployment] INFO  o.eclipse.m2e.core.internal.Bundles - getClasspathEntries(Bundle=com.google.guava.failureaccess_1.0.3 [19])
2026-05-03 00:50:14,988 [Worker-60: Web App 'urbanflow-district-service' deployment] INFO  o.eclipse.m2e.core.internal.Bundles - 	Entry: C:\Users\hp\.p2\pool\plugins\com.google.guava.failureaccess_1.0.3.jar
2026-05-03 00:50:14,992 [Worker-60: Web App 'urbanflow-district-service' deployment] INFO  o.e.m.i.launch.MavenLaunchDelegate - Run build in "C:\Users\hp\Desktop\CMP404 Urban Flow Project\districtservice":
2026-05-03 00:50:14,992 [Worker-60: Web App 'urbanflow-district-service' deployment] INFO  o.e.m.i.launch.MavenLaunchDelegate -  mvn  -B -Dstyle.color=always package
2026-05-03 19:12:36,733 [Worker-88: Web App 'urbanflow-district-service' deployment] INFO  o.eclipse.m2e.core.internal.Bundles - getClasspathEntries(Bundle=org.eclipse.m2e.maven.runtime_3.9.1200.20260112-2306 [648])
2026-05-03 19:12:36,756 [Worker-88: Web App 'urbanflow-district-service' deployment] INFO  o.eclipse.m2e.core.internal.Bundles - 	Entry: C:\Users\hp\.p2\pool\plugins\org.eclipse.m2e.maven.runtime_3.9.1200.20260112-2306
2026-05-03 19:12:36,757 [Worker-88: Web App 'urbanflow-district-service' deployment] INFO  o.eclipse.m2e.core.internal.Bundles - 	Entry: C:\Users\hp\.p2\pool\plugins\org.eclipse.m2e.maven.runtime_3.9.1200.20260112-2306\jars\aopalliance-1.0.jar
2026-05-03 19:12:36,758 [Worker-88: Web App 'urbanflow-district-service' deployment] INFO  o.eclipse.m2e.core.internal.Bundles - 	Entry: C:\Users\hp\.p2\pool\plugins\org.eclipse.m2e.maven.runtime_3.9.1200.20260112-2306\jars\asm-9.9.jar
2026-05-03 19:12:36,759 [Worker-88: Web App 'urbanflow-district-service' deployment] INFO  o.eclipse.m2e.core.internal.Bundles - 	Entry: C:\Users\hp\.p2\pool\plugins\org.eclipse.m2e.maven.runtime_3.9.1200.20260112-2306\jars\error_prone_annotations-2.41.0.jar
2026-05-03 19:12:36,759 [Worker-88: Web App 'urbanflow-district-service' deployment] INFO  o.eclipse.m2e.core.internal.Bundles - 	Entry: C:\Users\hp\.p2\pool\plugins\org.eclipse.m2e.maven.runtime_3.9.1200.20260112-2306\jars\gson-2.13.2.jar
2026-05-03 19:12:36,760 [Worker-88: Web App 'urbanflow-district-service' deployment] INFO  o.eclipse.m2e.core.internal.Bundles - 	Entry: C:\Users\hp\.p2\pool\plugins\org.eclipse.m2e.maven.runtime_3.9.1200.20260112-2306\jars\guice-5.1.0-classes.jar
2026-05-03 19:12:36,761 [Worker-88: Web App 'urbanflow-district-service' deployment] INFO  o.eclipse.m2e.core.internal.Bundles - 	Entry: C:\Users\hp\.p2\pool\plugins\org.eclipse.m2e.maven.runtime_3.9.1200.20260112-2306\jars\httpclient-4.5.14.jar
2026-05-03 19:12:36,761 [Worker-88: Web App 'urbanflow-district-service' deployment] INFO  o.eclipse.m2e.core.internal.Bundles - 	Entry: C:\Users\hp\.p2\pool\plugins\org.eclipse.m2e.maven.runtime_3.9.1200.20260112-2306\jars\httpcore-4.4.16.jar
2026-05-03 19:12:36,761 [Worker-88: Web App 'urbanflow-district-service' deployment] INFO  o.eclipse.m2e.core.internal.Bundles - 	Entry: C:\Users\hp\.p2\pool\plugins\org.eclipse.m2e.maven.runtime_3.9.1200.20260112-2306\jars\jansi-2.4.2.jar
2026-05-03 19:12:36,762 [Worker-88: Web App 'urbanflow-district-service' deployment] INFO  o.eclipse.m2e.core.internal.Bundles - 	Entry: C:\Users\hp\.p2\pool\plugins\org.eclipse.m2e.maven.runtime_3.9.1200.20260112-2306\jars\jcl-over-slf4j-1.7.36.jar
2026-05-03 19:12:36,764 [Worker-88: Web App 'urbanflow-district-service' deployment] INFO  o.eclipse.m2e.core.internal.Bundles - 	Entry: C:\Users\hp\.p2\pool\plugins\org.eclipse.m2e.maven.runtime_3.9.1200.20260112-2306\jars\maven-artifact-3.9.12.jar
2026-05-03 19:12:36,764 [Worker-88: Web App 'urbanflow-district-service' deployment] INFO  o.eclipse.m2e.core.internal.Bundles - 	Entry: C:\Users\hp\.p2\pool\plugins\org.eclipse.m2e.maven.runtime_3.9.1200.20260112-2306\jars\maven-builder-support-3.9.12.jar
2026-05-03 19:12:36,765 [Worker-88: Web App 'urbanflow-district-service' deployment] INFO  o.eclipse.m2e.core.internal.Bundles - 	Entry: C:\Users\hp\.p2\pool\plugins\org.eclipse.m2e.maven.runtime_3.9.1200.20260112-2306\jars\maven-compat-3.9.12.jar
2026-05-03 19:12:36,765 [Worker-88: Web App 'urbanflow-district-service' deployment] INFO  o.eclipse.m2e.core.internal.Bundles - 	Entry: C:\Users\hp\.p2\pool\plugins\org.eclipse.m2e.maven.runtime_3.9.1200.20260112-2306\jars\maven-core-3.9.12.jar
2026-05-03 19:12:36,766 [Worker-88: Web App 'urbanflow-district-service' deployment] INFO  o.eclipse.m2e.core.internal.Bundles - 	Entry: C:\Users\hp\.p2\pool\plugins\org.eclipse.m2e.maven.runtime_3.9.1200.20260112-2306\jars\maven-embedder-3.9.12.jar
2026-05-03 19:12:36,767 [Worker-88: Web App 'urbanflow-district-service' deployment] INFO  o.eclipse.m2e.core.internal.Bundles - 	Entry: C:\Users\hp\.p2\pool\plugins\org.eclipse.m2e.maven.runtime_3.9.1200.20260112-2306\jars\maven-model-3.9.12.jar
2026-05-03 19:12:36,767 [Worker-88: Web App 'urbanflow-district-service' deployment] INFO  o.eclipse.m2e.core.internal.Bundles - 	Entry: C:\Users\hp\.p2\pool\plugins\org.eclipse.m2e.maven.runtime_3.9.1200.20260112-2306\jars\maven-model-builder-3.9.12.jar
2026-05-03 19:12:36,768 [Worker-88: Web App 'urbanflow-district-service' deployment] INFO  o.eclipse.m2e.core.internal.Bundles - 	Entry: C:\Users\hp\.p2\pool\plugins\org.eclipse.m2e.maven.runtime_3.9.1200.20260112-2306\jars\maven-plugin-api-3.9.12.jar
2026-05-03 19:12:36,768 [Worker-88: Web App 'urbanflow-district-service' deployment] INFO  o.eclipse.m2e.core.internal.Bundles - 	Entry: C:\Users\hp\.p2\pool\plugins\org.eclipse.m2e.maven.runtime_3.9.1200.20260112-2306\jars\maven-repository-metadata-3.9.12.jar
2026-05-03 19:12:36,769 [Worker-88: Web App 'urbanflow-district-service' deployment] INFO  o.eclipse.m2e.core.internal.Bundles - 	Entry: C:\Users\hp\.p2\pool\plugins\org.eclipse.m2e.maven.runtime_3.9.1200.20260112-2306\jars\maven-resolver-api-1.9.25.jar
2026-05-03 19:12:36,770 [Worker-88: Web App 'urbanflow-district-service' deployment] INFO  o.eclipse.m2e.core.internal.Bundles - 	Entry: C:\Users\hp\.p2\pool\plugins\org.eclipse.m2e.maven.runtime_3.9.1200.20260112-2306\jars\maven-resolver-connector-basic-1.9.25.jar
2026-05-03 19:12:36,776 [Worker-88: Web App 'urbanflow-district-service' deployment] INFO  o.eclipse.m2e.core.internal.Bundles - 	Entry: C:\Users\hp\.p2\pool\plugins\org.eclipse.m2e.maven.runtime_3.9.1200.20260112-2306\jars\maven-resolver-impl-1.9.25.jar
2026-05-03 19:12:36,776 [Worker-88: Web App 'urbanflow-district-service' deployment] INFO  o.eclipse.m2e.core.internal.Bundles - 	Entry: C:\Users\hp\.p2\pool\plugins\org.eclipse.m2e.maven.runtime_3.9.1200.20260112-2306\jars\maven-resolver-named-locks-1.9.25.jar
2026-05-03 19:12:36,777 [Worker-88: Web App 'urbanflow-district-service' deployment] INFO  o.eclipse.m2e.core.internal.Bundles - 	Entry: C:\Users\hp\.p2\pool\plugins\org.eclipse.m2e.maven.runtime_3.9.1200.20260112-2306\jars\maven-resolver-provider-3.9.12.jar
2026-05-03 19:12:36,778 [Worker-88: Web App 'urbanflow-district-service' deployment] INFO  o.eclipse.m2e.core.internal.Bundles - 	Entry: C:\Users\hp\.p2\pool\plugins\org.eclipse.m2e.maven.runtime_3.9.1200.20260112-2306\jars\maven-resolver-spi-1.9.25.jar
2026-05-03 19:12:36,778 [Worker-88: Web App 'urbanflow-district-service' deployment] INFO  o.eclipse.m2e.core.internal.Bundles - 	Entry: C:\Users\hp\.p2\pool\plugins\org.eclipse.m2e.maven.runtime_3.9.1200.20260112-2306\jars\maven-resolver-transport-file-1.9.25.jar
2026-05-03 19:12:36,779 [Worker-88: Web App 'urbanflow-district-service' deployment] INFO  o.eclipse.m2e.core.internal.Bundles - 	Entry: C:\Users\hp\.p2\pool\plugins\org.eclipse.m2e.maven.runtime_3.9.1200.20260112-2306\jars\maven-resolver-transport-http-1.9.25.jar
2026-05-03 19:12:36,779 [Worker-88: Web App 'urbanflow-district-service' deployment] INFO  o.eclipse.m2e.core.internal.Bundles - 	Entry: C:\Users\hp\.p2\pool\plugins\org.eclipse.m2e.maven.runtime_3.9.1200.20260112-2306\jars\maven-resolver-transport-wagon-1.9.25.jar
2026-05-03 19:12:36,780 [Worker-88: Web App 'urbanflow-district-service' deployment] INFO  o.eclipse.m2e.core.internal.Bundles - 	Entry: C:\Users\hp\.p2\pool\plugins\org.eclipse.m2e.maven.runtime_3.9.1200.20260112-2306\jars\maven-resolver-util-1.9.25.jar
2026-05-03 19:12:36,780 [Worker-88: Web App 'urbanflow-district-service' deployment] INFO  o.eclipse.m2e.core.internal.Bundles - 	Entry: C:\Users\hp\.p2\pool\plugins\org.eclipse.m2e.maven.runtime_3.9.1200.20260112-2306\jars\maven-settings-3.9.12.jar
2026-05-03 19:12:36,780 [Worker-88: Web App 'urbanflow-district-service' deployment] INFO  o.eclipse.m2e.core.internal.Bundles - 	Entry: C:\Users\hp\.p2\pool\plugins\org.eclipse.m2e.maven.runtime_3.9.1200.20260112-2306\jars\maven-settings-builder-3.9.12.jar
2026-05-03 19:12:36,780 [Worker-88: Web App 'urbanflow-district-service' deployment] INFO  o.eclipse.m2e.core.internal.Bundles - 	Entry: C:\Users\hp\.p2\pool\plugins\org.eclipse.m2e.maven.runtime_3.9.1200.20260112-2306\jars\maven-shared-utils-3.4.2.jar
2026-05-03 19:12:36,781 [Worker-88: Web App 'urbanflow-district-service' deployment] INFO  o.eclipse.m2e.core.internal.Bundles - 	Entry: C:\Users\hp\.p2\pool\plugins\org.eclipse.m2e.maven.runtime_3.9.1200.20260112-2306\jars\org.eclipse.sisu.inject-0.9.0.M4.jar
2026-05-03 19:12:36,782 [Worker-88: Web App 'urbanflow-district-service' deployment] INFO  o.eclipse.m2e.core.internal.Bundles - 	Entry: C:\Users\hp\.p2\pool\plugins\org.eclipse.m2e.maven.runtime_3.9.1200.20260112-2306\jars\org.eclipse.sisu.plexus-0.9.0.M4.jar
2026-05-03 19:12:36,783 [Worker-88: Web App 'urbanflow-district-service' deployment] INFO  o.eclipse.m2e.core.internal.Bundles - 	Entry: C:\Users\hp\.p2\pool\plugins\org.eclipse.m2e.maven.runtime_3.9.1200.20260112-2306\jars\plexus-build-api-0.0.7.jar
2026-05-03 19:12:36,783 [Worker-88: Web App 'urbanflow-district-service' deployment] INFO  o.eclipse.m2e.core.internal.Bundles - 	Entry: C:\Users\hp\.p2\pool\plugins\org.eclipse.m2e.maven.runtime_3.9.1200.20260112-2306\jars\plexus-build-api-1.2.0.jar
2026-05-03 19:12:36,783 [Worker-88: Web App 'urbanflow-district-service' deployment] INFO  o.eclipse.m2e.core.internal.Bundles - 	Entry: C:\Users\hp\.p2\pool\plugins\org.eclipse.m2e.maven.runtime_3.9.1200.20260112-2306\jars\plexus-cipher-2.0.jar
2026-05-03 19:12:36,783 [Worker-88: Web App 'urbanflow-district-service' deployment] INFO  o.eclipse.m2e.core.internal.Bundles - 	Entry: C:\Users\hp\.p2\pool\plugins\org.eclipse.m2e.maven.runtime_3.9.1200.20260112-2306\jars\plexus-classworlds-2.9.0.jar
2026-05-03 19:12:36,784 [Worker-88: Web App 'urbanflow-district-service' deployment] INFO  o.eclipse.m2e.core.internal.Bundles - 	Entry: C:\Users\hp\.p2\pool\plugins\org.eclipse.m2e.maven.runtime_3.9.1200.20260112-2306\jars\plexus-component-annotations-2.2.0.jar
2026-05-03 19:12:36,784 [Worker-88: Web App 'urbanflow-district-service' deployment] INFO  o.eclipse.m2e.core.internal.Bundles - 	Entry: C:\Users\hp\.p2\pool\plugins\org.eclipse.m2e.maven.runtime_3.9.1200.20260112-2306\jars\plexus-interpolation-1.29.jar
2026-05-03 19:12:36,785 [Worker-88: Web App 'urbanflow-district-service' deployment] INFO  o.eclipse.m2e.core.internal.Bundles - 	Entry: C:\Users\hp\.p2\pool\plugins\org.eclipse.m2e.maven.runtime_3.9.1200.20260112-2306\jars\plexus-sec-dispatcher-2.0.jar
2026-05-03 19:12:36,785 [Worker-88: Web App 'urbanflow-district-service' deployment] INFO  o.eclipse.m2e.core.internal.Bundles - 	Entry: C:\Users\hp\.p2\pool\plugins\org.eclipse.m2e.maven.runtime_3.9.1200.20260112-2306\jars\plexus-utils-3.6.0.jar
2026-05-03 19:12:36,785 [Worker-88: Web App 'urbanflow-district-service' deployment] INFO  o.eclipse.m2e.core.internal.Bundles - 	Entry: C:\Users\hp\.p2\pool\plugins\org.eclipse.m2e.maven.runtime_3.9.1200.20260112-2306\jars\wagon-file-3.5.3.jar
2026-05-03 19:12:36,786 [Worker-88: Web App 'urbanflow-district-service' deployment] INFO  o.eclipse.m2e.core.internal.Bundles - 	Entry: C:\Users\hp\.p2\pool\plugins\org.eclipse.m2e.maven.runtime_3.9.1200.20260112-2306\jars\wagon-http-3.5.3.jar
2026-05-03 19:12:36,786 [Worker-88: Web App 'urbanflow-district-service' deployment] INFO  o.eclipse.m2e.core.internal.Bundles - 	Entry: C:\Users\hp\.p2\pool\plugins\org.eclipse.m2e.maven.runtime_3.9.1200.20260112-2306\jars\wagon-http-shared-3.5.3.jar
2026-05-03 19:12:36,786 [Worker-88: Web App 'urbanflow-district-service' deployment] INFO  o.eclipse.m2e.core.internal.Bundles - 	Entry: C:\Users\hp\.p2\pool\plugins\org.eclipse.m2e.maven.runtime_3.9.1200.20260112-2306\jars\wagon-provider-api-3.5.3.jar
2026-05-03 19:12:36,794 [Worker-88: Web App 'urbanflow-district-service' deployment] INFO  o.eclipse.m2e.core.internal.Bundles - getClasspathEntries(Bundle=com.google.guava_33.5.0.jre [18])
2026-05-03 19:12:36,795 [Worker-88: Web App 'urbanflow-district-service' deployment] INFO  o.eclipse.m2e.core.internal.Bundles - 	Entry: C:\Users\hp\.p2\pool\plugins\com.google.guava_33.5.0.jre.jar
2026-05-03 19:12:36,795 [Worker-88: Web App 'urbanflow-district-service' deployment] INFO  o.eclipse.m2e.core.internal.Bundles - getClasspathEntries(Bundle=slf4j.api_2.0.17 [1013])
2026-05-03 19:12:36,797 [Worker-88: Web App 'urbanflow-district-service' deployment] INFO  o.eclipse.m2e.core.internal.Bundles - 	Entry: C:\Users\hp\.p2\pool\plugins\slf4j.api_2.0.17.jar
2026-05-03 19:12:36,797 [Worker-88: Web App 'urbanflow-district-service' deployment] INFO  o.eclipse.m2e.core.internal.Bundles - getClasspathEntries(Bundle=jakarta.inject.jakarta.inject-api_1.0.5 [35])
2026-05-03 19:12:36,798 [Worker-88: Web App 'urbanflow-district-service' deployment] INFO  o.eclipse.m2e.core.internal.Bundles - 	Entry: C:\Users\hp\.p2\pool\plugins\jakarta.inject.jakarta.inject-api_1.0.5.jar
2026-05-03 19:12:36,800 [Worker-88: Web App 'urbanflow-district-service' deployment] INFO  o.eclipse.m2e.core.internal.Bundles - getClasspathEntries(Bundle=jakarta.annotation-api_1.3.5 [31])
2026-05-03 19:12:36,802 [Worker-88: Web App 'urbanflow-district-service' deployment] INFO  o.eclipse.m2e.core.internal.Bundles - 	Entry: C:\Users\hp\.p2\pool\plugins\jakarta.annotation-api_1.3.5.jar
2026-05-03 19:12:36,803 [Worker-88: Web App 'urbanflow-district-service' deployment] INFO  o.eclipse.m2e.core.internal.Bundles - getClasspathEntries(Bundle=org.apache.commons.cli_1.11.0 [83])
2026-05-03 19:12:36,806 [Worker-88: Web App 'urbanflow-district-service' deployment] INFO  o.eclipse.m2e.core.internal.Bundles - 	Entry: C:\Users\hp\.p2\pool\plugins\org.apache.commons.cli_1.11.0.jar
2026-05-03 19:12:36,806 [Worker-88: Web App 'urbanflow-district-service' deployment] INFO  o.eclipse.m2e.core.internal.Bundles - getClasspathEntries(Bundle=org.apache.commons.commons-codec_1.21.0 [85])
2026-05-03 19:12:36,808 [Worker-88: Web App 'urbanflow-district-service' deployment] INFO  o.eclipse.m2e.core.internal.Bundles - 	Entry: C:\Users\hp\.p2\pool\plugins\org.apache.commons.commons-codec_1.21.0.jar
2026-05-03 19:12:36,808 [Worker-88: Web App 'urbanflow-district-service' deployment] INFO  o.eclipse.m2e.core.internal.Bundles - getClasspathEntries(Bundle=com.google.guava.failureaccess_1.0.3 [19])
2026-05-03 19:12:36,809 [Worker-88: Web App 'urbanflow-district-service' deployment] INFO  o.eclipse.m2e.core.internal.Bundles - 	Entry: C:\Users\hp\.p2\pool\plugins\com.google.guava.failureaccess_1.0.3.jar
2026-05-03 19:12:36,819 [Worker-88: Web App 'urbanflow-district-service' deployment] INFO  o.e.m.i.launch.MavenLaunchDelegate - Run build in "C:\Users\hp\Desktop\CMP404 Urban Flow Project\districtservice":
2026-05-03 19:12:36,821 [Worker-88: Web App 'urbanflow-district-service' deployment] INFO  o.e.m.i.launch.MavenLaunchDelegate -  mvn  -B -Dstyle.color=always package
2026-05-03 19:26:07,194 [Worker-87: Building] INFO  o.a.m.s.f.DefaultMavenResourcesFiltering - Copying 1 resource from src\main\resources to target\classes
2026-05-03 19:26:07,229 [Worker-87: Building] INFO  o.a.m.s.f.DefaultMavenResourcesFiltering - Copying 0 resource from src\main\resources to target\classes
2026-05-03 19:26:07,255 [Worker-87: Building] INFO  o.a.m.s.f.DefaultMavenResourcesFiltering - skip non existing resourceDirectory C:\Users\hp\Desktop\CMP404 Urban Flow Project\districtservice\src\test\resources
2026-05-03 19:26:07,256 [Worker-87: Building] WARN  o.apache.maven.project.MavenProject - Plugin is modifying compileSourceRoots through clear(), which will not work in Maven 4.0.0. Use MavenProject.addCompileSourceRoot()/removeCompileSourceRoot() methods instead. If using a plugin, please upgrade to the latest version or report the issue to the plugin maintainer. To disable these warnings, set -Dmaven.project.sourceRoots.warningsDisabled=true on the command line, in the .mvn/maven.config file, or in project POM properties.
2026-05-03 19:26:07,264 [Worker-87: Building] WARN  o.apache.maven.project.MavenProject - Plugin is modifying compileSourceRoots through add(), which will not work in Maven 4.0.0. Use MavenProject.addCompileSourceRoot()/removeCompileSourceRoot() methods instead. If using a plugin, please upgrade to the latest version or report the issue to the plugin maintainer. To disable these warnings, set -Dmaven.project.sourceRoots.warningsDisabled=true on the command line, in the .mvn/maven.config file, or in project POM properties.
2026-05-03 19:26:07,267 [Worker-87: Building] WARN  o.apache.maven.project.MavenProject - Plugin is modifying testCompileSourceRoots through clear(), which will not work in Maven 4.0.0. Use MavenProject.addTestCompileSourceRoot()/removeTestCompileSourceRoot() methods instead. If using a plugin, please upgrade to the latest version or report the issue to the plugin maintainer. To disable these warnings, set -Dmaven.project.sourceRoots.warningsDisabled=true on the command line, in the .mvn/maven.config file, or in project POM properties.
2026-05-03 19:26:07,269 [Worker-87: Building] WARN  o.apache.maven.project.MavenProject - Plugin is modifying testCompileSourceRoots through add(), which will not work in Maven 4.0.0. Use MavenProject.addTestCompileSourceRoot()/removeTestCompileSourceRoot() methods instead. If using a plugin, please upgrade to the latest version or report the issue to the plugin maintainer. To disable these warnings, set -Dmaven.project.sourceRoots.warningsDisabled=true on the command line, in the .mvn/maven.config file, or in project POM properties.
2026-05-03 19:26:21,170 [Worker-88: Building] INFO  o.a.m.s.f.DefaultMavenResourcesFiltering - Copying 1 resource from src\main\resources to target\classes
2026-05-03 19:26:21,183 [Worker-88: Building] INFO  o.a.m.s.f.DefaultMavenResourcesFiltering - Copying 0 resource from src\main\resources to target\classes
2026-05-03 19:26:21,192 [Worker-88: Building] INFO  o.a.m.s.f.DefaultMavenResourcesFiltering - skip non existing resourceDirectory C:\Users\hp\Desktop\CMP404 Urban Flow Project\districtservice\src\test\resources
2026-05-03 19:26:21,193 [Worker-88: Building] WARN  o.apache.maven.project.MavenProject - Plugin is modifying compileSourceRoots through clear(), which will not work in Maven 4.0.0. Use MavenProject.addCompileSourceRoot()/removeCompileSourceRoot() methods instead. If using a plugin, please upgrade to the latest version or report the issue to the plugin maintainer. To disable these warnings, set -Dmaven.project.sourceRoots.warningsDisabled=true on the command line, in the .mvn/maven.config file, or in project POM properties.
2026-05-03 19:26:21,195 [Worker-88: Building] WARN  o.apache.maven.project.MavenProject - Plugin is modifying compileSourceRoots through add(), which will not work in Maven 4.0.0. Use MavenProject.addCompileSourceRoot()/removeCompileSourceRoot() methods instead. If using a plugin, please upgrade to the latest version or report the issue to the plugin maintainer. To disable these warnings, set -Dmaven.project.sourceRoots.warningsDisabled=true on the command line, in the .mvn/maven.config file, or in project POM properties.
2026-05-03 19:26:21,197 [Worker-88: Building] WARN  o.apache.maven.project.MavenProject - Plugin is modifying testCompileSourceRoots through clear(), which will not work in Maven 4.0.0. Use MavenProject.addTestCompileSourceRoot()/removeTestCompileSourceRoot() methods instead. If using a plugin, please upgrade to the latest version or report the issue to the plugin maintainer. To disable these warnings, set -Dmaven.project.sourceRoots.warningsDisabled=true on the command line, in the .mvn/maven.config file, or in project POM properties.
2026-05-03 19:26:21,198 [Worker-88: Building] WARN  o.apache.maven.project.MavenProject - Plugin is modifying testCompileSourceRoots through add(), which will not work in Maven 4.0.0. Use MavenProject.addTestCompileSourceRoot()/removeTestCompileSourceRoot() methods instead. If using a plugin, please upgrade to the latest version or report the issue to the plugin maintainer. To disable these warnings, set -Dmaven.project.sourceRoots.warningsDisabled=true on the command line, in the .mvn/maven.config file, or in project POM properties.
2026-05-03 19:35:12,526 [Worker-95: Web App 'urbanflow-district-service' deployment] INFO  o.eclipse.m2e.core.internal.Bundles - getClasspathEntries(Bundle=org.eclipse.m2e.maven.runtime_3.9.1200.20260112-2306 [648])
2026-05-03 19:35:12,527 [Worker-95: Web App 'urbanflow-district-service' deployment] INFO  o.eclipse.m2e.core.internal.Bundles - 	Entry: C:\Users\hp\.p2\pool\plugins\org.eclipse.m2e.maven.runtime_3.9.1200.20260112-2306
2026-05-03 19:35:12,528 [Worker-95: Web App 'urbanflow-district-service' deployment] INFO  o.eclipse.m2e.core.internal.Bundles - 	Entry: C:\Users\hp\.p2\pool\plugins\org.eclipse.m2e.maven.runtime_3.9.1200.20260112-2306\jars\aopalliance-1.0.jar
2026-05-03 19:35:12,528 [Worker-95: Web App 'urbanflow-district-service' deployment] INFO  o.eclipse.m2e.core.internal.Bundles - 	Entry: C:\Users\hp\.p2\pool\plugins\org.eclipse.m2e.maven.runtime_3.9.1200.20260112-2306\jars\asm-9.9.jar
2026-05-03 19:35:12,528 [Worker-95: Web App 'urbanflow-district-service' deployment] INFO  o.eclipse.m2e.core.internal.Bundles - 	Entry: C:\Users\hp\.p2\pool\plugins\org.eclipse.m2e.maven.runtime_3.9.1200.20260112-2306\jars\error_prone_annotations-2.41.0.jar
2026-05-03 19:35:12,528 [Worker-95: Web App 'urbanflow-district-service' deployment] INFO  o.eclipse.m2e.core.internal.Bundles - 	Entry: C:\Users\hp\.p2\pool\plugins\org.eclipse.m2e.maven.runtime_3.9.1200.20260112-2306\jars\gson-2.13.2.jar
2026-05-03 19:35:12,528 [Worker-95: Web App 'urbanflow-district-service' deployment] INFO  o.eclipse.m2e.core.internal.Bundles - 	Entry: C:\Users\hp\.p2\pool\plugins\org.eclipse.m2e.maven.runtime_3.9.1200.20260112-2306\jars\guice-5.1.0-classes.jar
2026-05-03 19:35:12,529 [Worker-95: Web App 'urbanflow-district-service' deployment] INFO  o.eclipse.m2e.core.internal.Bundles - 	Entry: C:\Users\hp\.p2\pool\plugins\org.eclipse.m2e.maven.runtime_3.9.1200.20260112-2306\jars\httpclient-4.5.14.jar
2026-05-03 19:35:12,532 [Worker-95: Web App 'urbanflow-district-service' deployment] INFO  o.eclipse.m2e.core.internal.Bundles - 	Entry: C:\Users\hp\.p2\pool\plugins\org.eclipse.m2e.maven.runtime_3.9.1200.20260112-2306\jars\httpcore-4.4.16.jar
2026-05-03 19:35:12,533 [Worker-95: Web App 'urbanflow-district-service' deployment] INFO  o.eclipse.m2e.core.internal.Bundles - 	Entry: C:\Users\hp\.p2\pool\plugins\org.eclipse.m2e.maven.runtime_3.9.1200.20260112-2306\jars\jansi-2.4.2.jar
2026-05-03 19:35:12,533 [Worker-95: Web App 'urbanflow-district-service' deployment] INFO  o.eclipse.m2e.core.internal.Bundles - 	Entry: C:\Users\hp\.p2\pool\plugins\org.eclipse.m2e.maven.runtime_3.9.1200.20260112-2306\jars\jcl-over-slf4j-1.7.36.jar
2026-05-03 19:35:12,533 [Worker-95: Web App 'urbanflow-district-service' deployment] INFO  o.eclipse.m2e.core.internal.Bundles - 	Entry: C:\Users\hp\.p2\pool\plugins\org.eclipse.m2e.maven.runtime_3.9.1200.20260112-2306\jars\maven-artifact-3.9.12.jar
2026-05-03 19:35:12,534 [Worker-95: Web App 'urbanflow-district-service' deployment] INFO  o.eclipse.m2e.core.internal.Bundles - 	Entry: C:\Users\hp\.p2\pool\plugins\org.eclipse.m2e.maven.runtime_3.9.1200.20260112-2306\jars\maven-builder-support-3.9.12.jar
2026-05-03 19:35:12,534 [Worker-95: Web App 'urbanflow-district-service' deployment] INFO  o.eclipse.m2e.core.internal.Bundles - 	Entry: C:\Users\hp\.p2\pool\plugins\org.eclipse.m2e.maven.runtime_3.9.1200.20260112-2306\jars\maven-compat-3.9.12.jar
2026-05-03 19:35:12,534 [Worker-95: Web App 'urbanflow-district-service' deployment] INFO  o.eclipse.m2e.core.internal.Bundles - 	Entry: C:\Users\hp\.p2\pool\plugins\org.eclipse.m2e.maven.runtime_3.9.1200.20260112-2306\jars\maven-core-3.9.12.jar
2026-05-03 19:35:12,535 [Worker-95: Web App 'urbanflow-district-service' deployment] INFO  o.eclipse.m2e.core.internal.Bundles - 	Entry: C:\Users\hp\.p2\pool\plugins\org.eclipse.m2e.maven.runtime_3.9.1200.20260112-2306\jars\maven-embedder-3.9.12.jar
2026-05-03 19:35:12,535 [Worker-95: Web App 'urbanflow-district-service' deployment] INFO  o.eclipse.m2e.core.internal.Bundles - 	Entry: C:\Users\hp\.p2\pool\plugins\org.eclipse.m2e.maven.runtime_3.9.1200.20260112-2306\jars\maven-model-3.9.12.jar
2026-05-03 19:35:12,535 [Worker-95: Web App 'urbanflow-district-service' deployment] INFO  o.eclipse.m2e.core.internal.Bundles - 	Entry: C:\Users\hp\.p2\pool\plugins\org.eclipse.m2e.maven.runtime_3.9.1200.20260112-2306\jars\maven-model-builder-3.9.12.jar
2026-05-03 19:35:12,536 [Worker-95: Web App 'urbanflow-district-service' deployment] INFO  o.eclipse.m2e.core.internal.Bundles - 	Entry: C:\Users\hp\.p2\pool\plugins\org.eclipse.m2e.maven.runtime_3.9.1200.20260112-2306\jars\maven-plugin-api-3.9.12.jar
2026-05-03 19:35:12,536 [Worker-95: Web App 'urbanflow-district-service' deployment] INFO  o.eclipse.m2e.core.internal.Bundles - 	Entry: C:\Users\hp\.p2\pool\plugins\org.eclipse.m2e.maven.runtime_3.9.1200.20260112-2306\jars\maven-repository-metadata-3.9.12.jar
2026-05-03 19:35:12,537 [Worker-95: Web App 'urbanflow-district-service' deployment] INFO  o.eclipse.m2e.core.internal.Bundles - 	Entry: C:\Users\hp\.p2\pool\plugins\org.eclipse.m2e.maven.runtime_3.9.1200.20260112-2306\jars\maven-resolver-api-1.9.25.jar
2026-05-03 19:35:12,537 [Worker-95: Web App 'urbanflow-district-service' deployment] INFO  o.eclipse.m2e.core.internal.Bundles - 	Entry: C:\Users\hp\.p2\pool\plugins\org.eclipse.m2e.maven.runtime_3.9.1200.20260112-2306\jars\maven-resolver-connector-basic-1.9.25.jar
2026-05-03 19:35:12,537 [Worker-95: Web App 'urbanflow-district-service' deployment] INFO  o.eclipse.m2e.core.internal.Bundles - 	Entry: C:\Users\hp\.p2\pool\plugins\org.eclipse.m2e.maven.runtime_3.9.1200.20260112-2306\jars\maven-resolver-impl-1.9.25.jar
2026-05-03 19:35:12,538 [Worker-95: Web App 'urbanflow-district-service' deployment] INFO  o.eclipse.m2e.core.internal.Bundles - 	Entry: C:\Users\hp\.p2\pool\plugins\org.eclipse.m2e.maven.runtime_3.9.1200.20260112-2306\jars\maven-resolver-named-locks-1.9.25.jar
2026-05-03 19:35:12,538 [Worker-95: Web App 'urbanflow-district-service' deployment] INFO  o.eclipse.m2e.core.internal.Bundles - 	Entry: C:\Users\hp\.p2\pool\plugins\org.eclipse.m2e.maven.runtime_3.9.1200.20260112-2306\jars\maven-resolver-provider-3.9.12.jar
2026-05-03 19:35:12,538 [Worker-95: Web App 'urbanflow-district-service' deployment] INFO  o.eclipse.m2e.core.internal.Bundles - 	Entry: C:\Users\hp\.p2\pool\plugins\org.eclipse.m2e.maven.runtime_3.9.1200.20260112-2306\jars\maven-resolver-spi-1.9.25.jar
2026-05-03 19:35:12,538 [Worker-95: Web App 'urbanflow-district-service' deployment] INFO  o.eclipse.m2e.core.internal.Bundles - 	Entry: C:\Users\hp\.p2\pool\plugins\org.eclipse.m2e.maven.runtime_3.9.1200.20260112-2306\jars\maven-resolver-transport-file-1.9.25.jar
2026-05-03 19:35:12,539 [Worker-95: Web App 'urbanflow-district-service' deployment] INFO  o.eclipse.m2e.core.internal.Bundles - 	Entry: C:\Users\hp\.p2\pool\plugins\org.eclipse.m2e.maven.runtime_3.9.1200.20260112-2306\jars\maven-resolver-transport-http-1.9.25.jar
2026-05-03 19:35:12,539 [Worker-95: Web App 'urbanflow-district-service' deployment] INFO  o.eclipse.m2e.core.internal.Bundles - 	Entry: C:\Users\hp\.p2\pool\plugins\org.eclipse.m2e.maven.runtime_3.9.1200.20260112-2306\jars\maven-resolver-transport-wagon-1.9.25.jar
2026-05-03 19:35:12,539 [Worker-95: Web App 'urbanflow-district-service' deployment] INFO  o.eclipse.m2e.core.internal.Bundles - 	Entry: C:\Users\hp\.p2\pool\plugins\org.eclipse.m2e.maven.runtime_3.9.1200.20260112-2306\jars\maven-resolver-util-1.9.25.jar
2026-05-03 19:35:12,540 [Worker-95: Web App 'urbanflow-district-service' deployment] INFO  o.eclipse.m2e.core.internal.Bundles - 	Entry: C:\Users\hp\.p2\pool\plugins\org.eclipse.m2e.maven.runtime_3.9.1200.20260112-2306\jars\maven-settings-3.9.12.jar
2026-05-03 19:35:12,540 [Worker-95: Web App 'urbanflow-district-service' deployment] INFO  o.eclipse.m2e.core.internal.Bundles - 	Entry: C:\Users\hp\.p2\pool\plugins\org.eclipse.m2e.maven.runtime_3.9.1200.20260112-2306\jars\maven-settings-builder-3.9.12.jar
2026-05-03 19:35:12,541 [Worker-95: Web App 'urbanflow-district-service' deployment] INFO  o.eclipse.m2e.core.internal.Bundles - 	Entry: C:\Users\hp\.p2\pool\plugins\org.eclipse.m2e.maven.runtime_3.9.1200.20260112-2306\jars\maven-shared-utils-3.4.2.jar
2026-05-03 19:35:12,541 [Worker-95: Web App 'urbanflow-district-service' deployment] INFO  o.eclipse.m2e.core.internal.Bundles - 	Entry: C:\Users\hp\.p2\pool\plugins\org.eclipse.m2e.maven.runtime_3.9.1200.20260112-2306\jars\org.eclipse.sisu.inject-0.9.0.M4.jar
2026-05-03 19:35:12,541 [Worker-95: Web App 'urbanflow-district-service' deployment] INFO  o.eclipse.m2e.core.internal.Bundles - 	Entry: C:\Users\hp\.p2\pool\plugins\org.eclipse.m2e.maven.runtime_3.9.1200.20260112-2306\jars\org.eclipse.sisu.plexus-0.9.0.M4.jar
2026-05-03 19:35:12,542 [Worker-95: Web App 'urbanflow-district-service' deployment] INFO  o.eclipse.m2e.core.internal.Bundles - 	Entry: C:\Users\hp\.p2\pool\plugins\org.eclipse.m2e.maven.runtime_3.9.1200.20260112-2306\jars\plexus-build-api-0.0.7.jar
2026-05-03 19:35:12,542 [Worker-95: Web App 'urbanflow-district-service' deployment] INFO  o.eclipse.m2e.core.internal.Bundles - 	Entry: C:\Users\hp\.p2\pool\plugins\org.eclipse.m2e.maven.runtime_3.9.1200.20260112-2306\jars\plexus-build-api-1.2.0.jar
2026-05-03 19:35:12,542 [Worker-95: Web App 'urbanflow-district-service' deployment] INFO  o.eclipse.m2e.core.internal.Bundles - 	Entry: C:\Users\hp\.p2\pool\plugins\org.eclipse.m2e.maven.runtime_3.9.1200.20260112-2306\jars\plexus-cipher-2.0.jar
2026-05-03 19:35:12,542 [Worker-95: Web App 'urbanflow-district-service' deployment] INFO  o.eclipse.m2e.core.internal.Bundles - 	Entry: C:\Users\hp\.p2\pool\plugins\org.eclipse.m2e.maven.runtime_3.9.1200.20260112-2306\jars\plexus-classworlds-2.9.0.jar
2026-05-03 19:35:12,542 [Worker-95: Web App 'urbanflow-district-service' deployment] INFO  o.eclipse.m2e.core.internal.Bundles - 	Entry: C:\Users\hp\.p2\pool\plugins\org.eclipse.m2e.maven.runtime_3.9.1200.20260112-2306\jars\plexus-component-annotations-2.2.0.jar
2026-05-03 19:35:12,543 [Worker-95: Web App 'urbanflow-district-service' deployment] INFO  o.eclipse.m2e.core.internal.Bundles - 	Entry: C:\Users\hp\.p2\pool\plugins\org.eclipse.m2e.maven.runtime_3.9.1200.20260112-2306\jars\plexus-interpolation-1.29.jar
2026-05-03 19:35:12,543 [Worker-95: Web App 'urbanflow-district-service' deployment] INFO  o.eclipse.m2e.core.internal.Bundles - 	Entry: C:\Users\hp\.p2\pool\plugins\org.eclipse.m2e.maven.runtime_3.9.1200.20260112-2306\jars\plexus-sec-dispatcher-2.0.jar
2026-05-03 19:35:12,545 [Worker-95: Web App 'urbanflow-district-service' deployment] INFO  o.eclipse.m2e.core.internal.Bundles - 	Entry: C:\Users\hp\.p2\pool\plugins\org.eclipse.m2e.maven.runtime_3.9.1200.20260112-2306\jars\plexus-utils-3.6.0.jar
2026-05-03 19:35:12,545 [Worker-95: Web App 'urbanflow-district-service' deployment] INFO  o.eclipse.m2e.core.internal.Bundles - 	Entry: C:\Users\hp\.p2\pool\plugins\org.eclipse.m2e.maven.runtime_3.9.1200.20260112-2306\jars\wagon-file-3.5.3.jar
2026-05-03 19:35:12,545 [Worker-95: Web App 'urbanflow-district-service' deployment] INFO  o.eclipse.m2e.core.internal.Bundles - 	Entry: C:\Users\hp\.p2\pool\plugins\org.eclipse.m2e.maven.runtime_3.9.1200.20260112-2306\jars\wagon-http-3.5.3.jar
2026-05-03 19:35:12,545 [Worker-95: Web App 'urbanflow-district-service' deployment] INFO  o.eclipse.m2e.core.internal.Bundles - 	Entry: C:\Users\hp\.p2\pool\plugins\org.eclipse.m2e.maven.runtime_3.9.1200.20260112-2306\jars\wagon-http-shared-3.5.3.jar
2026-05-03 19:35:12,545 [Worker-95: Web App 'urbanflow-district-service' deployment] INFO  o.eclipse.m2e.core.internal.Bundles - 	Entry: C:\Users\hp\.p2\pool\plugins\org.eclipse.m2e.maven.runtime_3.9.1200.20260112-2306\jars\wagon-provider-api-3.5.3.jar
2026-05-03 19:35:12,545 [Worker-95: Web App 'urbanflow-district-service' deployment] INFO  o.eclipse.m2e.core.internal.Bundles - getClasspathEntries(Bundle=com.google.guava_33.5.0.jre [18])
2026-05-03 19:35:12,547 [Worker-95: Web App 'urbanflow-district-service' deployment] INFO  o.eclipse.m2e.core.internal.Bundles - 	Entry: C:\Users\hp\.p2\pool\plugins\com.google.guava_33.5.0.jre.jar
2026-05-03 19:35:12,548 [Worker-95: Web App 'urbanflow-district-service' deployment] INFO  o.eclipse.m2e.core.internal.Bundles - getClasspathEntries(Bundle=slf4j.api_2.0.17 [1013])
2026-05-03 19:35:12,549 [Worker-95: Web App 'urbanflow-district-service' deployment] INFO  o.eclipse.m2e.core.internal.Bundles - 	Entry: C:\Users\hp\.p2\pool\plugins\slf4j.api_2.0.17.jar
2026-05-03 19:35:12,549 [Worker-95: Web App 'urbanflow-district-service' deployment] INFO  o.eclipse.m2e.core.internal.Bundles - getClasspathEntries(Bundle=jakarta.inject.jakarta.inject-api_1.0.5 [35])
2026-05-03 19:35:12,549 [Worker-95: Web App 'urbanflow-district-service' deployment] INFO  o.eclipse.m2e.core.internal.Bundles - 	Entry: C:\Users\hp\.p2\pool\plugins\jakarta.inject.jakarta.inject-api_1.0.5.jar
2026-05-03 19:35:12,549 [Worker-95: Web App 'urbanflow-district-service' deployment] INFO  o.eclipse.m2e.core.internal.Bundles - getClasspathEntries(Bundle=jakarta.annotation-api_1.3.5 [31])
2026-05-03 19:35:12,551 [Worker-95: Web App 'urbanflow-district-service' deployment] INFO  o.eclipse.m2e.core.internal.Bundles - 	Entry: C:\Users\hp\.p2\pool\plugins\jakarta.annotation-api_1.3.5.jar
2026-05-03 19:35:12,551 [Worker-95: Web App 'urbanflow-district-service' deployment] INFO  o.eclipse.m2e.core.internal.Bundles - getClasspathEntries(Bundle=org.apache.commons.cli_1.11.0 [83])
2026-05-03 19:35:12,551 [Worker-95: Web App 'urbanflow-district-service' deployment] INFO  o.eclipse.m2e.core.internal.Bundles - 	Entry: C:\Users\hp\.p2\pool\plugins\org.apache.commons.cli_1.11.0.jar
2026-05-03 19:35:12,551 [Worker-95: Web App 'urbanflow-district-service' deployment] INFO  o.eclipse.m2e.core.internal.Bundles - getClasspathEntries(Bundle=org.apache.commons.commons-codec_1.21.0 [85])
2026-05-03 19:35:12,552 [Worker-95: Web App 'urbanflow-district-service' deployment] INFO  o.eclipse.m2e.core.internal.Bundles - 	Entry: C:\Users\hp\.p2\pool\plugins\org.apache.commons.commons-codec_1.21.0.jar
2026-05-03 19:35:12,552 [Worker-95: Web App 'urbanflow-district-service' deployment] INFO  o.eclipse.m2e.core.internal.Bundles - getClasspathEntries(Bundle=com.google.guava.failureaccess_1.0.3 [19])
2026-05-03 19:35:12,552 [Worker-95: Web App 'urbanflow-district-service' deployment] INFO  o.eclipse.m2e.core.internal.Bundles - 	Entry: C:\Users\hp\.p2\pool\plugins\com.google.guava.failureaccess_1.0.3.jar
2026-05-03 19:35:12,555 [Worker-95: Web App 'urbanflow-district-service' deployment] INFO  o.e.m.i.launch.MavenLaunchDelegate - Run build in "C:\Users\hp\Desktop\CMP404 Urban Flow Project\districtservice":
2026-05-03 19:35:12,556 [Worker-95: Web App 'urbanflow-district-service' deployment] INFO  o.e.m.i.launch.MavenLaunchDelegate -  mvn  -B -Dstyle.color=always package
2026-05-03 19:59:16,105 [Worker-98: Updating Maven Project] INFO  o.e.m.c.i.p.ProjectConfigurationManager - Update started
2026-05-03 19:59:18,548 [Worker-98: Updating Maven Project] INFO  o.e.m.c.i.l.LifecycleMappingFactory - Using org.eclipse.m2e.jdt.JarLifecycleMapping lifecycle mapping for MavenProject: com.example:districtservice:0.0.1-SNAPSHOT @ C:\Users\hp\Desktop\CMP404 Urban Flow Project\districtservice\pom.xml.
2026-05-03 19:59:26,708 [Worker-98: Updating Maven Project] INFO  o.e.m.j.i.AbstractJavaProjectConfigurator - Adding source folder /districtservice/src/main/java
2026-05-03 19:59:26,721 [Worker-98: Updating Maven Project] INFO  o.e.m.j.i.AbstractJavaProjectConfigurator - Adding resource folder /districtservice/src/main/resources
2026-05-03 19:59:26,722 [Worker-98: Updating Maven Project] INFO  o.e.m.j.i.AbstractJavaProjectConfigurator - Adding resource folder /districtservice/src/main/resources
2026-05-03 19:59:26,727 [Worker-98: Updating Maven Project] INFO  o.e.m.j.i.AbstractJavaProjectConfigurator - Adding source folder /districtservice/src/test/java
2026-05-03 19:59:26,732 [Worker-98: Updating Maven Project] INFO  o.e.m.j.i.AbstractJavaProjectConfigurator - Adding resource folder /districtservice/src/test/resources
2026-05-03 19:59:29,244 [Worker-98: Updating Maven Project] WARN  o.apache.maven.project.MavenProject - Plugin is modifying compileSourceRoots through clear(), which will not work in Maven 4.0.0. Use MavenProject.addCompileSourceRoot()/removeCompileSourceRoot() methods instead. If using a plugin, please upgrade to the latest version or report the issue to the plugin maintainer. To disable these warnings, set -Dmaven.project.sourceRoots.warningsDisabled=true on the command line, in the .mvn/maven.config file, or in project POM properties.
2026-05-03 19:59:29,268 [Worker-98: Updating Maven Project] WARN  o.apache.maven.project.MavenProject - Plugin is modifying compileSourceRoots through add(), which will not work in Maven 4.0.0. Use MavenProject.addCompileSourceRoot()/removeCompileSourceRoot() methods instead. If using a plugin, please upgrade to the latest version or report the issue to the plugin maintainer. To disable these warnings, set -Dmaven.project.sourceRoots.warningsDisabled=true on the command line, in the .mvn/maven.config file, or in project POM properties.
2026-05-03 19:59:29,273 [Worker-98: Updating Maven Project] WARN  o.apache.maven.project.MavenProject - Plugin is modifying testCompileSourceRoots through clear(), which will not work in Maven 4.0.0. Use MavenProject.addTestCompileSourceRoot()/removeTestCompileSourceRoot() methods instead. If using a plugin, please upgrade to the latest version or report the issue to the plugin maintainer. To disable these warnings, set -Dmaven.project.sourceRoots.warningsDisabled=true on the command line, in the .mvn/maven.config file, or in project POM properties.
2026-05-03 19:59:29,286 [Worker-98: Updating Maven Project] WARN  o.apache.maven.project.MavenProject - Plugin is modifying testCompileSourceRoots through add(), which will not work in Maven 4.0.0. Use MavenProject.addTestCompileSourceRoot()/removeTestCompileSourceRoot() methods instead. If using a plugin, please upgrade to the latest version or report the issue to the plugin maintainer. To disable these warnings, set -Dmaven.project.sourceRoots.warningsDisabled=true on the command line, in the .mvn/maven.config file, or in project POM properties.
2026-05-03 19:59:29,996 [Worker-98: Updating Maven Project] INFO  o.e.m.c.i.p.ProjectConfigurationManager - Update completed for 1 poms: local refresh takes 0.00 sec, refresh facades takes 8.00 sec, update config takes 4.00 sec 
2026-05-03 19:59:37,303 [Worker-101: Building] INFO  o.a.m.s.f.DefaultMavenResourcesFiltering - Copying 1 resource from src\main\resources to target\classes
2026-05-03 19:59:38,742 [Worker-101: Building] INFO  o.a.m.s.f.DefaultMavenResourcesFiltering - Copying 0 resource from src\main\resources to target\classes
2026-05-03 19:59:38,772 [Worker-101: Building] INFO  o.a.m.s.f.DefaultMavenResourcesFiltering - skip non existing resourceDirectory C:\Users\hp\Desktop\CMP404 Urban Flow Project\districtservice\src\test\resources
2026-05-03 19:59:39,387 [Worker-101: Building] WARN  o.apache.maven.project.MavenProject - Plugin is modifying compileSourceRoots through clear(), which will not work in Maven 4.0.0. Use MavenProject.addCompileSourceRoot()/removeCompileSourceRoot() methods instead. If using a plugin, please upgrade to the latest version or report the issue to the plugin maintainer. To disable these warnings, set -Dmaven.project.sourceRoots.warningsDisabled=true on the command line, in the .mvn/maven.config file, or in project POM properties.
2026-05-03 19:59:39,388 [Worker-101: Building] WARN  o.apache.maven.project.MavenProject - Plugin is modifying compileSourceRoots through add(), which will not work in Maven 4.0.0. Use MavenProject.addCompileSourceRoot()/removeCompileSourceRoot() methods instead. If using a plugin, please upgrade to the latest version or report the issue to the plugin maintainer. To disable these warnings, set -Dmaven.project.sourceRoots.warningsDisabled=true on the command line, in the .mvn/maven.config file, or in project POM properties.
2026-05-03 19:59:39,405 [Worker-101: Building] WARN  o.apache.maven.project.MavenProject - Plugin is modifying testCompileSourceRoots through clear(), which will not work in Maven 4.0.0. Use MavenProject.addTestCompileSourceRoot()/removeTestCompileSourceRoot() methods instead. If using a plugin, please upgrade to the latest version or report the issue to the plugin maintainer. To disable these warnings, set -Dmaven.project.sourceRoots.warningsDisabled=true on the command line, in the .mvn/maven.config file, or in project POM properties.
2026-05-03 19:59:39,418 [Worker-101: Building] WARN  o.apache.maven.project.MavenProject - Plugin is modifying testCompileSourceRoots through add(), which will not work in Maven 4.0.0. Use MavenProject.addTestCompileSourceRoot()/removeTestCompileSourceRoot() methods instead. If using a plugin, please upgrade to the latest version or report the issue to the plugin maintainer. To disable these warnings, set -Dmaven.project.sourceRoots.warningsDisabled=true on the command line, in the .mvn/maven.config file, or in project POM properties.
2026-05-03 20:00:54,507 [Worker-102: Web App 'urbanflow-district-service' deployment] INFO  o.eclipse.m2e.core.internal.Bundles - getClasspathEntries(Bundle=org.eclipse.m2e.maven.runtime_3.9.1200.20260112-2306 [648])
2026-05-03 20:00:54,509 [Worker-102: Web App 'urbanflow-district-service' deployment] INFO  o.eclipse.m2e.core.internal.Bundles - 	Entry: C:\Users\hp\.p2\pool\plugins\org.eclipse.m2e.maven.runtime_3.9.1200.20260112-2306
2026-05-03 20:00:54,510 [Worker-102: Web App 'urbanflow-district-service' deployment] INFO  o.eclipse.m2e.core.internal.Bundles - 	Entry: C:\Users\hp\.p2\pool\plugins\org.eclipse.m2e.maven.runtime_3.9.1200.20260112-2306\jars\aopalliance-1.0.jar
2026-05-03 20:00:54,510 [Worker-102: Web App 'urbanflow-district-service' deployment] INFO  o.eclipse.m2e.core.internal.Bundles - 	Entry: C:\Users\hp\.p2\pool\plugins\org.eclipse.m2e.maven.runtime_3.9.1200.20260112-2306\jars\asm-9.9.jar
2026-05-03 20:00:54,511 [Worker-102: Web App 'urbanflow-district-service' deployment] INFO  o.eclipse.m2e.core.internal.Bundles - 	Entry: C:\Users\hp\.p2\pool\plugins\org.eclipse.m2e.maven.runtime_3.9.1200.20260112-2306\jars\error_prone_annotations-2.41.0.jar
2026-05-03 20:00:54,511 [Worker-102: Web App 'urbanflow-district-service' deployment] INFO  o.eclipse.m2e.core.internal.Bundles - 	Entry: C:\Users\hp\.p2\pool\plugins\org.eclipse.m2e.maven.runtime_3.9.1200.20260112-2306\jars\gson-2.13.2.jar
2026-05-03 20:00:54,512 [Worker-102: Web App 'urbanflow-district-service' deployment] INFO  o.eclipse.m2e.core.internal.Bundles - 	Entry: C:\Users\hp\.p2\pool\plugins\org.eclipse.m2e.maven.runtime_3.9.1200.20260112-2306\jars\guice-5.1.0-classes.jar
2026-05-03 20:00:54,512 [Worker-102: Web App 'urbanflow-district-service' deployment] INFO  o.eclipse.m2e.core.internal.Bundles - 	Entry: C:\Users\hp\.p2\pool\plugins\org.eclipse.m2e.maven.runtime_3.9.1200.20260112-2306\jars\httpclient-4.5.14.jar
2026-05-03 20:00:54,512 [Worker-102: Web App 'urbanflow-district-service' deployment] INFO  o.eclipse.m2e.core.internal.Bundles - 	Entry: C:\Users\hp\.p2\pool\plugins\org.eclipse.m2e.maven.runtime_3.9.1200.20260112-2306\jars\httpcore-4.4.16.jar
2026-05-03 20:00:54,513 [Worker-102: Web App 'urbanflow-district-service' deployment] INFO  o.eclipse.m2e.core.internal.Bundles - 	Entry: C:\Users\hp\.p2\pool\plugins\org.eclipse.m2e.maven.runtime_3.9.1200.20260112-2306\jars\jansi-2.4.2.jar
2026-05-03 20:00:54,513 [Worker-102: Web App 'urbanflow-district-service' deployment] INFO  o.eclipse.m2e.core.internal.Bundles - 	Entry: C:\Users\hp\.p2\pool\plugins\org.eclipse.m2e.maven.runtime_3.9.1200.20260112-2306\jars\jcl-over-slf4j-1.7.36.jar
2026-05-03 20:00:54,513 [Worker-102: Web App 'urbanflow-district-service' deployment] INFO  o.eclipse.m2e.core.internal.Bundles - 	Entry: C:\Users\hp\.p2\pool\plugins\org.eclipse.m2e.maven.runtime_3.9.1200.20260112-2306\jars\maven-artifact-3.9.12.jar
2026-05-03 20:00:54,513 [Worker-102: Web App 'urbanflow-district-service' deployment] INFO  o.eclipse.m2e.core.internal.Bundles - 	Entry: C:\Users\hp\.p2\pool\plugins\org.eclipse.m2e.maven.runtime_3.9.1200.20260112-2306\jars\maven-builder-support-3.9.12.jar
2026-05-03 20:00:54,514 [Worker-102: Web App 'urbanflow-district-service' deployment] INFO  o.eclipse.m2e.core.internal.Bundles - 	Entry: C:\Users\hp\.p2\pool\plugins\org.eclipse.m2e.maven.runtime_3.9.1200.20260112-2306\jars\maven-compat-3.9.12.jar
2026-05-03 20:00:54,514 [Worker-102: Web App 'urbanflow-district-service' deployment] INFO  o.eclipse.m2e.core.internal.Bundles - 	Entry: C:\Users\hp\.p2\pool\plugins\org.eclipse.m2e.maven.runtime_3.9.1200.20260112-2306\jars\maven-core-3.9.12.jar
2026-05-03 20:00:54,514 [Worker-102: Web App 'urbanflow-district-service' deployment] INFO  o.eclipse.m2e.core.internal.Bundles - 	Entry: C:\Users\hp\.p2\pool\plugins\org.eclipse.m2e.maven.runtime_3.9.1200.20260112-2306\jars\maven-embedder-3.9.12.jar
2026-05-03 20:00:54,515 [Worker-102: Web App 'urbanflow-district-service' deployment] INFO  o.eclipse.m2e.core.internal.Bundles - 	Entry: C:\Users\hp\.p2\pool\plugins\org.eclipse.m2e.maven.runtime_3.9.1200.20260112-2306\jars\maven-model-3.9.12.jar
2026-05-03 20:00:54,515 [Worker-102: Web App 'urbanflow-district-service' deployment] INFO  o.eclipse.m2e.core.internal.Bundles - 	Entry: C:\Users\hp\.p2\pool\plugins\org.eclipse.m2e.maven.runtime_3.9.1200.20260112-2306\jars\maven-model-builder-3.9.12.jar
2026-05-03 20:00:54,516 [Worker-102: Web App 'urbanflow-district-service' deployment] INFO  o.eclipse.m2e.core.internal.Bundles - 	Entry: C:\Users\hp\.p2\pool\plugins\org.eclipse.m2e.maven.runtime_3.9.1200.20260112-2306\jars\maven-plugin-api-3.9.12.jar
2026-05-03 20:00:54,516 [Worker-102: Web App 'urbanflow-district-service' deployment] INFO  o.eclipse.m2e.core.internal.Bundles - 	Entry: C:\Users\hp\.p2\pool\plugins\org.eclipse.m2e.maven.runtime_3.9.1200.20260112-2306\jars\maven-repository-metadata-3.9.12.jar
2026-05-03 20:00:54,516 [Worker-102: Web App 'urbanflow-district-service' deployment] INFO  o.eclipse.m2e.core.internal.Bundles - 	Entry: C:\Users\hp\.p2\pool\plugins\org.eclipse.m2e.maven.runtime_3.9.1200.20260112-2306\jars\maven-resolver-api-1.9.25.jar
2026-05-03 20:00:54,517 [Worker-102: Web App 'urbanflow-district-service' deployment] INFO  o.eclipse.m2e.core.internal.Bundles - 	Entry: C:\Users\hp\.p2\pool\plugins\org.eclipse.m2e.maven.runtime_3.9.1200.20260112-2306\jars\maven-resolver-connector-basic-1.9.25.jar
2026-05-03 20:00:54,517 [Worker-102: Web App 'urbanflow-district-service' deployment] INFO  o.eclipse.m2e.core.internal.Bundles - 	Entry: C:\Users\hp\.p2\pool\plugins\org.eclipse.m2e.maven.runtime_3.9.1200.20260112-2306\jars\maven-resolver-impl-1.9.25.jar
2026-05-03 20:00:54,517 [Worker-102: Web App 'urbanflow-district-service' deployment] INFO  o.eclipse.m2e.core.internal.Bundles - 	Entry: C:\Users\hp\.p2\pool\plugins\org.eclipse.m2e.maven.runtime_3.9.1200.20260112-2306\jars\maven-resolver-named-locks-1.9.25.jar
2026-05-03 20:00:54,517 [Worker-102: Web App 'urbanflow-district-service' deployment] INFO  o.eclipse.m2e.core.internal.Bundles - 	Entry: C:\Users\hp\.p2\pool\plugins\org.eclipse.m2e.maven.runtime_3.9.1200.20260112-2306\jars\maven-resolver-provider-3.9.12.jar
2026-05-03 20:00:54,518 [Worker-102: Web App 'urbanflow-district-service' deployment] INFO  o.eclipse.m2e.core.internal.Bundles - 	Entry: C:\Users\hp\.p2\pool\plugins\org.eclipse.m2e.maven.runtime_3.9.1200.20260112-2306\jars\maven-resolver-spi-1.9.25.jar
2026-05-03 20:00:54,518 [Worker-102: Web App 'urbanflow-district-service' deployment] INFO  o.eclipse.m2e.core.internal.Bundles - 	Entry: C:\Users\hp\.p2\pool\plugins\org.eclipse.m2e.maven.runtime_3.9.1200.20260112-2306\jars\maven-resolver-transport-file-1.9.25.jar
2026-05-03 20:00:54,519 [Worker-102: Web App 'urbanflow-district-service' deployment] INFO  o.eclipse.m2e.core.internal.Bundles - 	Entry: C:\Users\hp\.p2\pool\plugins\org.eclipse.m2e.maven.runtime_3.9.1200.20260112-2306\jars\maven-resolver-transport-http-1.9.25.jar
2026-05-03 20:00:54,520 [Worker-102: Web App 'urbanflow-district-service' deployment] INFO  o.eclipse.m2e.core.internal.Bundles - 	Entry: C:\Users\hp\.p2\pool\plugins\org.eclipse.m2e.maven.runtime_3.9.1200.20260112-2306\jars\maven-resolver-transport-wagon-1.9.25.jar
2026-05-03 20:00:54,520 [Worker-102: Web App 'urbanflow-district-service' deployment] INFO  o.eclipse.m2e.core.internal.Bundles - 	Entry: C:\Users\hp\.p2\pool\plugins\org.eclipse.m2e.maven.runtime_3.9.1200.20260112-2306\jars\maven-resolver-util-1.9.25.jar
2026-05-03 20:00:54,520 [Worker-102: Web App 'urbanflow-district-service' deployment] INFO  o.eclipse.m2e.core.internal.Bundles - 	Entry: C:\Users\hp\.p2\pool\plugins\org.eclipse.m2e.maven.runtime_3.9.1200.20260112-2306\jars\maven-settings-3.9.12.jar
2026-05-03 20:00:54,521 [Worker-102: Web App 'urbanflow-district-service' deployment] INFO  o.eclipse.m2e.core.internal.Bundles - 	Entry: C:\Users\hp\.p2\pool\plugins\org.eclipse.m2e.maven.runtime_3.9.1200.20260112-2306\jars\maven-settings-builder-3.9.12.jar
2026-05-03 20:00:54,521 [Worker-102: Web App 'urbanflow-district-service' deployment] INFO  o.eclipse.m2e.core.internal.Bundles - 	Entry: C:\Users\hp\.p2\pool\plugins\org.eclipse.m2e.maven.runtime_3.9.1200.20260112-2306\jars\maven-shared-utils-3.4.2.jar
2026-05-03 20:00:54,522 [Worker-102: Web App 'urbanflow-district-service' deployment] INFO  o.eclipse.m2e.core.internal.Bundles - 	Entry: C:\Users\hp\.p2\pool\plugins\org.eclipse.m2e.maven.runtime_3.9.1200.20260112-2306\jars\org.eclipse.sisu.inject-0.9.0.M4.jar
2026-05-03 20:00:54,522 [Worker-102: Web App 'urbanflow-district-service' deployment] INFO  o.eclipse.m2e.core.internal.Bundles - 	Entry: C:\Users\hp\.p2\pool\plugins\org.eclipse.m2e.maven.runtime_3.9.1200.20260112-2306\jars\org.eclipse.sisu.plexus-0.9.0.M4.jar
2026-05-03 20:00:54,522 [Worker-102: Web App 'urbanflow-district-service' deployment] INFO  o.eclipse.m2e.core.internal.Bundles - 	Entry: C:\Users\hp\.p2\pool\plugins\org.eclipse.m2e.maven.runtime_3.9.1200.20260112-2306\jars\plexus-build-api-0.0.7.jar
2026-05-03 20:00:54,522 [Worker-102: Web App 'urbanflow-district-service' deployment] INFO  o.eclipse.m2e.core.internal.Bundles - 	Entry: C:\Users\hp\.p2\pool\plugins\org.eclipse.m2e.maven.runtime_3.9.1200.20260112-2306\jars\plexus-build-api-1.2.0.jar
2026-05-03 20:00:54,523 [Worker-102: Web App 'urbanflow-district-service' deployment] INFO  o.eclipse.m2e.core.internal.Bundles - 	Entry: C:\Users\hp\.p2\pool\plugins\org.eclipse.m2e.maven.runtime_3.9.1200.20260112-2306\jars\plexus-cipher-2.0.jar
2026-05-03 20:00:54,523 [Worker-102: Web App 'urbanflow-district-service' deployment] INFO  o.eclipse.m2e.core.internal.Bundles - 	Entry: C:\Users\hp\.p2\pool\plugins\org.eclipse.m2e.maven.runtime_3.9.1200.20260112-2306\jars\plexus-classworlds-2.9.0.jar
2026-05-03 20:00:54,523 [Worker-102: Web App 'urbanflow-district-service' deployment] INFO  o.eclipse.m2e.core.internal.Bundles - 	Entry: C:\Users\hp\.p2\pool\plugins\org.eclipse.m2e.maven.runtime_3.9.1200.20260112-2306\jars\plexus-component-annotations-2.2.0.jar
2026-05-03 20:00:54,523 [Worker-102: Web App 'urbanflow-district-service' deployment] INFO  o.eclipse.m2e.core.internal.Bundles - 	Entry: C:\Users\hp\.p2\pool\plugins\org.eclipse.m2e.maven.runtime_3.9.1200.20260112-2306\jars\plexus-interpolation-1.29.jar
2026-05-03 20:00:54,524 [Worker-102: Web App 'urbanflow-district-service' deployment] INFO  o.eclipse.m2e.core.internal.Bundles - 	Entry: C:\Users\hp\.p2\pool\plugins\org.eclipse.m2e.maven.runtime_3.9.1200.20260112-2306\jars\plexus-sec-dispatcher-2.0.jar
2026-05-03 20:00:54,524 [Worker-102: Web App 'urbanflow-district-service' deployment] INFO  o.eclipse.m2e.core.internal.Bundles - 	Entry: C:\Users\hp\.p2\pool\plugins\org.eclipse.m2e.maven.runtime_3.9.1200.20260112-2306\jars\plexus-utils-3.6.0.jar
2026-05-03 20:00:54,524 [Worker-102: Web App 'urbanflow-district-service' deployment] INFO  o.eclipse.m2e.core.internal.Bundles - 	Entry: C:\Users\hp\.p2\pool\plugins\org.eclipse.m2e.maven.runtime_3.9.1200.20260112-2306\jars\wagon-file-3.5.3.jar
2026-05-03 20:00:54,525 [Worker-102: Web App 'urbanflow-district-service' deployment] INFO  o.eclipse.m2e.core.internal.Bundles - 	Entry: C:\Users\hp\.p2\pool\plugins\org.eclipse.m2e.maven.runtime_3.9.1200.20260112-2306\jars\wagon-http-3.5.3.jar
2026-05-03 20:00:54,525 [Worker-102: Web App 'urbanflow-district-service' deployment] INFO  o.eclipse.m2e.core.internal.Bundles - 	Entry: C:\Users\hp\.p2\pool\plugins\org.eclipse.m2e.maven.runtime_3.9.1200.20260112-2306\jars\wagon-http-shared-3.5.3.jar
2026-05-03 20:00:54,527 [Worker-102: Web App 'urbanflow-district-service' deployment] INFO  o.eclipse.m2e.core.internal.Bundles - 	Entry: C:\Users\hp\.p2\pool\plugins\org.eclipse.m2e.maven.runtime_3.9.1200.20260112-2306\jars\wagon-provider-api-3.5.3.jar
2026-05-03 20:00:54,530 [Worker-102: Web App 'urbanflow-district-service' deployment] INFO  o.eclipse.m2e.core.internal.Bundles - getClasspathEntries(Bundle=com.google.guava_33.5.0.jre [18])
2026-05-03 20:00:54,532 [Worker-102: Web App 'urbanflow-district-service' deployment] INFO  o.eclipse.m2e.core.internal.Bundles - 	Entry: C:\Users\hp\.p2\pool\plugins\com.google.guava_33.5.0.jre.jar
2026-05-03 20:00:54,532 [Worker-102: Web App 'urbanflow-district-service' deployment] INFO  o.eclipse.m2e.core.internal.Bundles - getClasspathEntries(Bundle=slf4j.api_2.0.17 [1013])
2026-05-03 20:00:54,534 [Worker-102: Web App 'urbanflow-district-service' deployment] INFO  o.eclipse.m2e.core.internal.Bundles - 	Entry: C:\Users\hp\.p2\pool\plugins\slf4j.api_2.0.17.jar
2026-05-03 20:00:54,534 [Worker-102: Web App 'urbanflow-district-service' deployment] INFO  o.eclipse.m2e.core.internal.Bundles - getClasspathEntries(Bundle=jakarta.inject.jakarta.inject-api_1.0.5 [35])
2026-05-03 20:00:54,536 [Worker-102: Web App 'urbanflow-district-service' deployment] INFO  o.eclipse.m2e.core.internal.Bundles - 	Entry: C:\Users\hp\.p2\pool\plugins\jakarta.inject.jakarta.inject-api_1.0.5.jar
2026-05-03 20:00:54,536 [Worker-102: Web App 'urbanflow-district-service' deployment] INFO  o.eclipse.m2e.core.internal.Bundles - getClasspathEntries(Bundle=jakarta.annotation-api_1.3.5 [31])
2026-05-03 20:00:54,537 [Worker-102: Web App 'urbanflow-district-service' deployment] INFO  o.eclipse.m2e.core.internal.Bundles - 	Entry: C:\Users\hp\.p2\pool\plugins\jakarta.annotation-api_1.3.5.jar
2026-05-03 20:00:54,537 [Worker-102: Web App 'urbanflow-district-service' deployment] INFO  o.eclipse.m2e.core.internal.Bundles - getClasspathEntries(Bundle=org.apache.commons.cli_1.11.0 [83])
2026-05-03 20:00:54,538 [Worker-102: Web App 'urbanflow-district-service' deployment] INFO  o.eclipse.m2e.core.internal.Bundles - 	Entry: C:\Users\hp\.p2\pool\plugins\org.apache.commons.cli_1.11.0.jar
2026-05-03 20:00:54,538 [Worker-102: Web App 'urbanflow-district-service' deployment] INFO  o.eclipse.m2e.core.internal.Bundles - getClasspathEntries(Bundle=org.apache.commons.commons-codec_1.21.0 [85])
2026-05-03 20:00:54,539 [Worker-102: Web App 'urbanflow-district-service' deployment] INFO  o.eclipse.m2e.core.internal.Bundles - 	Entry: C:\Users\hp\.p2\pool\plugins\org.apache.commons.commons-codec_1.21.0.jar
2026-05-03 20:00:54,539 [Worker-102: Web App 'urbanflow-district-service' deployment] INFO  o.eclipse.m2e.core.internal.Bundles - getClasspathEntries(Bundle=com.google.guava.failureaccess_1.0.3 [19])
2026-05-03 20:00:54,540 [Worker-102: Web App 'urbanflow-district-service' deployment] INFO  o.eclipse.m2e.core.internal.Bundles - 	Entry: C:\Users\hp\.p2\pool\plugins\com.google.guava.failureaccess_1.0.3.jar
2026-05-03 20:00:54,543 [Worker-102: Web App 'urbanflow-district-service' deployment] INFO  o.e.m.i.launch.MavenLaunchDelegate - Run build in "C:\Users\hp\Desktop\CMP404 Urban Flow Project\districtservice":
2026-05-03 20:00:54,543 [Worker-102: Web App 'urbanflow-district-service' deployment] INFO  o.e.m.i.launch.MavenLaunchDelegate -  mvn  -B -Dstyle.color=always package
